Address,Is POH User,Timestamp,Total Holding (sDAI)
0x56cf0ff00fd6cfb23ce964c6338b228b0fa76640,No,1729113968,"307,480.627"
0x56c26dc77917c1209676808702ef6183a7b76f32,No,1729113968,"94,127.926"
0x2ff064d951996c9fe70d6ba22d8684f37b2e24ec,No,1729113968,"58,527.914"
0xeb77a109a1adb1835f6f52a5da8055448e65b1e5,No,1729113968,"54,688.083"
0x3254ac19afd4356c9c50598ab7996ab46304385b,No,1729113968,"44,598.595"
0x81bd14a2c8acfc973edfd35c5e1a66131b754688,No,1729113968,"11,468.093"
0xbff4d6ec1bba8faabb1723c32e8757603ec5ea24,No,1729113968,"8,417.436"
0x93676bc5dec9a7e0b425bf70196bb82c9916502c,No,1729113968,"8,193.849"
0x2a9f44cc82d0ff52308db33641b1946db38655bf,No,1729113968,"7,499.409"
0x871c1f6e358e6734bb35127bdb6ab0a50c31aa6c,No,1729113968,"7,413.763"
0xc79287fbb42ef72ebc12080adfff4b7585feb3a4,No,1729113968,"6,614.033"
0xfbee8ed892454fd559e67a2cffa89378f589654a,No,1729113968,"5,166.269"
0x259888a7e50ce80c065960d2652f6e04178ecee9,No,1729113968,"4,335.323"
0x14b984bd9cd0045aee6eb39039b2254850a229c4,No,1729113968,"1,638.33"
0x55122fdca4ba43294677d96c12ce76dabc459a2b,No,1729113968,"1,177.675"
0x5c16873795d083fab71d4cbf5b073d22cf38f659,No,1729113968,981.29
0x04a9edd12ed304efb5e5fe83109a65e8e84799c3,No,1729113968,784.679
0x06805c26bc4d33e6c5492a3271edf8c8f115e102,No,1729113968,703.806
0x3a42086e4c2511e502c0b6ca87e35c8455388d39,No,1729113968,587.869
0xe7f13052fe2ba7d038dac18de5e730542e3979bc,Yes,1729113968,232.585
0x6687c671980e65ebd722b9146fc61e2471558dd6,Yes,1729113968,99.287
0x09f0d730696899de00988166aba081bd3aba3e72,No,1729113968,41.567
0x7b2e78d4dfaaba045a167a70da285e30e8fca196,No,1729113968,15.371
0x770569f85346b971114e11e4bb5f7ac776673469,No,1729113968,14.664
0xd14eb612c81e87c7861b458914ed78a1dc1ab3cf,Yes,1729113968,13.423
0xef364e390ff3f326e3153d0b9c4b944db42155e5,No,1729113968,8.275
0xab06ff77044db8a5a48f1b49833d87abfaebad09,No,1729113968,6.542
0x1cb3a5bd0ea5af39443a822ed34afc8ccb6a901c,No,1729113968,5.404
0xefb8e220f012241a00f5dae4a5b2c473a742a63a,No,1729113968,4.808
0xf7fd79d831c82a717f2094a2aece4422b41441ff,No,1729113968,3.625
0x187e0966046da5b110fdc986c9b94bd8416837af,No,1729113968,2.479
0x33a0b5d7da5314594d2c163d448030b9f1cadcb2,No,1729113968,2.013
0xd6a2a456b48836f38ace550c59c421ca24f1681a,No,1729113968,1.618
0xda02dfb7fe45a1f8f98f2783c3b837a65d40af01,No,1729113968,0.189
0x892bef8fe252b1678cdb581822727c2d4537826b,No,1729113968,0.041
0x617512fa7d3fd26bda51b9ac8c23b04a48d625f1,No,1729113968,0.037
0xabddc883e535689ba6eb719fabd4efb42bc0b35a,No,1729113968,0.011
0xcaf9ade1fddf1b31d490a4629ada638d104e9543,No,1729113968,0.001
0x9008d19f58aabd9ed0d60971565aa8510560ab41,No,1729113968,0.001
0x56cf0ff00fd6cfb23ce964c6338b228b0fa76640,No,1729198348,"308,020.968"
0x56c26dc77917c1209676808702ef6183a7b76f32,No,1729198348,"94,127.926"
0x2ff064d951996c9fe70d6ba22d8684f37b2e24ec,No,1729198348,"58,616.482"
0xeb77a109a1adb1835f6f52a5da8055448e65b1e5,No,1729198348,"54,872.213"
0x3254ac19afd4356c9c50598ab7996ab46304385b,No,1729198348,"43,955.507"
0x81bd14a2c8acfc973edfd35c5e1a66131b754688,No,1729198348,"11,462.999"
0xbff4d6ec1bba8faabb1723c32e8757603ec5ea24,No,1729198348,"8,443.744"
0x93676bc5dec9a7e0b425bf70196bb82c9916502c,No,1729198348,"8,219.458"
0x2a9f44cc82d0ff52308db33641b1946db38655bf,No,1729198348,"7,644.66"
0x871c1f6e358e6734bb35127bdb6ab0a50c31aa6c,No,1729198348,"7,413.763"
0xc79287fbb42ef72ebc12080adfff4b7585feb3a4,No,1729198348,"6,611.095"
0xfbee8ed892454fd559e67a2cffa89378f589654a,No,1729198348,"5,163.974"
0x259888a7e50ce80c065960d2652f6e04178ecee9,No,1729198348,"4,335.323"
0x14b984bd9cd0045aee6eb39039b2254850a229c4,No,1729198348,"1,637.602"
0x09f0d730696899de00988166aba081bd3aba3e72,No,1729198348,"1,332.962"
0x55122fdca4ba43294677d96c12ce76dabc459a2b,No,1729198348,"1,181.331"
0x5c16873795d083fab71d4cbf5b073d22cf38f659,No,1729198348,984.357
0x04a9edd12ed304efb5e5fe83109a65e8e84799c3,No,1729198348,784.679
0x06805c26bc4d33e6c5492a3271edf8c8f115e102,No,1729198348,703.806
0x3a42086e4c2511e502c0b6ca87e35c8455388d39,No,1729198348,589.707
0x5a406f319a752c9f6b0cae572fe30a573e77f146,No,1729198348,304.01
0xe7f13052fe2ba7d038dac18de5e730542e3979bc,Yes,1729198348,232.585
0x6687c671980e65ebd722b9146fc61e2471558dd6,Yes,1729198348,99.443
0x6428178a1324896bd8ea897565d909945da33ee9,No,1729198348,17.858
0x7b2e78d4dfaaba045a167a70da285e30e8fca196,No,1729198348,15.384
0x770569f85346b971114e11e4bb5f7ac776673469,No,1729198348,14.71
0xd14eb612c81e87c7861b458914ed78a1dc1ab3cf,Yes,1729198348,13.465
0xef364e390ff3f326e3153d0b9c4b944db42155e5,No,1729198348,8.275
0xab06ff77044db8a5a48f1b49833d87abfaebad09,No,1729198348,6.539
0xd97beffdf558b269257feba5df111ab718b71e24,No,1729198348,5.749
0x1cb3a5bd0ea5af39443a822ed34afc8ccb6a901c,No,1729198348,5.421
0xefb8e220f012241a00f5dae4a5b2c473a742a63a,No,1729198348,4.82
0xf7fd79d831c82a717f2094a2aece4422b41441ff,No,1729198348,3.636
0x187e0966046da5b110fdc986c9b94bd8416837af,No,1729198348,2.516
0x33a0b5d7da5314594d2c163d448030b9f1cadcb2,No,1729198348,2.018
0xd6a2a456b48836f38ace550c59c421ca24f1681a,No,1729198348,1.62
0xda02dfb7fe45a1f8f98f2783c3b837a65d40af01,No,1729198348,0.19
0x892bef8fe252b1678cdb581822727c2d4537826b,No,1729198348,0.041
0x617512fa7d3fd26bda51b9ac8c23b04a48d625f1,No,1729198348,0.037
0xabddc883e535689ba6eb719fabd4efb42bc0b35a,No,1729198348,0.011
0x9008d19f58aabd9ed0d60971565aa8510560ab41,No,1729198348,0.001
0xcaf9ade1fddf1b31d490a4629ada638d104e9543,No,1729198348,0.001
0x56cf0ff00fd6cfb23ce964c6338b228b0fa76640,No,1729458878,"306,685.348"
0x56c26dc77917c1209676808702ef6183a7b76f32,No,1729458878,"83,942.134"
0xeb77a109a1adb1835f6f52a5da8055448e65b1e5,No,1729458878,"67,519.075"
0x2ff064d951996c9fe70d6ba22d8684f37b2e24ec,No,1729458878,"56,763.762"
0x3254ac19afd4356c9c50598ab7996ab46304385b,No,1729458878,"28,326.427"
0x259888a7e50ce80c065960d2652f6e04178ecee9,No,1729458878,"15,840.66"
0x55122fdca4ba43294677d96c12ce76dabc459a2b,No,1729458878,"11,942.104"
0x81bd14a2c8acfc973edfd35c5e1a66131b754688,No,1729458878,"11,109.636"
0xbff4d6ec1bba8faabb1723c32e8757603ec5ea24,No,1729458878,"8,680.859"
0x93676bc5dec9a7e0b425bf70196bb82c9916502c,No,1729458878,"8,449.703"
0x2a9f44cc82d0ff52308db33641b1946db38655bf,No,1729458878,"7,644.66"
0x871c1f6e358e6734bb35127bdb6ab0a50c31aa6c,No,1729458878,"7,413.763"
0xc79287fbb42ef72ebc12080adfff4b7585feb3a4,No,1729458878,"6,407.299"
0x04a9edd12ed304efb5e5fe83109a65e8e84799c3,No,1729458878,"6,216.756"
0xfbee8ed892454fd559e67a2cffa89378f589654a,No,1729458878,"5,004.787"
0x14b984bd9cd0045aee6eb39039b2254850a229c4,No,1729458878,"1,587.121"
0x09f0d730696899de00988166aba081bd3aba3e72,No,1729458878,"1,370.394"
0x3a42086e4c2511e502c0b6ca87e35c8455388d39,No,1729458878,"1,163.614"
0xbf53ea8b64fe1ae3773b991ac5c865ef7bbb65ea,No,1729458878,"1,074.639"
0x5c16873795d083fab71d4cbf5b073d22cf38f659,No,1729458878,"1,012"
0x06805c26bc4d33e6c5492a3271edf8c8f115e102,No,1729458878,591.634
0xec9048b59b3467415b1a38f63416407ea0c70fb8,No,1729458878,448.911
0x5a406f319a752c9f6b0cae572fe30a573e77f146,No,1729458878,304.01
0xe7f13052fe2ba7d038dac18de5e730542e3979bc,Yes,1729458878,237.472
0x6687c671980e65ebd722b9146fc61e2471558dd6,Yes,1729458878,101.887
0x85c6737ada32ed46066f45d28a612b7647c66410,Yes,1729458878,39.269
0x6428178a1324896bd8ea897565d909945da33ee9,No,1729458878,17.308
0x7b2e78d4dfaaba045a167a70da285e30e8fca196,No,1729458878,15.187
0x770569f85346b971114e11e4bb5f7ac776673469,No,1729458878,15.123
0xd14eb612c81e87c7861b458914ed78a1dc1ab3cf,Yes,1729458878,13.843
0x187e0966046da5b110fdc986c9b94bd8416837af,No,1729458878,8.429
0xab06ff77044db8a5a48f1b49833d87abfaebad09,No,1729458878,6.479
0xd97beffdf558b269257feba5df111ab718b71e24,No,1729458878,5.91
0x1cb3a5bd0ea5af39443a822ed34afc8ccb6a901c,No,1729458878,5.573
0xef364e390ff3f326e3153d0b9c4b944db42155e5,No,1729458878,5.565
0xefb8e220f012241a00f5dae4a5b2c473a742a63a,No,1729458878,5.493
0x5dce0b2f2bc6a806ad1ee43bcee0edd86877025c,No,1729458878,3.049
0x33a0b5d7da5314594d2c163d448030b9f1cadcb2,No,1729458878,2.045
0xd6a2a456b48836f38ace550c59c421ca24f1681a,No,1729458878,1.609
0xda02dfb7fe45a1f8f98f2783c3b837a65d40af01,No,1729458878,0.195
0x892bef8fe252b1678cdb581822727c2d4537826b,No,1729458878,0.04
0x617512fa7d3fd26bda51b9ac8c23b04a48d625f1,No,1729458878,0.038
0xabddc883e535689ba6eb719fabd4efb42bc0b35a,No,1729458878,0.011
0x9008d19f58aabd9ed0d60971565aa8510560ab41,No,1729458878,0.001
0xcaf9ade1fddf1b31d490a4629ada638d104e9543,No,1729458878,0.001
0x56cf0ff00fd6cfb23ce964c6338b228b0fa76640,No,1729941094,"324,855.25"
0x2ff064d951996c9fe70d6ba22d8684f37b2e24ec,No,1729941094,"94,097.372"
0x56c26dc77917c1209676808702ef6183a7b76f32,No,1729941094,"81,850.783"
0xeb77a109a1adb1835f6f52a5da8055448e65b1e5,No,1729941094,"66,715.967"
0x3254ac19afd4356c9c50598ab7996ab46304385b,No,1729941094,"57,759.674"
0x29d574bcff5c763848c6594bf708cb3e6d4b2739,No,1729941094,"24,824.196"
0x55122fdca4ba43294677d96c12ce76dabc459a2b,No,1729941094,"13,660.189"
0x259888a7e50ce80c065960d2652f6e04178ecee9,No,1729941094,"11,477.183"
0xbff4d6ec1bba8faabb1723c32e8757603ec5ea24,No,1729941094,"9,929.756"
0x93676bc5dec9a7e0b425bf70196bb82c9916502c,No,1729941094,"9,665.344"
0x81bd14a2c8acfc973edfd35c5e1a66131b754688,No,1729941094,"9,085.199"
0x2a9f44cc82d0ff52308db33641b1946db38655bf,No,1729941094,"7,644.66"
0x871c1f6e358e6734bb35127bdb6ab0a50c31aa6c,No,1729941094,"7,451.871"
0x04a9edd12ed304efb5e5fe83109a65e8e84799c3,No,1729941094,"5,319.898"
0xc79287fbb42ef72ebc12080adfff4b7585feb3a4,No,1729941094,"5,239.738"
0xfbee8ed892454fd559e67a2cffa89378f589654a,No,1729941094,"4,092.797"
0xb772412857f3309f392a3646cec8b3f06cfa7dbd,No,1729941094,"4,001.45"
0x09f0d730696899de00988166aba081bd3aba3e72,No,1729941094,"1,567.549"
0x14b984bd9cd0045aee6eb39039b2254850a229c4,No,1729941094,"1,297.91"
0xbf53ea8b64fe1ae3773b991ac5c865ef7bbb65ea,No,1729941094,"1,229.245"
0x5c16873795d083fab71d4cbf5b073d22cf38f659,Yes,1729941094,"1,157.594"
0x06805c26bc4d33e6c5492a3271edf8c8f115e102,No,1729941094,591.634
0xec9048b59b3467415b1a38f63416407ea0c70fb8,No,1729941094,367.109
0x5a406f319a752c9f6b0cae572fe30a573e77f146,No,1729941094,304.01
0x6687c671980e65ebd722b9146fc61e2471558dd6,Yes,1729941094,143.972
0x85c6737ada32ed46066f45d28a612b7647c66410,Yes,1729941094,34.443
0x187e0966046da5b110fdc986c9b94bd8416837af,No,1729941094,28.475
0x770569f85346b971114e11e4bb5f7ac776673469,No,1729941094,17.299
0xd14eb612c81e87c7861b458914ed78a1dc1ab3cf,Yes,1729941094,15.835
0x7b2e78d4dfaaba045a167a70da285e30e8fca196,No,1729941094,14.254
0x6428178a1324896bd8ea897565d909945da33ee9,No,1729941094,14.154
0xd97beffdf558b269257feba5df111ab718b71e24,No,1729941094,6.761
0x1cb3a5bd0ea5af39443a822ed34afc8ccb6a901c,No,1729941094,6.375
0xab06ff77044db8a5a48f1b49833d87abfaebad09,No,1729941094,5.872
0xef364e390ff3f326e3153d0b9c4b944db42155e5,No,1729941094,5.565
0xd6a2a456b48836f38ace550c59c421ca24f1681a,No,1729941094,5.245
0xefb8e220f012241a00f5dae4a5b2c473a742a63a,No,1729941094,3.915
0x5dce0b2f2bc6a806ad1ee43bcee0edd86877025c,No,1729941094,3.488
0x33a0b5d7da5314594d2c163d448030b9f1cadcb2,No,1729941094,2.196
0x93117c404dd08720da88ea1b48799f87e8d03190,No,1729941094,2.069
0x9eb6d10f75b364662313ee3099173dc3ac4048c9,No,1729941094,0.324
0xda02dfb7fe45a1f8f98f2783c3b837a65d40af01,No,1729941094,0.223
0x617512fa7d3fd26bda51b9ac8c23b04a48d625f1,No,1729941094,0.044
0x892bef8fe252b1678cdb581822727c2d4537826b,No,1729941094,0.033
0xabddc883e535689ba6eb719fabd4efb42bc0b35a,No,1729941094,0.013
0x9008d19f58aabd9ed0d60971565aa8510560ab41,No,1729941094,0.002
0xcaf9ade1fddf1b31d490a4629ada638d104e9543,No,1729941094,0.001
0x56cf0ff00fd6cfb23ce964c6338b228b0fa76640,No,1730515249,"334,848.652"
0x3254ac19afd4356c9c50598ab7996ab46304385b,No,1730515249,"76,663.003"
0x56c26dc77917c1209676808702ef6183a7b76f32,No,1730515249,"59,706.858"
0xeb77a109a1adb1835f6f52a5da8055448e65b1e5,No,1730515249,"53,202.433"
0x29d574bcff5c763848c6594bf708cb3e6d4b2739,No,1730515249,"24,825.346"
0x2ff064d951996c9fe70d6ba22d8684f37b2e24ec,No,1730515249,"22,387.137"
0x11517f6ad7d598671e2efe52f385fe838be6095f,No,1730515249,"15,999.167"
0x259888a7e50ce80c065960d2652f6e04178ecee9,No,1730515249,"14,380.745"
0x55122fdca4ba43294677d96c12ce76dabc459a2b,No,1730515249,"12,765.749"
0x81bd14a2c8acfc973edfd35c5e1a66131b754688,No,1730515249,"9,519.79"
0xbff4d6ec1bba8faabb1723c32e8757603ec5ea24,No,1730515249,"9,281.465"
0x93676bc5dec9a7e0b425bf70196bb82c9916502c,No,1730515249,"9,032.239"
0x2a9f44cc82d0ff52308db33641b1946db38655bf,No,1730515249,"7,644.613"
0x871c1f6e358e6734bb35127bdb6ab0a50c31aa6c,No,1730515249,"7,338.404"
0x28abd3190674dc57e4d3bebeec22f78d121810d5,No,1730515249,"7,216.511"
0x04a9edd12ed304efb5e5fe83109a65e8e84799c3,No,1730515249,"5,836.435"
0xc79287fbb42ef72ebc12080adfff4b7585feb3a4,No,1730515249,"5,490.21"
0xfbee8ed892454fd559e67a2cffa89378f589654a,No,1730515249,"4,288.739"
0xb772412857f3309f392a3646cec8b3f06cfa7dbd,No,1730515249,"3,739.443"
0x09f0d730696899de00988166aba081bd3aba3e72,No,1730515249,"1,464.909"
0x14b984bd9cd0045aee6eb39039b2254850a229c4,No,1730515249,"1,359.968"
0xbf53ea8b64fe1ae3773b991ac5c865ef7bbb65ea,No,1730515249,"1,148.757"
0x5c16873795d083fab71d4cbf5b073d22cf38f659,Yes,1730515249,"1,086.121"
0x337176a1e3df5ccaa201e1ce7dedcd77bc34bf9e,No,1730515249,799.929
0x06805c26bc4d33e6c5492a3271edf8c8f115e102,No,1730515249,591.634
0xec9048b59b3467415b1a38f63416407ea0c70fb8,No,1730515249,385.509
0x3a42086e4c2511e502c0b6ca87e35c8455388d39,No,1730515249,344.734
0x5a406f319a752c9f6b0cae572fe30a573e77f146,No,1730515249,304.002
0x9eb6d10f75b364662313ee3099173dc3ac4048c9,No,1730515249,235.721
0x6687c671980e65ebd722b9146fc61e2471558dd6,Yes,1730515249,139.064
0xe082bda07536420401187ba7225ff5f56c30998b,No,1730515249,138.659
0x4735cb9fe8e3ee6d5f34f277af0fcb6442aa1894,No,1730515249,65.481
0x0e22e2cf9d80593947a340ca4248c7901c2cb9cb,No,1730515249,54.322
0x85c6737ada32ed46066f45d28a612b7647c66410,Yes,1730515249,35.714
0x4edca105188a0783ab3a6f09c50567d1e3f8591d,No,1730515249,33.371
0x187e0966046da5b110fdc986c9b94bd8416837af,No,1730515249,32.792
0x770569f85346b971114e11e4bb5f7ac776673469,No,1730515249,16.166
0x6428178a1324896bd8ea897565d909945da33ee9,No,1730515249,14.831
0xd14eb612c81e87c7861b458914ed78a1dc1ab3cf,Yes,1730515249,14.798
0x7b2e78d4dfaaba045a167a70da285e30e8fca196,No,1730515249,14.209
0x989d0901ab8ed1032987a7706b58a881589fccea,No,1730515249,8.335
0x1f5fae0615ee87196f229ea19d726d58846bdc0e,No,1730515249,7.417
0x5e7b645d5bf86750cb1913122ba8a8545e2a9fd1,No,1730515249,7.417
0xffa348ad78619bdfe461bb5d2c4c939197b09921,No,1730515249,7.417
0x25124024390ac79659ed699b087a3e748686df7b,No,1730515249,7.417
0x7765a81e13822f1bbcfd0aeedd6765f805a084b2,No,1730515249,7.417
0x70b0e653e50eff0109ba6b3b3d4f15453e49d311,No,1730515249,7.417
0xebfd6bc03cfabd6a97c4b0fe5ac3dc0f933e39a2,No,1730515249,7.417
0x6fdb1e4206d119555c3ac61ac20c76eb818fa567,No,1730515249,7.417
0xd74f45334c0a754e8d834e1990dab588cdb39140,No,1730515249,7.417
0xcba986c46f6908be6ee07bf868bb812978c32e08,No,1730515249,7.417
0x96103652ef1d66d7a8f3b66060d126d82a456f47,No,1730515249,7.417
0x6b5e43cccab7cb3f45200d2a38c47a269dd011a8,No,1730515249,7.417
0x750a9e546d348e323b8c0f98cf71ea806f37112b,No,1730515249,7.417
0x9e8b306eea4d50090ac0af1eeac79fcd531eb159,No,1730515249,7.417
0x3b33e186573649c9a6c6380f45246c516c150ee1,No,1730515249,7.417
0xb1b5296bcc9f9de90a676d36485cb30ecc46f900,No,1730515249,7.417
0x1a15c730fe686ecf8ba44e3f9b21d5389b55bfbf,No,1730515249,7.417
0xf94bfbd175219331f9ff323ea703ebd2a05fd33a,No,1730515249,7.417
0x001fe2cdbeeb0743679e958c0861dd8788b28b19,No,1730515249,7.417
0x6280dc842f55ecca9b7a7d490f892bd9adc4ab17,No,1730515249,7.417
0xa7cac6d048d42c48470cb93307e6898356a13320,No,1730515249,7.417
0x5d4adb6eca975bab50d2490ccdfe5d9cd1bf4882,No,1730515249,6.622
0x4d6caa3e0983fac7b514d60339ebb538c5a85aae,No,1730515249,6.508
0xd97beffdf558b269257feba5df111ab718b71e24,No,1730515249,6.318
0xab06ff77044db8a5a48f1b49833d87abfaebad09,No,1730515249,5.984
0x1cb3a5bd0ea5af39443a822ed34afc8ccb6a901c,No,1730515249,5.958
0xef364e390ff3f326e3153d0b9c4b944db42155e5,No,1730515249,5.565
0xda7ff40887846d5f014a076bf68133cd6f0f3379,No,1730515249,5.296
0xd6a2a456b48836f38ace550c59c421ca24f1681a,No,1730515249,4.976
0xd27cd4e2c3f168dbf9b4cfcd82664480973151e9,No,1730515249,4.855
0x5dce0b2f2bc6a806ad1ee43bcee0edd86877025c,No,1730515249,3.259
0xf035561dce033ded865e15e69db06cffc88d9213,No,1730515249,3.25
0xefb8e220f012241a00f5dae4a5b2c473a742a63a,No,1730515249,2.955
0x3cbbdc5e6b615eaf094d41fd0f4422c72bcbe8ff,Yes,1730515249,2.558
0x33a0b5d7da5314594d2c163d448030b9f1cadcb2,No,1730515249,2.093
0x93117c404dd08720da88ea1b48799f87e8d03190,No,1730515249,2.069
0xe18ff9d58b4deb8c17ccba79a87fbed548ab06b3,No,1730515249,0.872
0x7f162a87531a78ce2ca962a5d3dc82d2e0d22f96,No,1730515249,0.596
0xda02dfb7fe45a1f8f98f2783c3b837a65d40af01,No,1730515249,0.209
0x617512fa7d3fd26bda51b9ac8c23b04a48d625f1,No,1730515249,0.041
0x892bef8fe252b1678cdb581822727c2d4537826b,No,1730515249,0.034
0xabddc883e535689ba6eb719fabd4efb42bc0b35a,No,1730515249,0.012
0x9008d19f58aabd9ed0d60971565aa8510560ab41,No,1730515249,0.008
0xcaf9ade1fddf1b31d490a4629ada638d104e9543,No,1730515249,0.001
0x56cf0ff00fd6cfb23ce964c6338b228b0fa76640,No,1730899012,"385,732.87"
0x2ff064d951996c9fe70d6ba22d8684f37b2e24ec,No,1730899012,"133,714.443"
0x334f12afb7d8740868be04719639616533075234,No,1730899012,"83,701.162"
0x9eb6d10f75b364662313ee3099173dc3ac4048c9,No,1730899012,"6,910.072"
0x04a9edd12ed304efb5e5fe83109a65e8e84799c3,No,1730899012,"5,872.962"
0xb772412857f3309f392a3646cec8b3f06cfa7dbd,No,1730899012,"3,894.888"
0x7b2e78d4dfaaba045a167a70da285e30e8fca196,No,1730899012,"3,440.269"
0xbf53ea8b64fe1ae3773b991ac5c865ef7bbb65ea,No,1730899012,"1,196.51"
0x5c16873795d083fab71d4cbf5b073d22cf38f659,Yes,1730899012,"1,182.148"
0x09f0d730696899de00988166aba081bd3aba3e72,No,1730899012,491.841
0xec9048b59b3467415b1a38f63416407ea0c70fb8,No,1730899012,391.715
0xe082bda07536420401187ba7225ff5f56c30998b,No,1730899012,377.564
0x3a42086e4c2511e502c0b6ca87e35c8455388d39,No,1730899012,354.727
0x6687c671980e65ebd722b9146fc61e2471558dd6,Yes,1730899012,135.889
0xe7f13052fe2ba7d038dac18de5e730542e3979bc,Yes,1730899012,91.441
0x55122fdca4ba43294677d96c12ce76dabc459a2b,No,1730899012,83.306
0x4735cb9fe8e3ee6d5f34f277af0fcb6442aa1894,No,1730899012,61.634
0x0e22e2cf9d80593947a340ca4248c7901c2cb9cb,No,1730899012,52.533
0x187e0966046da5b110fdc986c9b94bd8416837af,No,1730899012,50.593
0x85c6737ada32ed46066f45d28a612b7647c66410,Yes,1730899012,45.305
0x4e100f387afe5451c24cb2e4e50e056be8bd238b,No,1730899012,39.51
0x770569f85346b971114e11e4bb5f7ac776673469,No,1730899012,23.06
0xe24f35fcc986f94d4cd7c93920a62bafae497db1,No,1730899012,18.481
0x4edca105188a0783ab3a6f09c50567d1e3f8591d,No,1730899012,15.932
0xd14eb612c81e87c7861b458914ed78a1dc1ab3cf,Yes,1730899012,15.413
0x6428178a1324896bd8ea897565d909945da33ee9,No,1730899012,15.069
0x989d0901ab8ed1032987a7706b58a881589fccea,No,1730899012,14.513
0x89c4acb8b5b5b8e5b2121934b9e143569a914c80,No,1730899012,12.492
0x23069f1978fe4d6ec88bf0b84bca2b39d3b285e1,No,1730899012,11.61
0xf739646dadc1e75bd4090ab98ae895c5327300dc,No,1730899012,11.5
0xaead6593710bf28bf4848b24f4ed1f130773d7e6,No,1730899012,10.483
0x5987b20bd89a829099a72653fd9c8d72a36775ba,No,1730899012,10.11
0x2a9f44cc82d0ff52308db33641b1946db38655bf,No,1730899012,9.979
0x28abd3190674dc57e4d3bebeec22f78d121810d5,No,1730899012,9.808
0x7d35849b2e48539661e705ee5899385944d82ab1,No,1730899012,9.675
0x5d4adb6eca975bab50d2490ccdfe5d9cd1bf4882,No,1730899012,9.631
0x871c1f6e358e6734bb35127bdb6ab0a50c31aa6c,No,1730899012,9.578
0x91fd26ec02642bed576d4f7efac19592568e12da,No,1730899012,9.433
0x90dafb210c44f4b72e591e7e2f583154290e5d83,No,1730899012,9.101
0x7ba8868efcc2f04bf9d1a9445d7843d7ae5dd1b4,No,1730899012,8.927
0x61520cc833313c4d4d4ed61e0dfca3b4923318c5,No,1730899012,8.844
0xcf3c78a77ff01b451a21301a522c48b92a029e70,No,1730899012,8.752
0xaaad392d9c7b9489c480f57c809d3209cf26c930,No,1730899012,8.645
0x1a15c730fe686ecf8ba44e3f9b21d5389b55bfbf,No,1730899012,8.559
0xe3ac17a0284ce1a551debafb0e57301c7226dbe9,No,1730899012,8.461
0x431f2b6e43bed4d845ac5d9b5d030dfc8987691d,No,1730899012,8.311
0x6555032a163641b5f7c9ba32f9543acef7a1559c,No,1730899012,8.22
0x5114c9e5872ef18e714530da9000c50a4df38629,No,1730899012,8.198
0x978a89b0178ea8054a99f5bddb0081ea6a3c27c3,No,1730899012,8.148
0x6280dc842f55ecca9b7a7d490f892bd9adc4ab17,No,1730899012,8.126
0x40ef22af7c049cafae144f341f8d44a46ade66b1,No,1730899012,8.067
0x1ca0a84230d73a986681b22391c198ad5887903c,No,1730899012,8.067
0x62efbbc99349456ae6cb45feaec6ee5b9f15883c,No,1730899012,8.067
0x128b83d86d41f2c0a2a549d70a8f5e255d2f9896,No,1730899012,8.067
0x9c64c4b1a9d2eb9fae60cd9fecf86557f584117b,No,1730899012,8.067
0xfc651a9e723a4da0e7eb264f6f73a680d9721f69,No,1730899012,8.067
0x5e7b645d5bf86750cb1913122ba8a8545e2a9fd1,No,1730899012,8.026
0x25124024390ac79659ed699b087a3e748686df7b,No,1730899012,8.026
0xf94bfbd175219331f9ff323ea703ebd2a05fd33a,No,1730899012,8.026
0x001fe2cdbeeb0743679e958c0861dd8788b28b19,No,1730899012,8.026
0x6841ccc2fa23efe3bbe98492f026756479e4a4ec,No,1730899012,8.026
0x9fbcbfdc3c66562113daba8b501d0d7d55e84688,No,1730899012,8.026
0xa63cb29de16607dd5ac18b6cb65bead58d04ac25,No,1730899012,8.026
0x68c0dd2b5a5df00bca4f7df8ca9b1425fe817728,No,1730899012,8.026
0x23d2874d56bba76af9866604c76fc5347058aad7,No,1730899012,8.026
0x29397b5b81579504c446e8e86c88196491be5ec5,No,1730899012,8.026
0x9ac5f8c48ade024a006206ca5ebd06f275f243ec,No,1730899012,8.026
0x1520ab7dd2ca282fca2810cb7df071c9de3e2f5c,No,1730899012,8.026
0x31287a933b2e153654105013d595dcbd6664fcf9,No,1730899012,8.026
0x7cd192ff8e2e3e5bf8b5e85f858c0f83e22f771d,No,1730899012,8.026
0xd2946cb43fd692f8776be5c91dc523aa3fe69f1d,No,1730899012,8.026
0xe6a46ea30a1ef48e8ab2179a203c137702147073,No,1730899012,8.026
0xe69d81fad86ac5295a1261930c19e7ad009aa52e,No,1730899012,8.026
0xc7b6717c5c30a5645ba308afd2b0df42b850d8e3,No,1730899012,8.026
0xc7baf12d871f26b09dfa61a6e9e3b2eaef7a159a,No,1730899012,8.026
0x09a2aa22db9f97aabd3da897b156d944c8c50e0f,No,1730899012,8.026
0x75f04fbf12ed979873db692eab1a904abe1e2f32,No,1730899012,8.026
0x409ad638c059375de57d455b78520470ed13f282,No,1730899012,8.026
0x8c0733ba6295af19ae294c19b34e7d163acc7197,No,1730899012,8.026
0x75202586d58c8d2ed726b4abdcda3ecdd91c1e34,No,1730899012,8.026
0x91dc3d24895bb29033cbbf48ed6b5f7b0510d83c,No,1730899012,8.026
0x1d6b8e5fa836c7d5846fb76f188b008c10b67ba5,No,1730899012,8.026
0x5bf79c7bf66a6aa75f4fef4004bc7d527fdf8250,No,1730899012,8.026
0x74aadf1281a7f5546e13f17de5101a310a33bf3f,No,1730899012,8.026
0x683132fe975fac296f21919d625a94a4a86f6fa6,No,1730899012,8.026
0xb7806b30034cc8d13390aa0b713dc0c326cd4358,No,1730899012,8.026
0x4ddcdfbef53747089cab9d775aa461e7a088ff3c,No,1730899012,8.026
0xd50ea36556e1c9abece88a1d9ad5b38261ab515b,No,1730899012,8.026
0x0182518980f999ad0c9527d864c15492ab3beeae,No,1730899012,8.026
0x9ac0605353f447a49845365ded45fc57e609a319,No,1730899012,8.026
0x327c7b1e4bcaa69afa029f042dda3722e3ed74c1,No,1730899012,8.026
0x15923b51ecc5de696d67a85d2a493908c750b237,No,1730899012,8.026
0xaeeb3b86314009f5ee315c49414646a1f5709d1c,No,1730899012,8.026
0x441e1e47a6fa2dbfd3cd9b54291e9ab3a58d7975,No,1730899012,8.026
0xb9385eb2b944370adcdc22af45ace6140bda6225,No,1730899012,8.026
0x380e7360085407892f33da521dfb01da82b5f2be,No,1730899012,8.026
0xeaf1eb60c3359b12d501d23a372256846ddbff8d,No,1730899012,8.026
0x9c1a52b599cf652701b41bf137ae022a894b5ea3,No,1730899012,8.026
0xc0dd5675528d8d9f05afe601df6ebda59e2a6733,No,1730899012,8.026
0x41aeb883a0073527e5f5653423cbd59339154a72,No,1730899012,8.026
0x41cd6228341ea33e8d9659f09bf0e5aadc54c5e7,Yes,1730899012,8.026
0x6bc8679c27b49cc4be2c8faf9906bc0465727cf3,No,1730899012,8.026
0x5ac691d7b535cbb755de910123c656ac407f6f29,No,1730899012,8.026
0xf7d7d7dacb1215fba1f6cdd1361092796680cf4f,No,1730899012,8.026
0x1f5fae0615ee87196f229ea19d726d58846bdc0e,No,1730899012,8.026
0x9d9e26932d012b2ab21b974fe1552f4025b1e1cc,No,1730899012,8.026
0xf8d97b0de945bb3ec6d634e0fdc48b6a3b9fcb1f,No,1730899012,8.026
0x8f8be6f1eac8432e3f0e460402fcb358311a86d4,No,1730899012,8.026
0x0eb682c54bb74e0fb37894e4f0b02127e5fb865f,No,1730899012,8.026
0x4ca2a670bd5505b870b21331a53d9bb4ae6e2084,No,1730899012,8.026
0x56f446074d3dc521786ea456e725775819e260cb,No,1730899012,8.026
0x84d766fb6c86dd8983e5cab3d17e6630c278277e,No,1730899012,8.026
0xe3cd70be09c3a45b73ff5d7cfe37f8b5309ebbdc,No,1730899012,8.026
0x31a026bbd8ddc0f95ad827c17c37c0d8fc25d3ff,No,1730899012,8.026
0x79cda2b2fa8b3c080da06ddce3416b8e4b7c1b14,No,1730899012,8.026
0xd51aea4a4ba241ded4112c017d73c976a967139f,No,1730899012,8.026
0x3975f79ce2cae19b8d4d5e1f4b134e241bf6f10a,No,1730899012,8.026
0x1ce34e220bd710d1a84a135f345b650cc7770e9f,No,1730899012,8.026
0x68bf9733a1b5688feb430b1d200b2299c74885b1,No,1730899012,8.026
0x717f0a9ee93fde2ae196b61b51fda5b892c02b3d,No,1730899012,8.026
0x0c4f8ccbb4cf9c2ee568e33f21c807b1931726e4,No,1730899012,8.014
0x71044ae277bac65c4dfcd598d07a60fc6810fb8e,No,1730899012,7.917
0xf28a1ff4cd9b579b55195cb9528ef8f7a8b10a33,No,1730899012,7.889
0x470ba0f3bc80d88d3cd9cfd28dd125da0e545993,No,1730899012,7.81
0x224623eeb6fadb6ff76f5be4b570ee06ee282868,No,1730899012,7.644
0x461cbd5765360733a02d4571591d54c8b8a517ea,No,1730899012,7.494
0xca5c758a8b9892a3e1b745f2039efa9491c18f7a,No,1730899012,7.432
0x4d6caa3e0983fac7b514d60339ebb538c5a85aae,No,1730899012,7.178
0xdbd5e2bf0e87a6361bd0b587cc4c0b3fcf5dc259,No,1730899012,7.101
0x82b1c5ffa4fe976869b4156c90073a8b719d671a,No,1730899012,7.028
0x5700f03f87db485fdb90e18b3100f00b235886f1,No,1730899012,6.82
0x0ad6b75e864892f661c48f578ad95a21638e13e7,No,1730899012,6.615
0xd97beffdf558b269257feba5df111ab718b71e24,No,1730899012,6.581
0xce9164fcbae8e469a0dba805b5310eb1c531690b,No,1730899012,6.546
0x4b29ce2f88adde97c71207768c580a29cfc9be08,No,1730899012,6.337
0x1cb3a5bd0ea5af39443a822ed34afc8ccb6a901c,No,1730899012,6.206
0x245bd6b5d8f494df8256ae44737a1e5d59769ab4,No,1730899012,6.116
0x3b65b655cec1533b677cdf1c493a75d904de0406,No,1730899012,6.116
0x74422aea0886e590ca53537de3ef78f47be368a8,No,1730899012,6.116
0x6c1d079f0dea5e7db77590e17eb8be48c490d373,Yes,1730899012,6.116
0x7765a81e13822f1bbcfd0aeedd6765f805a084b2,No,1730899012,6.116
0x761f24ca62486b98f259837542964aa18c176358,No,1730899012,6.116
0x298c506e1a3bd03064f49188948768cb11b26435,No,1730899012,6.116
0xab06ff77044db8a5a48f1b49833d87abfaebad09,No,1730899012,6.014
0xa7cac6d048d42c48470cb93307e6898356a13320,No,1730899012,6.004
0x70b0e653e50eff0109ba6b3b3d4f15453e49d311,No,1730899012,5.855
0x750a9e546d348e323b8c0f98cf71ea806f37112b,No,1730899012,5.831
0x62872c62d5087294e4dd4d47012e51e71ceb1745,No,1730899012,5.772
0xb235c33eaedbd96271f03154baa0fa4809f023ca,No,1730899012,5.628
0x761e1ea4b9bfde475b0196a595d2e20845e50c8d,No,1730899012,5.601
0xb9e61ea87e165f038ee73a1492564fe6c81ed776,No,1730899012,5.6
0xd4f0e5a2d37e0159789470711c3c6e6d9dae12d7,No,1730899012,5.595
0x12a491e92dd8d6de3aadef21c4dda3a1d6a3a1cb,No,1730899012,5.576
0xffa348ad78619bdfe461bb5d2c4c939197b09921,No,1730899012,5.544
0x71b40c1c502e4bea83a90dddb94f82f16582b044,No,1730899012,5.461
0xdf4beb2691ade973c0ef6a55b3c55f2edb69208d,No,1730899012,5.44
0xd27cd4e2c3f168dbf9b4cfcd82664480973151e9,No,1730899012,5.421
0xc8747abc6a88bbd20939d83e36295b4defb3989c,No,1730899012,5.398
0xb4b88049a0ac431023e00a7e31cec9d30616505e,No,1730899012,5.398
0x10c895bf7d9f895cd648448d35f89b23b15dd1a5,No,1730899012,5.333
0x8560b084cbb92df9f8961a5e11a0fe28eca37216,No,1730899012,5.257
0xd05eb495d3839397ca087221e3667a0fa2a6c9bc,No,1730899012,5.213
0x026c8ae096ebd22f2f6ce84de9ebf96e5a7887db,No,1730899012,5.196
0xc30b175dfd20cf4a34c661e3b145b3ac7938230a,No,1730899012,5.186
0x97188c8755443868f150ca2ed307671e7d686744,No,1730899012,5.179
0x8196888886836cb8a6ba4248fe195e31479503d8,No,1730899012,5.175
0x96103652ef1d66d7a8f3b66060d126d82a456f47,No,1730899012,5.174
0x5b328c5a0b9f2b02c6787de34dd854ab2d6ea3e5,No,1730899012,5.173
0xa187408c461f382314c873a2725819ad0ff19d63,No,1730899012,5.165
0x6e590863f9b04189e0d5143eb41367b96dc151ca,No,1730899012,5.161
0xd6a2a456b48836f38ace550c59c421ca24f1681a,No,1730899012,5.158
0xda7ff40887846d5f014a076bf68133cd6f0f3379,No,1730899012,5.127
0x1afbcd54aff10fdf0c2e7de4cde86b3e75a3e4e7,No,1730899012,5.05
0x57356618fff9f4bf3c87fa55594f61d5b8d37f57,No,1730899012,5.038
0xd74f45334c0a754e8d834e1990dab588cdb39140,No,1730899012,5.034
0x3b33e186573649c9a6c6380f45246c516c150ee1,No,1730899012,5.027
0xb1b5296bcc9f9de90a676d36485cb30ecc46f900,No,1730899012,5.025
0x95ec1c92ca79b3e0fc7599f4d02f60c68fc81b0b,No,1730899012,4.958
0xce0d183b410a53144ef3fc60931911d5ae9f00e6,Yes,1730899012,4.958
0x9026a44fb446da394f5810fdb4708a7879cebe34,No,1730899012,4.936
0xcba986c46f6908be6ee07bf868bb812978c32e08,No,1730899012,4.923
0xe5dd78c224f26e306c84a9b1aa2def30bdf15835,No,1730899012,4.923
0x6b5e43cccab7cb3f45200d2a38c47a269dd011a8,No,1730899012,4.887
0x4bb51eb3588358ba59e005b4c5474a2cff7355b7,Yes,1730899012,4.848
0x0a2ff9935e17df1c664201557f1e5e7f3473a68f,No,1730899012,4.831
0xebfd6bc03cfabd6a97c4b0fe5ac3dc0f933e39a2,No,1730899012,4.818
0x9e4439fcf15fae67bd01a590e468912cb70b9c91,No,1730899012,4.782
0x911d9369874711363dd5ea1aa7a4d1d089b595a4,No,1730899012,4.768
0x6a6032ca59500cb2ecea4997d65521afbc3cf120,No,1730899012,4.74
0xdfc2ad6492faa517b5572f9fa61716d4f9d121ed,No,1730899012,4.667
0x3cbbdc5e6b615eaf094d41fd0f4422c72bcbe8ff,Yes,1730899012,4.591
0xe5c3aabac09838405b82b10b4ddae5a48ae57f9d,No,1730899012,4.51
0x3dcde3990c781cec4921af8a0bae1820f649e2c0,No,1730899012,4.451
0x6fdb1e4206d119555c3ac61ac20c76eb818fa567,No,1730899012,4.444
0xe5d50c7af6c9c0c36e270f6ce8467bef7e27a443,No,1730899012,4.33
0x12c8585b54220fb7b59599b51f76cac4e12f55fe,No,1730899012,4.327
0xece039bd21e3910187af408909b6529c629ec8e5,No,1730899012,4.277
0x8d4d39d2e3104876a0c5fa11efe02597613d2a79,No,1730899012,4.254
0x6fa544cddd47329d3b8cee3c37a759c2f676968c,No,1730899012,4.249
0xd2c04f656448e78b178d6cc3b2ccf91de6ae7f39,No,1730899012,4.066
0x5bd07249115373c2f069da83592706fac4e70c66,No,1730899012,3.945
0x38ef098f74393d219d92c5112055e618c6bde2d7,No,1730899012,3.945
0x28b7bbf621faf339d884c75b013c56e0731b2ada,No,1730899012,3.877
0x9e8b306eea4d50090ac0af1eeac79fcd531eb159,No,1730899012,3.843
0x591f5162547dff90c185271726a5eb540d1395de,No,1730899012,3.81
0xf035561dce033ded865e15e69db06cffc88d9213,No,1730899012,3.797
0xefb8e220f012241a00f5dae4a5b2c473a742a63a,No,1730899012,3.745
0xfd1af514b8b2bf00d1999497668bff26ccdf4c8a,Yes,1730899012,3.694
0xe5d067d8634e109c077192c34c972a10ee6fc731,No,1730899012,3.628
0x4518cd6f9cd1085d0cc1eed7c8b3bcd98afafcd9,No,1730899012,3.567
0x04c1d8ca275434bdc1697eda44d1cade92459b34,No,1730899012,3.541
0xc9534a59ef121516e5e1aead8d45d151e768e216,No,1730899012,3.436
0x5dce0b2f2bc6a806ad1ee43bcee0edd86877025c,No,1730899012,3.395
0x9e979ffff022bbbe891fb64c1cfc61e4447d049a,No,1730899012,3.114
0xef364e390ff3f326e3153d0b9c4b944db42155e5,No,1730899012,2.657
0x6bb0bed604c3c43bb53b9fda53e431c982fc01be,No,1730899012,2.367
0x0d3662a58010592abc77dedbf06101c4f0dbb357,No,1730899012,2.295
0x33a0b5d7da5314594d2c163d448030b9f1cadcb2,No,1730899012,2.168
0x93117c404dd08720da88ea1b48799f87e8d03190,No,1730899012,2.069
0xeb77a109a1adb1835f6f52a5da8055448e65b1e5,No,1730899012,2.04
0xaf9460c873bb77d9dfe3e83f687c340558b8f8d7,No,1730899012,1.897
0x98531797ec179244c8dc97c4b27351d2df787127,No,1730899012,1.628
0xa2a97e9333982471665aecfa4893695cec74a9ef,No,1730899012,1.511
0x7f162a87531a78ce2ca962a5d3dc82d2e0d22f96,No,1730899012,0.621
0xa3c0a5e0465e65e56d36d1a7f4684c317d9ce875,No,1730899012,0.47
0x5a406f319a752c9f6b0cae572fe30a573e77f146,No,1730899012,0.398
0xe2067b8f36d8c54d32521646d6d6c3833d5fe7cd,No,1730899012,0.334
0xda02dfb7fe45a1f8f98f2783c3b837a65d40af01,No,1730899012,0.218
0xb17531b61e9a6c8ac940f5888ff494823475aae2,No,1730899012,0.123
0x56c26dc77917c1209676808702ef6183a7b76f32,No,1730899012,0.072
0x7bc86a45410bd01a9c2c11c2b23b2afb2617f3ff,No,1730899012,0.045
0x617512fa7d3fd26bda51b9ac8c23b04a48d625f1,No,1730899012,0.042
0x892bef8fe252b1678cdb581822727c2d4537826b,No,1730899012,0.034
0x2e6f35eaa69bd20d694b3c6735956a7a54409b57,No,1730899012,0.03
0x259888a7e50ce80c065960d2652f6e04178ecee9,No,1730899012,0.029
0x9008d19f58aabd9ed0d60971565aa8510560ab41,No,1730899012,0.019
0xabddc883e535689ba6eb719fabd4efb42bc0b35a,No,1730899012,0.012
0x3254ac19afd4356c9c50598ab7996ab46304385b,No,1730899012,0.006
0xcaf9ade1fddf1b31d490a4629ada638d104e9543,No,1730899012,0.001
0x56cf0ff00fd6cfb23ce964c6338b228b0fa76640,No,1732266800,"435,995.866"
0x334f12afb7d8740868be04719639616533075234,No,1732266800,"141,469.34"
0x377446b39e71da77f7eb952d0ae92871c2299f0d,No,1732266800,"97,509.404"
0x2ff064d951996c9fe70d6ba22d8684f37b2e24ec,No,1732266800,"38,329.523"
0x7b2e78d4dfaaba045a167a70da285e30e8fca196,No,1732266800,"7,676.386"
0x9eb6d10f75b364662313ee3099173dc3ac4048c9,No,1732266800,"5,904.588"
0x04a9edd12ed304efb5e5fe83109a65e8e84799c3,No,1732266800,"3,813.906"
0x5c16873795d083fab71d4cbf5b073d22cf38f659,Yes,1732266800,"1,182.148"
0xec9048b59b3467415b1a38f63416407ea0c70fb8,No,1732266800,876.14
0x09f0d730696899de00988166aba081bd3aba3e72,Yes,1732266800,491.841
0xe082bda07536420401187ba7225ff5f56c30998b,No,1732266800,380.198
0xe7f13052fe2ba7d038dac18de5e730542e3979bc,Yes,1732266800,158.999
0xeb2aec308e7b3340dea2e89d40187d2637c6c649,No,1732266800,104.812
0x55122fdca4ba43294677d96c12ce76dabc459a2b,No,1732266800,83.306
0x187e0966046da5b110fdc986c9b94bd8416837af,No,1732266800,74.35
0x6687c671980e65ebd722b9146fc61e2471558dd6,Yes,1732266800,63.14
0x4735cb9fe8e3ee6d5f34f277af0fcb6442aa1894,No,1732266800,61.634
0x0e22e2cf9d80593947a340ca4248c7901c2cb9cb,No,1732266800,52.533
0x770569f85346b971114e11e4bb5f7ac776673469,No,1732266800,47.62
0x85c6737ada32ed46066f45d28a612b7647c66410,Yes,1732266800,41.63
0x67ab5b66debc3217105ab356a219137a0bc07d3a,No,1732266800,39.51
0x6428178a1324896bd8ea897565d909945da33ee9,No,1732266800,33.747
0xea08fea6702fc34625bdb968689c497d33047ae5,No,1732266800,31.691
0x89c4acb8b5b5b8e5b2121934b9e143569a914c80,No,1732266800,27.269
0xe24f35fcc986f94d4cd7c93920a62bafae497db1,No,1732266800,18.482
0x23069f1978fe4d6ec88bf0b84bca2b39d3b285e1,No,1732266800,18.074
0xf28a1ff4cd9b579b55195cb9528ef8f7a8b10a33,No,1732266800,17.666
0x470ba0f3bc80d88d3cd9cfd28dd125da0e545993,No,1732266800,17.489
0x461cbd5765360733a02d4571591d54c8b8a517ea,No,1732266800,16.783
0x4edca105188a0783ab3a6f09c50567d1e3f8591d,No,1732266800,15.932
0xdbd5e2bf0e87a6361bd0b587cc4c0b3fcf5dc259,No,1732266800,15.901
0x0c4f8ccbb4cf9c2ee568e33f21c807b1931726e4,No,1732266800,14.859
0x989d0901ab8ed1032987a7706b58a881589fccea,No,1732266800,14.513
0x71044ae277bac65c4dfcd598d07a60fc6810fb8e,No,1732266800,13.994
0xca5c758a8b9892a3e1b745f2039efa9491c18f7a,No,1732266800,12.909
0xefb8e220f012241a00f5dae4a5b2c473a742a63a,No,1732266800,12.317
0x28abd3190674dc57e4d3bebeec22f78d121810d5,No,1732266800,12.175
0x431f2b6e43bed4d845ac5d9b5d030dfc8987691d,No,1732266800,10.678
0x978a89b0178ea8054a99f5bddb0081ea6a3c27c3,No,1732266800,10.666
0x90dafb210c44f4b72e591e7e2f583154290e5d83,No,1732266800,10.56
0xaead6593710bf28bf4848b24f4ed1f130773d7e6,No,1732266800,10.483
0x5e7b645d5bf86750cb1913122ba8a8545e2a9fd1,No,1732266800,10.393
0x25124024390ac79659ed699b087a3e748686df7b,No,1732266800,10.393
0xf94bfbd175219331f9ff323ea703ebd2a05fd33a,No,1732266800,10.393
0x001fe2cdbeeb0743679e958c0861dd8788b28b19,No,1732266800,10.393
0x6841ccc2fa23efe3bbe98492f026756479e4a4ec,No,1732266800,10.393
0x9fbcbfdc3c66562113daba8b501d0d7d55e84688,No,1732266800,10.393
0xa63cb29de16607dd5ac18b6cb65bead58d04ac25,No,1732266800,10.393
0x68c0dd2b5a5df00bca4f7df8ca9b1425fe817728,No,1732266800,10.393
0x23d2874d56bba76af9866604c76fc5347058aad7,No,1732266800,10.393
0x29397b5b81579504c446e8e86c88196491be5ec5,No,1732266800,10.393
0x9ac5f8c48ade024a006206ca5ebd06f275f243ec,No,1732266800,10.393
0x1520ab7dd2ca282fca2810cb7df071c9de3e2f5c,No,1732266800,10.393
0x31287a933b2e153654105013d595dcbd6664fcf9,No,1732266800,10.393
0x7cd192ff8e2e3e5bf8b5e85f858c0f83e22f771d,No,1732266800,10.393
0xd2946cb43fd692f8776be5c91dc523aa3fe69f1d,No,1732266800,10.393
0xe6a46ea30a1ef48e8ab2179a203c137702147073,No,1732266800,10.393
0xe69d81fad86ac5295a1261930c19e7ad009aa52e,No,1732266800,10.393
0xc7baf12d871f26b09dfa61a6e9e3b2eaef7a159a,No,1732266800,10.393
0x09a2aa22db9f97aabd3da897b156d944c8c50e0f,No,1732266800,10.393
0x75f04fbf12ed979873db692eab1a904abe1e2f32,No,1732266800,10.393
0x409ad638c059375de57d455b78520470ed13f282,No,1732266800,10.393
0x8c0733ba6295af19ae294c19b34e7d163acc7197,No,1732266800,10.393
0x75202586d58c8d2ed726b4abdcda3ecdd91c1e34,No,1732266800,10.393
0x91dc3d24895bb29033cbbf48ed6b5f7b0510d83c,No,1732266800,10.393
0x1d6b8e5fa836c7d5846fb76f188b008c10b67ba5,No,1732266800,10.393
0x5bf79c7bf66a6aa75f4fef4004bc7d527fdf8250,No,1732266800,10.393
0x74aadf1281a7f5546e13f17de5101a310a33bf3f,No,1732266800,10.393
0x683132fe975fac296f21919d625a94a4a86f6fa6,No,1732266800,10.393
0xb7806b30034cc8d13390aa0b713dc0c326cd4358,No,1732266800,10.393
0x4ddcdfbef53747089cab9d775aa461e7a088ff3c,No,1732266800,10.393
0xd50ea36556e1c9abece88a1d9ad5b38261ab515b,No,1732266800,10.393
0x0182518980f999ad0c9527d864c15492ab3beeae,No,1732266800,10.393
0x9ac0605353f447a49845365ded45fc57e609a319,No,1732266800,10.393
0x327c7b1e4bcaa69afa029f042dda3722e3ed74c1,No,1732266800,10.393
0x15923b51ecc5de696d67a85d2a493908c750b237,No,1732266800,10.393
0xaeeb3b86314009f5ee315c49414646a1f5709d1c,No,1732266800,10.393
0x441e1e47a6fa2dbfd3cd9b54291e9ab3a58d7975,No,1732266800,10.393
0xb9385eb2b944370adcdc22af45ace6140bda6225,No,1732266800,10.393
0x380e7360085407892f33da521dfb01da82b5f2be,No,1732266800,10.393
0xeaf1eb60c3359b12d501d23a372256846ddbff8d,No,1732266800,10.393
0x9c1a52b599cf652701b41bf137ae022a894b5ea3,No,1732266800,10.393
0xc0dd5675528d8d9f05afe601df6ebda59e2a6733,No,1732266800,10.393
0x41aeb883a0073527e5f5653423cbd59339154a72,No,1732266800,10.393
0x41cd6228341ea33e8d9659f09bf0e5aadc54c5e7,Yes,1732266800,10.393
0x6bc8679c27b49cc4be2c8faf9906bc0465727cf3,No,1732266800,10.393
0x5ac691d7b535cbb755de910123c656ac407f6f29,No,1732266800,10.393
0x1f5fae0615ee87196f229ea19d726d58846bdc0e,No,1732266800,10.393
0x8f8be6f1eac8432e3f0e460402fcb358311a86d4,No,1732266800,10.393
0x4ca2a670bd5505b870b21331a53d9bb4ae6e2084,No,1732266800,10.393
0xc7b6717c5c30a5645ba308afd2b0df42b850d8e3,No,1732266800,10.393
0xe3cd70be09c3a45b73ff5d7cfe37f8b5309ebbdc,No,1732266800,10.393
0x717f0a9ee93fde2ae196b61b51fda5b892c02b3d,No,1732266800,10.393
0xf7d7d7dacb1215fba1f6cdd1361092796680cf4f,No,1732266800,10.393
0xf8d97b0de945bb3ec6d634e0fdc48b6a3b9fcb1f,No,1732266800,10.393
0x0eb682c54bb74e0fb37894e4f0b02127e5fb865f,No,1732266800,10.393
0x56f446074d3dc521786ea456e725775819e260cb,No,1732266800,10.393
0x84d766fb6c86dd8983e5cab3d17e6630c278277e,No,1732266800,10.393
0x31a026bbd8ddc0f95ad827c17c37c0d8fc25d3ff,No,1732266800,10.393
0x79cda2b2fa8b3c080da06ddce3416b8e4b7c1b14,No,1732266800,10.393
0xd51aea4a4ba241ded4112c017d73c976a967139f,No,1732266800,10.393
0x3975f79ce2cae19b8d4d5e1f4b134e241bf6f10a,No,1732266800,10.393
0x1ce34e220bd710d1a84a135f345b650cc7770e9f,No,1732266800,10.393
0x68bf9733a1b5688feb430b1d200b2299c74885b1,No,1732266800,10.393
0x4d6caa3e0983fac7b514d60339ebb538c5a85aae,No,1732266800,9.545
0x224623eeb6fadb6ff76f5be4b570ee06ee282868,No,1732266800,9.538
0x91fd26ec02642bed576d4f7efac19592568e12da,No,1732266800,9.433
0x7ba8868efcc2f04bf9d1a9445d7843d7ae5dd1b4,No,1732266800,9.401
0x82b1c5ffa4fe976869b4156c90073a8b719d671a,No,1732266800,9.395
0xab06ff77044db8a5a48f1b49833d87abfaebad09,No,1732266800,9.042
0x61520cc833313c4d4d4ed61e0dfca3b4923318c5,No,1732266800,8.844
0x5d4adb6eca975bab50d2490ccdfe5d9cd1bf4882,No,1732266800,8.842
0x5bd07249115373c2f069da83592706fac4e70c66,No,1732266800,8.835
0x38ef098f74393d219d92c5112055e618c6bde2d7,No,1732266800,8.834
0x1a15c730fe686ecf8ba44e3f9b21d5389b55bfbf,No,1732266800,8.825
0xcf3c78a77ff01b451a21301a522c48b92a029e70,Yes,1732266800,8.752
0xaaad392d9c7b9489c480f57c809d3209cf26c930,No,1732266800,8.645
0xe3ac17a0284ce1a551debafb0e57301c7226dbe9,No,1732266800,8.461
0x6555032a163641b5f7c9ba32f9543acef7a1559c,No,1732266800,8.411
0xd27cd4e2c3f168dbf9b4cfcd82664480973151e9,No,1732266800,8.376
0x5114c9e5872ef18e714530da9000c50a4df38629,No,1732266800,8.198
0x6280dc842f55ecca9b7a7d490f892bd9adc4ab17,No,1732266800,8.126
0x40ef22af7c049cafae144f341f8d44a46ade66b1,No,1732266800,8.067
0x1ca0a84230d73a986681b22391c198ad5887903c,No,1732266800,8.067
0x62efbbc99349456ae6cb45feaec6ee5b9f15883c,No,1732266800,8.067
0x128b83d86d41f2c0a2a549d70a8f5e255d2f9896,No,1732266800,8.067
0x9c64c4b1a9d2eb9fae60cd9fecf86557f584117b,No,1732266800,8.067
0xfc651a9e723a4da0e7eb264f6f73a680d9721f69,No,1732266800,8.067
0xf739646dadc1e75bd4090ab98ae895c5327300dc,No,1732266800,8.01
0x96103652ef1d66d7a8f3b66060d126d82a456f47,No,1732266800,7.852
0x9026a44fb446da394f5810fdb4708a7879cebe34,No,1732266800,7.665
0x1afbcd54aff10fdf0c2e7de4cde86b3e75a3e4e7,No,1732266800,7.607
0xdfc2ad6492faa517b5572f9fa61716d4f9d121ed,No,1732266800,7.549
0xe5dd78c224f26e306c84a9b1aa2def30bdf15835,No,1732266800,7.29
0xcba986c46f6908be6ee07bf868bb812978c32e08,No,1732266800,7.29
0x9d9e26932d012b2ab21b974fe1552f4025b1e1cc,No,1732266800,7.29
0x5700f03f87db485fdb90e18b3100f00b235886f1,No,1732266800,7.282
0xe5c3aabac09838405b82b10b4ddae5a48ae57f9d,No,1732266800,7.263
0x6fdb1e4206d119555c3ac61ac20c76eb818fa567,No,1732266800,6.811
0xa7cac6d048d42c48470cb93307e6898356a13320,No,1732266800,6.668
0x8d4d39d2e3104876a0c5fa11efe02597613d2a79,No,1732266800,6.621
0xd97beffdf558b269257feba5df111ab718b71e24,No,1732266800,6.581
0x591f5162547dff90c185271726a5eb540d1395de,No,1732266800,6.574
0x10c895bf7d9f895cd648448d35f89b23b15dd1a5,No,1732266800,6.566
0x3cbbdc5e6b615eaf094d41fd0f4422c72bcbe8ff,Yes,1732266800,6.547
0xce9164fcbae8e469a0dba805b5310eb1c531690b,No,1732266800,6.546
0xd2c04f656448e78b178d6cc3b2ccf91de6ae7f39,No,1732266800,6.433
0x4b29ce2f88adde97c71207768c580a29cfc9be08,No,1732266800,6.337
0xece039bd21e3910187af408909b6529c629ec8e5,No,1732266800,6.264
0x9e8b306eea4d50090ac0af1eeac79fcd531eb159,No,1732266800,6.21
0x1cb3a5bd0ea5af39443a822ed34afc8ccb6a901c,No,1732266800,6.206
0xc9534a59ef121516e5e1aead8d45d151e768e216,No,1732266800,6.165
0xf035561dce033ded865e15e69db06cffc88d9213,No,1732266800,6.164
0x3b65b655cec1533b677cdf1c493a75d904de0406,No,1732266800,6.116
0x74422aea0886e590ca53537de3ef78f47be368a8,No,1732266800,6.116
0x7765a81e13822f1bbcfd0aeedd6765f805a084b2,No,1732266800,6.116
0x761f24ca62486b98f259837542964aa18c176358,No,1732266800,6.116
0x298c506e1a3bd03064f49188948768cb11b26435,No,1732266800,6.116
0x70b0e653e50eff0109ba6b3b3d4f15453e49d311,No,1732266800,6.082
0xe5d067d8634e109c077192c34c972a10ee6fc731,No,1732266800,6.07
0xd6a2a456b48836f38ace550c59c421ca24f1681a,No,1732266800,6.006
0x4518cd6f9cd1085d0cc1eed7c8b3bcd98afafcd9,No,1732266800,5.934
0x750a9e546d348e323b8c0f98cf71ea806f37112b,No,1732266800,5.831
0x62872c62d5087294e4dd4d47012e51e71ceb1745,No,1732266800,5.772
0x12a491e92dd8d6de3aadef21c4dda3a1d6a3a1cb,No,1732266800,5.576
0x9e979ffff022bbbe891fb64c1cfc61e4447d049a,No,1732266800,5.481
0xdf4beb2691ade973c0ef6a55b3c55f2edb69208d,No,1732266800,5.44
0xd74f45334c0a754e8d834e1990dab588cdb39140,No,1732266800,5.301
0x6bb0bed604c3c43bb53b9fda53e431c982fc01be,No,1732266800,5.3
0x3b33e186573649c9a6c6380f45246c516c150ee1,No,1732266800,5.293
0xb1b5296bcc9f9de90a676d36485cb30ecc46f900,No,1732266800,5.291
0x8560b084cbb92df9f8961a5e11a0fe28eca37216,No,1732266800,5.257
0x4bb51eb3588358ba59e005b4c5474a2cff7355b7,Yes,1732266800,5.245
0xd05eb495d3839397ca087221e3667a0fa2a6c9bc,No,1732266800,5.213
0x911d9369874711363dd5ea1aa7a4d1d089b595a4,No,1732266800,5.13
0x57356618fff9f4bf3c87fa55594f61d5b8d37f57,No,1732266800,5.038
0x88e02fff8c858603aa1cb44800b18660a3ba3a64,No,1732266800,5.029
0x6b5e43cccab7cb3f45200d2a38c47a269dd011a8,No,1732266800,4.963
0x95ec1c92ca79b3e0fc7599f4d02f60c68fc81b0b,No,1732266800,4.958
0xce0d183b410a53144ef3fc60931911d5ae9f00e6,Yes,1732266800,4.958
0xed6818c68496aff31f6064c880aa235ab99b3acb,No,1732266800,4.833
0xebfd6bc03cfabd6a97c4b0fe5ac3dc0f933e39a2,No,1732266800,4.818
0x2fa0686be3b64f0e99a671cf4732bfcf72cd8bad,No,1732266800,4.741
0x6a6032ca59500cb2ecea4997d65521afbc3cf120,No,1732266800,4.74
0x04c1d8ca275434bdc1697eda44d1cade92459b34,No,1732266800,4.52
0x3dcde3990c781cec4921af8a0bae1820f649e2c0,No,1732266800,4.451
0xe5d50c7af6c9c0c36e270f6ce8467bef7e27a443,No,1732266800,4.33
0x12c8585b54220fb7b59599b51f76cac4e12f55fe,No,1732266800,4.327
0x6fa544cddd47329d3b8cee3c37a759c2f676968c,No,1732266800,4.249
0xfd1af514b8b2bf00d1999497668bff26ccdf4c8a,Yes,1732266800,4.116
0xd16f39990092033ee2fab400bf3364379c616c4e,No,1732266800,3.96
0x28b7bbf621faf339d884c75b013c56e0731b2ada,No,1732266800,3.877
0x0ad6b75e864892f661c48f578ad95a21638e13e7,No,1732266800,3.512
0x6c1d079f0dea5e7db77590e17eb8be48c490d373,Yes,1732266800,3.014
0xef364e390ff3f326e3153d0b9c4b944db42155e5,No,1732266800,2.657
0x33a0b5d7da5314594d2c163d448030b9f1cadcb2,No,1732266800,2.641
0xffa348ad78619bdfe461bb5d2c4c939197b09921,No,1732266800,2.441
0x245bd6b5d8f494df8256ae44737a1e5d59769ab4,No,1732266800,2.366
0xc8747abc6a88bbd20939d83e36295b4defb3989c,No,1732266800,2.295
0x0d3662a58010592abc77dedbf06101c4f0dbb357,No,1732266800,2.295
0xb4b88049a0ac431023e00a7e31cec9d30616505e,No,1732266800,2.295
0x93117c404dd08720da88ea1b48799f87e8d03190,No,1732266800,2.069
0xb235c33eaedbd96271f03154baa0fa4809f023ca,No,1732266800,2.049
0xb9e61ea87e165f038ee73a1492564fe6c81ed776,No,1732266800,2.029
0x761e1ea4b9bfde475b0196a595d2e20845e50c8d,No,1732266800,2.029
0xd4f0e5a2d37e0159789470711c3c6e6d9dae12d7,No,1732266800,2.019
0xaf9460c873bb77d9dfe3e83f687c340558b8f8d7,No,1732266800,1.897
0x71b40c1c502e4bea83a90dddb94f82f16582b044,No,1732266800,1.888
0xe18ff9d58b4deb8c17ccba79a87fbed548ab06b3,No,1732266800,1.796
0xeb77a109a1adb1835f6f52a5da8055448e65b1e5,No,1732266800,1.754
0x98531797ec179244c8dc97c4b27351d2df787127,No,1732266800,1.628
0xc30b175dfd20cf4a34c661e3b145b3ac7938230a,No,1732266800,1.617
0x026c8ae096ebd22f2f6ce84de9ebf96e5a7887db,No,1732266800,1.617
0x97188c8755443868f150ca2ed307671e7d686744,No,1732266800,1.596
0x5b328c5a0b9f2b02c6787de34dd854ab2d6ea3e5,No,1732266800,1.596
0x8196888886836cb8a6ba4248fe195e31479503d8,No,1732266800,1.596
0xa187408c461f382314c873a2725819ad0ff19d63,No,1732266800,1.596
0x6e590863f9b04189e0d5143eb41367b96dc151ca,No,1732266800,1.577
0xa2a97e9333982471665aecfa4893695cec74a9ef,No,1732266800,1.511
0x0a2ff9935e17df1c664201557f1e5e7f3473a68f,No,1732266800,1.254
0xda7ff40887846d5f014a076bf68133cd6f0f3379,No,1732266800,1.158
0xc3792470cee7e0d42c2be8e9552bd651766c5178,No,1732266800,0.999
0x7f162a87531a78ce2ca962a5d3dc82d2e0d22f96,No,1732266800,0.621
0x9e4439fcf15fae67bd01a590e468912cb70b9c91,No,1732266800,0.479
0xa3c0a5e0465e65e56d36d1a7f4684c317d9ce875,No,1732266800,0.47
0xe2067b8f36d8c54d32521646d6d6c3833d5fe7cd,No,1732266800,0.334
0xda02dfb7fe45a1f8f98f2783c3b837a65d40af01,No,1732266800,0.218
0x460a2319bf0adb90676b6bb5dd5ec8ef34df93cd,No,1732266800,0.094
0xa85f10fde0d65ed8d477fa59036b6eb254e36665,No,1732266800,0.094
0x892bef8fe252b1678cdb581822727c2d4537826b,No,1732266800,0.077
0x541ef672f9d8626090ec6699c2a35f29742152a5,No,1732266800,0.068
0x6224dd3b4757446de11fca940400c162eb313757,No,1732266800,0.062
0xf2a38230ea2e92db69aa520182f368ceec2ed4cd,No,1732266800,0.06
0x7bc86a45410bd01a9c2c11c2b23b2afb2617f3ff,No,1732266800,0.05
0x9008d19f58aabd9ed0d60971565aa8510560ab41,No,1732266800,0.049
0x617512fa7d3fd26bda51b9ac8c23b04a48d625f1,No,1732266800,0.042
0x2e6f35eaa69bd20d694b3c6735956a7a54409b57,No,1732266800,0.03
0x9f882451cf39314079a7773aa78feb9b6cfbf3ba,No,1732266800,0.017
0xabddc883e535689ba6eb719fabd4efb42bc0b35a,No,1732266800,0.012
0xd3778cade4ecbc115a8e26c211789c3a6d5ed48c,No,1732266800,0.004
0xcaf9ade1fddf1b31d490a4629ada638d104e9543,No,1732266800,0.001
0x56cf0ff00fd6cfb23ce964c6338b228b0fa76640,No,1732290452,"435,995.866"
0x334f12afb7d8740868be04719639616533075234,No,1732290452,"141,469.34"
0x377446b39e71da77f7eb952d0ae92871c2299f0d,No,1732290452,"97,509.404"
0x2ff064d951996c9fe70d6ba22d8684f37b2e24ec,No,1732290452,"38,329.523"
0x7b2e78d4dfaaba045a167a70da285e30e8fca196,No,1732290452,"7,676.386"
0x9eb6d10f75b364662313ee3099173dc3ac4048c9,No,1732290452,"5,904.588"
0x04a9edd12ed304efb5e5fe83109a65e8e84799c3,No,1732290452,"3,813.906"
0x5c16873795d083fab71d4cbf5b073d22cf38f659,Yes,1732290452,"1,182.148"
0xec9048b59b3467415b1a38f63416407ea0c70fb8,No,1732290452,876.14
0x09f0d730696899de00988166aba081bd3aba3e72,Yes,1732290452,491.841
0xe082bda07536420401187ba7225ff5f56c30998b,No,1732290452,380.198
0xe7f13052fe2ba7d038dac18de5e730542e3979bc,Yes,1732290452,158.999
0xeb2aec308e7b3340dea2e89d40187d2637c6c649,No,1732290452,104.812
0x55122fdca4ba43294677d96c12ce76dabc459a2b,No,1732290452,83.306
0x187e0966046da5b110fdc986c9b94bd8416837af,No,1732290452,74.35
0x6687c671980e65ebd722b9146fc61e2471558dd6,Yes,1732290452,63.14
0x4735cb9fe8e3ee6d5f34f277af0fcb6442aa1894,No,1732290452,61.634
0x0e22e2cf9d80593947a340ca4248c7901c2cb9cb,No,1732290452,52.533
0x770569f85346b971114e11e4bb5f7ac776673469,No,1732290452,47.62
0x85c6737ada32ed46066f45d28a612b7647c66410,Yes,1732290452,41.63
0x67ab5b66debc3217105ab356a219137a0bc07d3a,No,1732290452,39.51
0x6428178a1324896bd8ea897565d909945da33ee9,No,1732290452,33.747
0xea08fea6702fc34625bdb968689c497d33047ae5,No,1732290452,31.691
0x89c4acb8b5b5b8e5b2121934b9e143569a914c80,No,1732290452,27.269
0xe24f35fcc986f94d4cd7c93920a62bafae497db1,No,1732290452,18.482
0x23069f1978fe4d6ec88bf0b84bca2b39d3b285e1,No,1732290452,18.074
0xf28a1ff4cd9b579b55195cb9528ef8f7a8b10a33,No,1732290452,17.666
0x470ba0f3bc80d88d3cd9cfd28dd125da0e545993,No,1732290452,17.489
0x461cbd5765360733a02d4571591d54c8b8a517ea,No,1732290452,16.783
0x4edca105188a0783ab3a6f09c50567d1e3f8591d,No,1732290452,15.932
0xdbd5e2bf0e87a6361bd0b587cc4c0b3fcf5dc259,No,1732290452,15.901
0x0c4f8ccbb4cf9c2ee568e33f21c807b1931726e4,No,1732290452,14.859
0x989d0901ab8ed1032987a7706b58a881589fccea,No,1732290452,14.513
0x71044ae277bac65c4dfcd598d07a60fc6810fb8e,No,1732290452,13.994
0xca5c758a8b9892a3e1b745f2039efa9491c18f7a,No,1732290452,12.909
0xefb8e220f012241a00f5dae4a5b2c473a742a63a,No,1732290452,12.317
0x28abd3190674dc57e4d3bebeec22f78d121810d5,No,1732290452,12.175
0x431f2b6e43bed4d845ac5d9b5d030dfc8987691d,No,1732290452,10.678
0x978a89b0178ea8054a99f5bddb0081ea6a3c27c3,No,1732290452,10.666
0x90dafb210c44f4b72e591e7e2f583154290e5d83,No,1732290452,10.56
0xaead6593710bf28bf4848b24f4ed1f130773d7e6,No,1732290452,10.483
0x5e7b645d5bf86750cb1913122ba8a8545e2a9fd1,No,1732290452,10.393
0x25124024390ac79659ed699b087a3e748686df7b,No,1732290452,10.393
0xf94bfbd175219331f9ff323ea703ebd2a05fd33a,No,1732290452,10.393
0x001fe2cdbeeb0743679e958c0861dd8788b28b19,No,1732290452,10.393
0x6841ccc2fa23efe3bbe98492f026756479e4a4ec,No,1732290452,10.393
0x9fbcbfdc3c66562113daba8b501d0d7d55e84688,No,1732290452,10.393
0xa63cb29de16607dd5ac18b6cb65bead58d04ac25,No,1732290452,10.393
0x68c0dd2b5a5df00bca4f7df8ca9b1425fe817728,No,1732290452,10.393
0x23d2874d56bba76af9866604c76fc5347058aad7,No,1732290452,10.393
0x29397b5b81579504c446e8e86c88196491be5ec5,No,1732290452,10.393
0x9ac5f8c48ade024a006206ca5ebd06f275f243ec,No,1732290452,10.393
0x1520ab7dd2ca282fca2810cb7df071c9de3e2f5c,No,1732290452,10.393
0x31287a933b2e153654105013d595dcbd6664fcf9,No,1732290452,10.393
0x7cd192ff8e2e3e5bf8b5e85f858c0f83e22f771d,No,1732290452,10.393
0xd2946cb43fd692f8776be5c91dc523aa3fe69f1d,No,1732290452,10.393
0xe6a46ea30a1ef48e8ab2179a203c137702147073,No,1732290452,10.393
0xe69d81fad86ac5295a1261930c19e7ad009aa52e,No,1732290452,10.393
0xc7baf12d871f26b09dfa61a6e9e3b2eaef7a159a,No,1732290452,10.393
0x09a2aa22db9f97aabd3da897b156d944c8c50e0f,No,1732290452,10.393
0x75f04fbf12ed979873db692eab1a904abe1e2f32,No,1732290452,10.393
0x409ad638c059375de57d455b78520470ed13f282,No,1732290452,10.393
0x8c0733ba6295af19ae294c19b34e7d163acc7197,No,1732290452,10.393
0x75202586d58c8d2ed726b4abdcda3ecdd91c1e34,No,1732290452,10.393
0x91dc3d24895bb29033cbbf48ed6b5f7b0510d83c,No,1732290452,10.393
0x1d6b8e5fa836c7d5846fb76f188b008c10b67ba5,No,1732290452,10.393
0x5bf79c7bf66a6aa75f4fef4004bc7d527fdf8250,No,1732290452,10.393
0x74aadf1281a7f5546e13f17de5101a310a33bf3f,No,1732290452,10.393
0x683132fe975fac296f21919d625a94a4a86f6fa6,No,1732290452,10.393
0xb7806b30034cc8d13390aa0b713dc0c326cd4358,No,1732290452,10.393
0x4ddcdfbef53747089cab9d775aa461e7a088ff3c,No,1732290452,10.393
0xd50ea36556e1c9abece88a1d9ad5b38261ab515b,No,1732290452,10.393
0x0182518980f999ad0c9527d864c15492ab3beeae,No,1732290452,10.393
0x9ac0605353f447a49845365ded45fc57e609a319,No,1732290452,10.393
0x327c7b1e4bcaa69afa029f042dda3722e3ed74c1,No,1732290452,10.393
0x15923b51ecc5de696d67a85d2a493908c750b237,No,1732290452,10.393
0xaeeb3b86314009f5ee315c49414646a1f5709d1c,No,1732290452,10.393
0x441e1e47a6fa2dbfd3cd9b54291e9ab3a58d7975,No,1732290452,10.393
0xb9385eb2b944370adcdc22af45ace6140bda6225,No,1732290452,10.393
0x380e7360085407892f33da521dfb01da82b5f2be,No,1732290452,10.393
0xeaf1eb60c3359b12d501d23a372256846ddbff8d,No,1732290452,10.393
0x9c1a52b599cf652701b41bf137ae022a894b5ea3,No,1732290452,10.393
0xc0dd5675528d8d9f05afe601df6ebda59e2a6733,No,1732290452,10.393
0x41aeb883a0073527e5f5653423cbd59339154a72,No,1732290452,10.393
0x41cd6228341ea33e8d9659f09bf0e5aadc54c5e7,Yes,1732290452,10.393
0x6bc8679c27b49cc4be2c8faf9906bc0465727cf3,No,1732290452,10.393
0x5ac691d7b535cbb755de910123c656ac407f6f29,No,1732290452,10.393
0x1f5fae0615ee87196f229ea19d726d58846bdc0e,No,1732290452,10.393
0x8f8be6f1eac8432e3f0e460402fcb358311a86d4,No,1732290452,10.393
0x4ca2a670bd5505b870b21331a53d9bb4ae6e2084,No,1732290452,10.393
0xc7b6717c5c30a5645ba308afd2b0df42b850d8e3,No,1732290452,10.393
0xe3cd70be09c3a45b73ff5d7cfe37f8b5309ebbdc,No,1732290452,10.393
0x717f0a9ee93fde2ae196b61b51fda5b892c02b3d,No,1732290452,10.393
0xf7d7d7dacb1215fba1f6cdd1361092796680cf4f,No,1732290452,10.393
0xf8d97b0de945bb3ec6d634e0fdc48b6a3b9fcb1f,No,1732290452,10.393
0x0eb682c54bb74e0fb37894e4f0b02127e5fb865f,No,1732290452,10.393
0x56f446074d3dc521786ea456e725775819e260cb,No,1732290452,10.393
0x84d766fb6c86dd8983e5cab3d17e6630c278277e,No,1732290452,10.393
0x31a026bbd8ddc0f95ad827c17c37c0d8fc25d3ff,No,1732290452,10.393
0x79cda2b2fa8b3c080da06ddce3416b8e4b7c1b14,No,1732290452,10.393
0xd51aea4a4ba241ded4112c017d73c976a967139f,No,1732290452,10.393
0x3975f79ce2cae19b8d4d5e1f4b134e241bf6f10a,No,1732290452,10.393
0x1ce34e220bd710d1a84a135f345b650cc7770e9f,No,1732290452,10.393
0x68bf9733a1b5688feb430b1d200b2299c74885b1,No,1732290452,10.393
0x4d6caa3e0983fac7b514d60339ebb538c5a85aae,No,1732290452,9.545
0x224623eeb6fadb6ff76f5be4b570ee06ee282868,No,1732290452,9.538
0x91fd26ec02642bed576d4f7efac19592568e12da,No,1732290452,9.433
0x7ba8868efcc2f04bf9d1a9445d7843d7ae5dd1b4,No,1732290452,9.401
0x82b1c5ffa4fe976869b4156c90073a8b719d671a,No,1732290452,9.395
0xab06ff77044db8a5a48f1b49833d87abfaebad09,No,1732290452,9.042
0x61520cc833313c4d4d4ed61e0dfca3b4923318c5,No,1732290452,8.844
0x5d4adb6eca975bab50d2490ccdfe5d9cd1bf4882,No,1732290452,8.842
0x5bd07249115373c2f069da83592706fac4e70c66,No,1732290452,8.835
0x38ef098f74393d219d92c5112055e618c6bde2d7,No,1732290452,8.834
0x1a15c730fe686ecf8ba44e3f9b21d5389b55bfbf,No,1732290452,8.825
0xcf3c78a77ff01b451a21301a522c48b92a029e70,Yes,1732290452,8.752
0xaaad392d9c7b9489c480f57c809d3209cf26c930,No,1732290452,8.645
0xe3ac17a0284ce1a551debafb0e57301c7226dbe9,No,1732290452,8.461
0x6555032a163641b5f7c9ba32f9543acef7a1559c,No,1732290452,8.411
0xd27cd4e2c3f168dbf9b4cfcd82664480973151e9,No,1732290452,8.376
0x5114c9e5872ef18e714530da9000c50a4df38629,No,1732290452,8.198
0x6280dc842f55ecca9b7a7d490f892bd9adc4ab17,No,1732290452,8.126
0x40ef22af7c049cafae144f341f8d44a46ade66b1,No,1732290452,8.067
0x1ca0a84230d73a986681b22391c198ad5887903c,No,1732290452,8.067
0x62efbbc99349456ae6cb45feaec6ee5b9f15883c,No,1732290452,8.067
0x128b83d86d41f2c0a2a549d70a8f5e255d2f9896,No,1732290452,8.067
0x9c64c4b1a9d2eb9fae60cd9fecf86557f584117b,No,1732290452,8.067
0xfc651a9e723a4da0e7eb264f6f73a680d9721f69,No,1732290452,8.067
0x96103652ef1d66d7a8f3b66060d126d82a456f47,No,1732290452,7.852
0x9026a44fb446da394f5810fdb4708a7879cebe34,No,1732290452,7.665
0x1afbcd54aff10fdf0c2e7de4cde86b3e75a3e4e7,No,1732290452,7.607
0xdfc2ad6492faa517b5572f9fa61716d4f9d121ed,No,1732290452,7.549
0xe5dd78c224f26e306c84a9b1aa2def30bdf15835,No,1732290452,7.29
0xcba986c46f6908be6ee07bf868bb812978c32e08,No,1732290452,7.29
0x9d9e26932d012b2ab21b974fe1552f4025b1e1cc,No,1732290452,7.29
0x5700f03f87db485fdb90e18b3100f00b235886f1,No,1732290452,7.282
0xe5c3aabac09838405b82b10b4ddae5a48ae57f9d,No,1732290452,7.263
0x6fdb1e4206d119555c3ac61ac20c76eb818fa567,No,1732290452,6.811
0xa7cac6d048d42c48470cb93307e6898356a13320,No,1732290452,6.668
0x8d4d39d2e3104876a0c5fa11efe02597613d2a79,No,1732290452,6.621
0xd97beffdf558b269257feba5df111ab718b71e24,No,1732290452,6.581
0x591f5162547dff90c185271726a5eb540d1395de,No,1732290452,6.574
0x10c895bf7d9f895cd648448d35f89b23b15dd1a5,No,1732290452,6.566
0x3cbbdc5e6b615eaf094d41fd0f4422c72bcbe8ff,Yes,1732290452,6.547
0xce9164fcbae8e469a0dba805b5310eb1c531690b,No,1732290452,6.546
0xd2c04f656448e78b178d6cc3b2ccf91de6ae7f39,No,1732290452,6.433
0x4b29ce2f88adde97c71207768c580a29cfc9be08,No,1732290452,6.337
0xece039bd21e3910187af408909b6529c629ec8e5,No,1732290452,6.264
0x9e8b306eea4d50090ac0af1eeac79fcd531eb159,No,1732290452,6.21
0x1cb3a5bd0ea5af39443a822ed34afc8ccb6a901c,No,1732290452,6.206
0xc9534a59ef121516e5e1aead8d45d151e768e216,No,1732290452,6.165
0xf035561dce033ded865e15e69db06cffc88d9213,No,1732290452,6.164
0x3b65b655cec1533b677cdf1c493a75d904de0406,No,1732290452,6.116
0x74422aea0886e590ca53537de3ef78f47be368a8,No,1732290452,6.116
0x7765a81e13822f1bbcfd0aeedd6765f805a084b2,No,1732290452,6.116
0x761f24ca62486b98f259837542964aa18c176358,No,1732290452,6.116
0x298c506e1a3bd03064f49188948768cb11b26435,No,1732290452,6.116
0x70b0e653e50eff0109ba6b3b3d4f15453e49d311,No,1732290452,6.082
0xe5d067d8634e109c077192c34c972a10ee6fc731,No,1732290452,6.07
0xd6a2a456b48836f38ace550c59c421ca24f1681a,No,1732290452,6.006
0x4518cd6f9cd1085d0cc1eed7c8b3bcd98afafcd9,No,1732290452,5.934
0x750a9e546d348e323b8c0f98cf71ea806f37112b,No,1732290452,5.831
0x62872c62d5087294e4dd4d47012e51e71ceb1745,No,1732290452,5.772
0x12a491e92dd8d6de3aadef21c4dda3a1d6a3a1cb,No,1732290452,5.576
0x9e979ffff022bbbe891fb64c1cfc61e4447d049a,No,1732290452,5.481
0xdf4beb2691ade973c0ef6a55b3c55f2edb69208d,No,1732290452,5.44
0xd74f45334c0a754e8d834e1990dab588cdb39140,No,1732290452,5.301
0x6bb0bed604c3c43bb53b9fda53e431c982fc01be,No,1732290452,5.3
0x3b33e186573649c9a6c6380f45246c516c150ee1,No,1732290452,5.293
0xb1b5296bcc9f9de90a676d36485cb30ecc46f900,No,1732290452,5.291
0x8560b084cbb92df9f8961a5e11a0fe28eca37216,No,1732290452,5.257
0x4bb51eb3588358ba59e005b4c5474a2cff7355b7,Yes,1732290452,5.245
0xd05eb495d3839397ca087221e3667a0fa2a6c9bc,No,1732290452,5.213
0x911d9369874711363dd5ea1aa7a4d1d089b595a4,No,1732290452,5.13
0x57356618fff9f4bf3c87fa55594f61d5b8d37f57,No,1732290452,5.038
0x88e02fff8c858603aa1cb44800b18660a3ba3a64,No,1732290452,5.029
0x6b5e43cccab7cb3f45200d2a38c47a269dd011a8,No,1732290452,4.963
0x95ec1c92ca79b3e0fc7599f4d02f60c68fc81b0b,No,1732290452,4.958
0xce0d183b410a53144ef3fc60931911d5ae9f00e6,Yes,1732290452,4.958
0xed6818c68496aff31f6064c880aa235ab99b3acb,No,1732290452,4.833
0xebfd6bc03cfabd6a97c4b0fe5ac3dc0f933e39a2,No,1732290452,4.818
0x2fa0686be3b64f0e99a671cf4732bfcf72cd8bad,No,1732290452,4.741
0x6a6032ca59500cb2ecea4997d65521afbc3cf120,No,1732290452,4.74
0x04c1d8ca275434bdc1697eda44d1cade92459b34,No,1732290452,4.52
0x3dcde3990c781cec4921af8a0bae1820f649e2c0,No,1732290452,4.451
0xe5d50c7af6c9c0c36e270f6ce8467bef7e27a443,No,1732290452,4.33
0x12c8585b54220fb7b59599b51f76cac4e12f55fe,No,1732290452,4.327
0x6fa544cddd47329d3b8cee3c37a759c2f676968c,No,1732290452,4.249
0xfd1af514b8b2bf00d1999497668bff26ccdf4c8a,Yes,1732290452,4.116
0xd16f39990092033ee2fab400bf3364379c616c4e,No,1732290452,3.96
0x28b7bbf621faf339d884c75b013c56e0731b2ada,No,1732290452,3.877
0x0ad6b75e864892f661c48f578ad95a21638e13e7,No,1732290452,3.512
0x6c1d079f0dea5e7db77590e17eb8be48c490d373,Yes,1732290452,3.014
0xef364e390ff3f326e3153d0b9c4b944db42155e5,No,1732290452,2.657
0x33a0b5d7da5314594d2c163d448030b9f1cadcb2,No,1732290452,2.641
0xffa348ad78619bdfe461bb5d2c4c939197b09921,No,1732290452,2.441
0x245bd6b5d8f494df8256ae44737a1e5d59769ab4,No,1732290452,2.366
0xc8747abc6a88bbd20939d83e36295b4defb3989c,No,1732290452,2.295
0x0d3662a58010592abc77dedbf06101c4f0dbb357,No,1732290452,2.295
0xb4b88049a0ac431023e00a7e31cec9d30616505e,No,1732290452,2.295
0x93117c404dd08720da88ea1b48799f87e8d03190,No,1732290452,2.069
0xb235c33eaedbd96271f03154baa0fa4809f023ca,No,1732290452,2.049
0xb9e61ea87e165f038ee73a1492564fe6c81ed776,No,1732290452,2.029
0x761e1ea4b9bfde475b0196a595d2e20845e50c8d,No,1732290452,2.029
0xd4f0e5a2d37e0159789470711c3c6e6d9dae12d7,No,1732290452,2.019
0xaf9460c873bb77d9dfe3e83f687c340558b8f8d7,No,1732290452,1.897
0x71b40c1c502e4bea83a90dddb94f82f16582b044,No,1732290452,1.888
0xe18ff9d58b4deb8c17ccba79a87fbed548ab06b3,No,1732290452,1.796
0xeb77a109a1adb1835f6f52a5da8055448e65b1e5,No,1732290452,1.754
0x98531797ec179244c8dc97c4b27351d2df787127,No,1732290452,1.628
0xc30b175dfd20cf4a34c661e3b145b3ac7938230a,No,1732290452,1.617
0x026c8ae096ebd22f2f6ce84de9ebf96e5a7887db,No,1732290452,1.617
0x97188c8755443868f150ca2ed307671e7d686744,No,1732290452,1.596
0x5b328c5a0b9f2b02c6787de34dd854ab2d6ea3e5,No,1732290452,1.596
0x8196888886836cb8a6ba4248fe195e31479503d8,No,1732290452,1.596
0xa187408c461f382314c873a2725819ad0ff19d63,No,1732290452,1.596
0x6e590863f9b04189e0d5143eb41367b96dc151ca,No,1732290452,1.577
0xa2a97e9333982471665aecfa4893695cec74a9ef,No,1732290452,1.511
0x0a2ff9935e17df1c664201557f1e5e7f3473a68f,No,1732290452,1.254
0xda7ff40887846d5f014a076bf68133cd6f0f3379,No,1732290452,1.158
0xc3792470cee7e0d42c2be8e9552bd651766c5178,No,1732290452,0.999
0x7f162a87531a78ce2ca962a5d3dc82d2e0d22f96,No,1732290452,0.621
0x9e4439fcf15fae67bd01a590e468912cb70b9c91,No,1732290452,0.479
0xa3c0a5e0465e65e56d36d1a7f4684c317d9ce875,No,1732290452,0.47
0xe2067b8f36d8c54d32521646d6d6c3833d5fe7cd,No,1732290452,0.334
0xda02dfb7fe45a1f8f98f2783c3b837a65d40af01,No,1732290452,0.218
0x460a2319bf0adb90676b6bb5dd5ec8ef34df93cd,No,1732290452,0.094
0xa85f10fde0d65ed8d477fa59036b6eb254e36665,No,1732290452,0.094
0x892bef8fe252b1678cdb581822727c2d4537826b,No,1732290452,0.077
0x541ef672f9d8626090ec6699c2a35f29742152a5,No,1732290452,0.068
0x6224dd3b4757446de11fca940400c162eb313757,No,1732290452,0.062
0xf2a38230ea2e92db69aa520182f368ceec2ed4cd,No,1732290452,0.06
0x7bc86a45410bd01a9c2c11c2b23b2afb2617f3ff,No,1732290452,0.05
0x9008d19f58aabd9ed0d60971565aa8510560ab41,No,1732290452,0.049
0x617512fa7d3fd26bda51b9ac8c23b04a48d625f1,No,1732290452,0.042
0x2e6f35eaa69bd20d694b3c6735956a7a54409b57,No,1732290452,0.03
0x9f882451cf39314079a7773aa78feb9b6cfbf3ba,No,1732290452,0.017
0xabddc883e535689ba6eb719fabd4efb42bc0b35a,No,1732290452,0.012
0xd3778cade4ecbc115a8e26c211789c3a6d5ed48c,No,1732290452,0.004
0xcaf9ade1fddf1b31d490a4629ada638d104e9543,No,1732290452,0.001
0x56cf0ff00fd6cfb23ce964c6338b228b0fa76640,No,1733924036,"575,591.246"
0x334f12afb7d8740868be04719639616533075234,No,1733924036,"194,895.202"
0x874e2b0af4570baf5d116f95744e2d1e5fb7dbb3,No,1733924036,"87,940.286"
0xa932e162a0aaf2c03353d93ae7d4fad29eab37fc,No,1733924036,"55,873.722"
0x2ff064d951996c9fe70d6ba22d8684f37b2e24ec,No,1733924036,"38,373.285"
0xde1f8a73aac5a18a04395b40fc6eee093964faf4,No,1733924036,"24,036.307"
0x04a9edd12ed304efb5e5fe83109a65e8e84799c3,No,1733924036,"14,821.231"
0x9eb6d10f75b364662313ee3099173dc3ac4048c9,No,1733924036,"9,732.665"
0x7b2e78d4dfaaba045a167a70da285e30e8fca196,No,1733924036,"7,676.386"
0xec9048b59b3467415b1a38f63416407ea0c70fb8,No,1733924036,876.619
0x85c6737ada32ed46066f45d28a612b7647c66410,Yes,1733924036,824.063
0xd08c3627600c05e979ae936686736e602c8e6bb2,No,1733924036,713.522
0xaa36deb402ccf0fee2aa09974552154a9564ae20,No,1733924036,527.286
0x09f0d730696899de00988166aba081bd3aba3e72,Yes,1733924036,491.841
0xe082bda07536420401187ba7225ff5f56c30998b,No,1733924036,470.167
0xc9fdc4e87eff1a29bccbada939c6aca7590e1660,No,1733924036,315.337
0x95cde8b6ebddf03f5bd4ecc82a74664cd72cd87c,No,1733924036,255.629
0x6687c671980e65ebd722b9146fc61e2471558dd6,Yes,1733924036,248.652
0x20b69fda9379c8ae82cb78ea71d4d9e740e88196,No,1733924036,211.349
0x55aa033bcbf561910503609f2a30f0cc6eba11ab,No,1733924036,191.986
0x1b267d2fcb91d73e45db8135aa2e4741f94a2272,No,1733924036,190.627
0xe7f13052fe2ba7d038dac18de5e730542e3979bc,Yes,1733924036,158.999
0xbc9e9f2a49ea0f0619f79c0a0d8b4a19ba79cba7,No,1733924036,144.836
0x8fbc12a1aefb058ea05cc17135b1d6e821e0d7d4,No,1733924036,127.399
0xef364e390ff3f326e3153d0b9c4b944db42155e5,No,1733924036,118.246
0xfc601d7070ca088aea0fe6efd3f214b88fcd4df2,No,1733924036,109.655
0x5e7b645d5bf86750cb1913122ba8a8545e2a9fd1,No,1733924036,106.406
0xeb2aec308e7b3340dea2e89d40187d2637c6c649,No,1733924036,101.316
0x55122fdca4ba43294677d96c12ce76dabc459a2b,No,1733924036,83.306
0x187e0966046da5b110fdc986c9b94bd8416837af,No,1733924036,81.978
0x4735cb9fe8e3ee6d5f34f277af0fcb6442aa1894,No,1733924036,78.157
0x249ae3af19aaca46283dd57fc1adbff16463f811,No,1733924036,61.379
0xe18ff9d58b4deb8c17ccba79a87fbed548ab06b3,No,1733924036,55.493
0x56e665674d26a3ec69ea0e27f001d42481f7ff53,No,1733924036,55.078
0x2a2c5bad5a1d64a79d9d966811de37b70d9a00c8,No,1733924036,54.296
0x0e22e2cf9d80593947a340ca4248c7901c2cb9cb,No,1733924036,52.548
0x770569f85346b971114e11e4bb5f7ac776673469,No,1733924036,47.62
0xb6e5b0a2a363a326025f1c9ac1fe7b5ae2633f3f,No,1733924036,41.423
0xe94d542dfa1784b5ff6493c869d31083782cc621,No,1733924036,40.468
0x67ab5b66debc3217105ab356a219137a0bc07d3a,Yes,1733924036,39.51
0x6428178a1324896bd8ea897565d909945da33ee9,No,1733924036,33.747
0xea08fea6702fc34625bdb968689c497d33047ae5,No,1733924036,30.823
0x89c4acb8b5b5b8e5b2121934b9e143569a914c80,No,1733924036,27.269
0x35d3cbcf2d75c82febfddf69b01d2dd78fd780eb,No,1733924036,22.37
0x015806a55d5be54e74fbf8ee8154372f1e9b3de2,No,1733924036,20.335
0x23069f1978fe4d6ec88bf0b84bca2b39d3b285e1,No,1733924036,18.074
0xf28a1ff4cd9b579b55195cb9528ef8f7a8b10a33,No,1733924036,17.666
0x470ba0f3bc80d88d3cd9cfd28dd125da0e545993,No,1733924036,17.489
0x461cbd5765360733a02d4571591d54c8b8a517ea,No,1733924036,16.783
0x4edca105188a0783ab3a6f09c50567d1e3f8591d,No,1733924036,15.932
0xdbd5e2bf0e87a6361bd0b587cc4c0b3fcf5dc259,No,1733924036,15.901
0x0c4f8ccbb4cf9c2ee568e33f21c807b1931726e4,No,1733924036,14.859
0x989d0901ab8ed1032987a7706b58a881589fccea,No,1733924036,14.513
0x71044ae277bac65c4dfcd598d07a60fc6810fb8e,No,1733924036,13.994
0xca5c758a8b9892a3e1b745f2039efa9491c18f7a,No,1733924036,12.909
0xefb8e220f012241a00f5dae4a5b2c473a742a63a,No,1733924036,12.594
0x28abd3190674dc57e4d3bebeec22f78d121810d5,No,1733924036,12.175
0x431f2b6e43bed4d845ac5d9b5d030dfc8987691d,No,1733924036,10.678
0x978a89b0178ea8054a99f5bddb0081ea6a3c27c3,No,1733924036,10.666
0x90dafb210c44f4b72e591e7e2f583154290e5d83,No,1733924036,10.56
0xaead6593710bf28bf4848b24f4ed1f130773d7e6,No,1733924036,10.483
0x25124024390ac79659ed699b087a3e748686df7b,No,1733924036,10.393
0xf94bfbd175219331f9ff323ea703ebd2a05fd33a,No,1733924036,10.393
0x001fe2cdbeeb0743679e958c0861dd8788b28b19,No,1733924036,10.393
0x6841ccc2fa23efe3bbe98492f026756479e4a4ec,No,1733924036,10.393
0x9fbcbfdc3c66562113daba8b501d0d7d55e84688,No,1733924036,10.393
0xa63cb29de16607dd5ac18b6cb65bead58d04ac25,No,1733924036,10.393
0x68c0dd2b5a5df00bca4f7df8ca9b1425fe817728,No,1733924036,10.393
0x23d2874d56bba76af9866604c76fc5347058aad7,No,1733924036,10.393
0x29397b5b81579504c446e8e86c88196491be5ec5,No,1733924036,10.393
0x9ac5f8c48ade024a006206ca5ebd06f275f243ec,No,1733924036,10.393
0x1520ab7dd2ca282fca2810cb7df071c9de3e2f5c,No,1733924036,10.393
0x31287a933b2e153654105013d595dcbd6664fcf9,No,1733924036,10.393
0x7cd192ff8e2e3e5bf8b5e85f858c0f83e22f771d,No,1733924036,10.393
0xd2946cb43fd692f8776be5c91dc523aa3fe69f1d,No,1733924036,10.393
0xe6a46ea30a1ef48e8ab2179a203c137702147073,No,1733924036,10.393
0xe69d81fad86ac5295a1261930c19e7ad009aa52e,No,1733924036,10.393
0xc7baf12d871f26b09dfa61a6e9e3b2eaef7a159a,No,1733924036,10.393
0x09a2aa22db9f97aabd3da897b156d944c8c50e0f,No,1733924036,10.393
0x75f04fbf12ed979873db692eab1a904abe1e2f32,No,1733924036,10.393
0x409ad638c059375de57d455b78520470ed13f282,No,1733924036,10.393
0x8c0733ba6295af19ae294c19b34e7d163acc7197,No,1733924036,10.393
0x75202586d58c8d2ed726b4abdcda3ecdd91c1e34,No,1733924036,10.393
0x91dc3d24895bb29033cbbf48ed6b5f7b0510d83c,No,1733924036,10.393
0x1d6b8e5fa836c7d5846fb76f188b008c10b67ba5,No,1733924036,10.393
0x5bf79c7bf66a6aa75f4fef4004bc7d527fdf8250,No,1733924036,10.393
0x74aadf1281a7f5546e13f17de5101a310a33bf3f,No,1733924036,10.393
0x683132fe975fac296f21919d625a94a4a86f6fa6,No,1733924036,10.393
0xb7806b30034cc8d13390aa0b713dc0c326cd4358,No,1733924036,10.393
0x4ddcdfbef53747089cab9d775aa461e7a088ff3c,No,1733924036,10.393
0xd50ea36556e1c9abece88a1d9ad5b38261ab515b,No,1733924036,10.393
0x0182518980f999ad0c9527d864c15492ab3beeae,No,1733924036,10.393
0x9ac0605353f447a49845365ded45fc57e609a319,No,1733924036,10.393
0x327c7b1e4bcaa69afa029f042dda3722e3ed74c1,No,1733924036,10.393
0x15923b51ecc5de696d67a85d2a493908c750b237,No,1733924036,10.393
0xaeeb3b86314009f5ee315c49414646a1f5709d1c,No,1733924036,10.393
0x441e1e47a6fa2dbfd3cd9b54291e9ab3a58d7975,No,1733924036,10.393
0x41cd6228341ea33e8d9659f09bf0e5aadc54c5e7,Yes,1733924036,10.393
0x6bc8679c27b49cc4be2c8faf9906bc0465727cf3,No,1733924036,10.393
0x5ac691d7b535cbb755de910123c656ac407f6f29,No,1733924036,10.393
0x1f5fae0615ee87196f229ea19d726d58846bdc0e,No,1733924036,10.393
0x8f8be6f1eac8432e3f0e460402fcb358311a86d4,No,1733924036,10.393
0x4ca2a670bd5505b870b21331a53d9bb4ae6e2084,No,1733924036,10.393
0xc7b6717c5c30a5645ba308afd2b0df42b850d8e3,No,1733924036,10.393
0xe3cd70be09c3a45b73ff5d7cfe37f8b5309ebbdc,No,1733924036,10.393
0x717f0a9ee93fde2ae196b61b51fda5b892c02b3d,No,1733924036,10.393
0xf7d7d7dacb1215fba1f6cdd1361092796680cf4f,No,1733924036,10.393
0xf8d97b0de945bb3ec6d634e0fdc48b6a3b9fcb1f,No,1733924036,10.393
0x0eb682c54bb74e0fb37894e4f0b02127e5fb865f,No,1733924036,10.393
0x56f446074d3dc521786ea456e725775819e260cb,No,1733924036,10.393
0x84d766fb6c86dd8983e5cab3d17e6630c278277e,No,1733924036,10.393
0x31a026bbd8ddc0f95ad827c17c37c0d8fc25d3ff,No,1733924036,10.393
0x79cda2b2fa8b3c080da06ddce3416b8e4b7c1b14,No,1733924036,10.393
0xd51aea4a4ba241ded4112c017d73c976a967139f,No,1733924036,10.393
0x3975f79ce2cae19b8d4d5e1f4b134e241bf6f10a,No,1733924036,10.393
0xcf3c78a77ff01b451a21301a522c48b92a029e70,Yes,1733924036,9.621
0x4d6caa3e0983fac7b514d60339ebb538c5a85aae,No,1733924036,9.545
0x224623eeb6fadb6ff76f5be4b570ee06ee282868,No,1733924036,9.538
0x91fd26ec02642bed576d4f7efac19592568e12da,No,1733924036,9.433
0x7ba8868efcc2f04bf9d1a9445d7843d7ae5dd1b4,No,1733924036,9.401
0xab06ff77044db8a5a48f1b49833d87abfaebad09,No,1733924036,9.042
0x61520cc833313c4d4d4ed61e0dfca3b4923318c5,No,1733924036,8.844
0x5d4adb6eca975bab50d2490ccdfe5d9cd1bf4882,No,1733924036,8.842
0x5bd07249115373c2f069da83592706fac4e70c66,No,1733924036,8.835
0x38ef098f74393d219d92c5112055e618c6bde2d7,No,1733924036,8.834
0x1a15c730fe686ecf8ba44e3f9b21d5389b55bfbf,No,1733924036,8.825
0xaaad392d9c7b9489c480f57c809d3209cf26c930,No,1733924036,8.645
0xe3ac17a0284ce1a551debafb0e57301c7226dbe9,No,1733924036,8.461
0x6555032a163641b5f7c9ba32f9543acef7a1559c,No,1733924036,8.411
0xd27cd4e2c3f168dbf9b4cfcd82664480973151e9,No,1733924036,8.376
0x5114c9e5872ef18e714530da9000c50a4df38629,No,1733924036,8.198
0x6280dc842f55ecca9b7a7d490f892bd9adc4ab17,No,1733924036,8.126
0x40ef22af7c049cafae144f341f8d44a46ade66b1,No,1733924036,8.067
0x1ca0a84230d73a986681b22391c198ad5887903c,No,1733924036,8.067
0x62efbbc99349456ae6cb45feaec6ee5b9f15883c,No,1733924036,8.067
0x128b83d86d41f2c0a2a549d70a8f5e255d2f9896,No,1733924036,8.067
0x9c64c4b1a9d2eb9fae60cd9fecf86557f584117b,No,1733924036,8.067
0xfc651a9e723a4da0e7eb264f6f73a680d9721f69,No,1733924036,8.067
0x96103652ef1d66d7a8f3b66060d126d82a456f47,No,1733924036,7.852
0x9026a44fb446da394f5810fdb4708a7879cebe34,No,1733924036,7.665
0x1afbcd54aff10fdf0c2e7de4cde86b3e75a3e4e7,No,1733924036,7.607
0xdfc2ad6492faa517b5572f9fa61716d4f9d121ed,No,1733924036,7.549
0xd6a2a456b48836f38ace550c59c421ca24f1681a,No,1733924036,7.374
0xe5dd78c224f26e306c84a9b1aa2def30bdf15835,No,1733924036,7.29
0xcba986c46f6908be6ee07bf868bb812978c32e08,No,1733924036,7.29
0xe5c3aabac09838405b82b10b4ddae5a48ae57f9d,No,1733924036,7.263
0x6fdb1e4206d119555c3ac61ac20c76eb818fa567,No,1733924036,6.811
0xa7cac6d048d42c48470cb93307e6898356a13320,No,1733924036,6.668
0x1ce34e220bd710d1a84a135f345b650cc7770e9f,No,1733924036,6.643
0x68bf9733a1b5688feb430b1d200b2299c74885b1,No,1733924036,6.643
0x9d9e26932d012b2ab21b974fe1552f4025b1e1cc,No,1733924036,6.643
0xb9385eb2b944370adcdc22af45ace6140bda6225,No,1733924036,6.643
0x380e7360085407892f33da521dfb01da82b5f2be,No,1733924036,6.643
0xeaf1eb60c3359b12d501d23a372256846ddbff8d,No,1733924036,6.643
0x9c1a52b599cf652701b41bf137ae022a894b5ea3,No,1733924036,6.643
0xc0dd5675528d8d9f05afe601df6ebda59e2a6733,No,1733924036,6.643
0x41aeb883a0073527e5f5653423cbd59339154a72,No,1733924036,6.643
0x8d4d39d2e3104876a0c5fa11efe02597613d2a79,No,1733924036,6.621
0xd97beffdf558b269257feba5df111ab718b71e24,No,1733924036,6.581
0x10c895bf7d9f895cd648448d35f89b23b15dd1a5,No,1733924036,6.566
0x3cbbdc5e6b615eaf094d41fd0f4422c72bcbe8ff,Yes,1733924036,6.547
0xce9164fcbae8e469a0dba805b5310eb1c531690b,No,1733924036,6.546
0xd2c04f656448e78b178d6cc3b2ccf91de6ae7f39,No,1733924036,6.433
0x4b29ce2f88adde97c71207768c580a29cfc9be08,No,1733924036,6.337
0xece039bd21e3910187af408909b6529c629ec8e5,No,1733924036,6.264
0x33d10de1e65e6193044e277a77c3fd02d59b1c3f,No,1733924036,6.25
0x591f5162547dff90c185271726a5eb540d1395de,No,1733924036,6.212
0x9e8b306eea4d50090ac0af1eeac79fcd531eb159,No,1733924036,6.21
0x1cb3a5bd0ea5af39443a822ed34afc8ccb6a901c,No,1733924036,6.206
0xc9534a59ef121516e5e1aead8d45d151e768e216,No,1733924036,6.165
0xf035561dce033ded865e15e69db06cffc88d9213,No,1733924036,6.164
0x74422aea0886e590ca53537de3ef78f47be368a8,No,1733924036,6.116
0x7765a81e13822f1bbcfd0aeedd6765f805a084b2,No,1733924036,6.116
0x761f24ca62486b98f259837542964aa18c176358,No,1733924036,6.116
0x298c506e1a3bd03064f49188948768cb11b26435,No,1733924036,6.116
0x70b0e653e50eff0109ba6b3b3d4f15453e49d311,No,1733924036,6.082
0xe5d067d8634e109c077192c34c972a10ee6fc731,No,1733924036,6.07
0x4518cd6f9cd1085d0cc1eed7c8b3bcd98afafcd9,No,1733924036,5.934
0x750a9e546d348e323b8c0f98cf71ea806f37112b,No,1733924036,5.831
0x2fa0686be3b64f0e99a671cf4732bfcf72cd8bad,No,1733924036,5.831
0x62872c62d5087294e4dd4d47012e51e71ceb1745,No,1733924036,5.772
0x82b1c5ffa4fe976869b4156c90073a8b719d671a,No,1733924036,5.645
0x12a491e92dd8d6de3aadef21c4dda3a1d6a3a1cb,No,1733924036,5.576
0x9e979ffff022bbbe891fb64c1cfc61e4447d049a,No,1733924036,5.481
0xdf4beb2691ade973c0ef6a55b3c55f2edb69208d,No,1733924036,5.44
0xd74f45334c0a754e8d834e1990dab588cdb39140,No,1733924036,5.301
0x6bb0bed604c3c43bb53b9fda53e431c982fc01be,No,1733924036,5.3
0x3b33e186573649c9a6c6380f45246c516c150ee1,No,1733924036,5.293
0xb1b5296bcc9f9de90a676d36485cb30ecc46f900,No,1733924036,5.291
0x8560b084cbb92df9f8961a5e11a0fe28eca37216,No,1733924036,5.257
0x4bb51eb3588358ba59e005b4c5474a2cff7355b7,Yes,1733924036,5.245
0xd05eb495d3839397ca087221e3667a0fa2a6c9bc,No,1733924036,5.213
0x911d9369874711363dd5ea1aa7a4d1d089b595a4,No,1733924036,5.13
0x57356618fff9f4bf3c87fa55594f61d5b8d37f57,No,1733924036,5.038
0x88e02fff8c858603aa1cb44800b18660a3ba3a64,No,1733924036,5.029
0x95ec1c92ca79b3e0fc7599f4d02f60c68fc81b0b,No,1733924036,4.958
0xce0d183b410a53144ef3fc60931911d5ae9f00e6,Yes,1733924036,4.958
0xed6818c68496aff31f6064c880aa235ab99b3acb,No,1733924036,4.833
0xebfd6bc03cfabd6a97c4b0fe5ac3dc0f933e39a2,No,1733924036,4.818
0x04c1d8ca275434bdc1697eda44d1cade92459b34,No,1733924036,4.52
0x3dcde3990c781cec4921af8a0bae1820f649e2c0,No,1733924036,4.451
0xe5d50c7af6c9c0c36e270f6ce8467bef7e27a443,No,1733924036,4.33
0xfd1af514b8b2bf00d1999497668bff26ccdf4c8a,Yes,1733924036,4.116
0x0ad6b75e864892f661c48f578ad95a21638e13e7,No,1733924036,3.512
0x6c1d079f0dea5e7db77590e17eb8be48c490d373,Yes,1733924036,3.014
0x3b65b655cec1533b677cdf1c493a75d904de0406,No,1733924036,3.014
0x33a0b5d7da5314594d2c163d448030b9f1cadcb2,No,1733924036,2.641
0xffa348ad78619bdfe461bb5d2c4c939197b09921,No,1733924036,2.441
0x245bd6b5d8f494df8256ae44737a1e5d59769ab4,No,1733924036,2.366
0x0d3662a58010592abc77dedbf06101c4f0dbb357,No,1733924036,2.295
0x93117c404dd08720da88ea1b48799f87e8d03190,No,1733924036,2.069
0xb235c33eaedbd96271f03154baa0fa4809f023ca,No,1733924036,2.049
0xb9e61ea87e165f038ee73a1492564fe6c81ed776,No,1733924036,2.029
0x761e1ea4b9bfde475b0196a595d2e20845e50c8d,No,1733924036,2.029
0xd4f0e5a2d37e0159789470711c3c6e6d9dae12d7,No,1733924036,2.019
0xaf9460c873bb77d9dfe3e83f687c340558b8f8d7,No,1733924036,1.897
0x71b40c1c502e4bea83a90dddb94f82f16582b044,No,1733924036,1.888
0xeb77a109a1adb1835f6f52a5da8055448e65b1e5,No,1733924036,1.754
0x5c16873795d083fab71d4cbf5b073d22cf38f659,Yes,1733924036,1.723
0xc8747abc6a88bbd20939d83e36295b4defb3989c,No,1733924036,1.648
0xb4b88049a0ac431023e00a7e31cec9d30616505e,Yes,1733924036,1.648
0x6a6032ca59500cb2ecea4997d65521afbc3cf120,No,1733924036,1.637
0x98531797ec179244c8dc97c4b27351d2df787127,No,1733924036,1.628
0xc30b175dfd20cf4a34c661e3b145b3ac7938230a,No,1733924036,1.617
0x026c8ae096ebd22f2f6ce84de9ebf96e5a7887db,No,1733924036,1.617
0x97188c8755443868f150ca2ed307671e7d686744,No,1733924036,1.596
0x5b328c5a0b9f2b02c6787de34dd854ab2d6ea3e5,No,1733924036,1.596
0x8196888886836cb8a6ba4248fe195e31479503d8,No,1733924036,1.596
0xa187408c461f382314c873a2725819ad0ff19d63,No,1733924036,1.596
0x6e590863f9b04189e0d5143eb41367b96dc151ca,No,1733924036,1.577
0xa2a97e9333982471665aecfa4893695cec74a9ef,No,1733924036,1.511
0x5700f03f87db485fdb90e18b3100f00b235886f1,No,1733924036,1.344
0x6b5e43cccab7cb3f45200d2a38c47a269dd011a8,No,1733924036,1.283
0x0a2ff9935e17df1c664201557f1e5e7f3473a68f,No,1733924036,1.254
0xda7ff40887846d5f014a076bf68133cd6f0f3379,No,1733924036,1.158
0xb972788fd94972d673eb3af068df1dfe11a2ec37,No,1733924036,1.072
0x12c8585b54220fb7b59599b51f76cac4e12f55fe,No,1733924036,0.939
0xc3792470cee7e0d42c2be8e9552bd651766c5178,No,1733924036,0.67
0x7f162a87531a78ce2ca962a5d3dc82d2e0d22f96,No,1733924036,0.621
0x6fa544cddd47329d3b8cee3c37a759c2f676968c,No,1733924036,0.499
0x28b7bbf621faf339d884c75b013c56e0731b2ada,No,1733924036,0.489
0x9e4439fcf15fae67bd01a590e468912cb70b9c91,No,1733924036,0.479
0xa3c0a5e0465e65e56d36d1a7f4684c317d9ce875,No,1733924036,0.47
0x07dd329293000003a159153f6ed12ff7c3a23981,No,1733924036,0.443
0x478189dc3905a08e456c348905c1e5b03de8023d,No,1733924036,0.438
0xe2067b8f36d8c54d32521646d6d6c3833d5fe7cd,No,1733924036,0.334
0xda02dfb7fe45a1f8f98f2783c3b837a65d40af01,No,1733924036,0.218
0xc7b072b4368e7a221a2de74dac549edcef34cfa3,No,1733924036,0.095
0x460a2319bf0adb90676b6bb5dd5ec8ef34df93cd,No,1733924036,0.094
0xa85f10fde0d65ed8d477fa59036b6eb254e36665,No,1733924036,0.094
0x3a42263bd22fa189072d06169a47ecfce955715f,No,1733924036,0.077
0x409caec195e72ede0b27e4deb55524424c5d54a9,No,1733924036,0.077
0x892bef8fe252b1678cdb581822727c2d4537826b,No,1733924036,0.077
0x16e2e9b9e6c097be009c0b10f8e78f4de99461be,No,1733924036,0.069
0x541ef672f9d8626090ec6699c2a35f29742152a5,No,1733924036,0.068
0xd11fe8cb63b7590d19e7d63c1f65cbfe0845d58a,No,1733924036,0.062
0x6224dd3b4757446de11fca940400c162eb313757,No,1733924036,0.062
0xe2a0c03b1e7a698b63c9f7cf7c37eff577e890a7,No,1733924036,0.06
0xf2a38230ea2e92db69aa520182f368ceec2ed4cd,No,1733924036,0.06
0x31517b5b26dddcf2fad386d21e94a552ed5cebef,No,1733924036,0.05
0x7bc86a45410bd01a9c2c11c2b23b2afb2617f3ff,No,1733924036,0.05
0x9008d19f58aabd9ed0d60971565aa8510560ab41,No,1733924036,0.048
0x617512fa7d3fd26bda51b9ac8c23b04a48d625f1,No,1733924036,0.042
0xcf976705a5326bb97fb26539ca9bb1fa0ba62178,No,1733924036,0.041
0x3879e62972ec43713d296cfd5a9751b351269cf1,No,1733924036,0.036
0x2e6f35eaa69bd20d694b3c6735956a7a54409b57,No,1733924036,0.03
0x031778c7a1c08787aba7a2e0b5149feb5decabd7,No,1733924036,0.02
0x2535c1d30f861cc09ddb961ddd14cc15a6ca4641,No,1733924036,0.014
0xabddc883e535689ba6eb719fabd4efb42bc0b35a,No,1733924036,0.012
0x9f882451cf39314079a7773aa78feb9b6cfbf3ba,No,1733924036,0.012
0xa7bd30c73549c7948e2ef5d46215a5ce95275b98,No,1733924036,0.006
0xd3778cade4ecbc115a8e26c211789c3a6d5ed48c,No,1733924036,0.004
0xe24f35fcc986f94d4cd7c93920a62bafae497db1,No,1733924036,0.001
0xcaf9ade1fddf1b31d490a4629ada638d104e9543,No,1733924036,0.001
0x56cf0ff00fd6cfb23ce964c6338b228b0fa76640,No,1734371230,"575,599.921"
0x334f12afb7d8740868be04719639616533075234,No,1734371230,"194,895.202"
0x874e2b0af4570baf5d116f95744e2d1e5fb7dbb3,No,1734371230,"87,940.286"
0xa932e162a0aaf2c03353d93ae7d4fad29eab37fc,No,1734371230,"55,845.284"
0x2ff064d951996c9fe70d6ba22d8684f37b2e24ec,No,1734371230,"38,373.285"
0xde1f8a73aac5a18a04395b40fc6eee093964faf4,No,1734371230,"24,036.307"
0x04a9edd12ed304efb5e5fe83109a65e8e84799c3,No,1734371230,"14,821.231"
0x9eb6d10f75b364662313ee3099173dc3ac4048c9,No,1734371230,"9,732.665"
0x7b2e78d4dfaaba045a167a70da285e30e8fca196,No,1734371230,"7,676.386"
0xec9048b59b3467415b1a38f63416407ea0c70fb8,No,1734371230,876.619
0x85c6737ada32ed46066f45d28a612b7647c66410,Yes,1734371230,824.184
0xd08c3627600c05e979ae936686736e602c8e6bb2,No,1734371230,713.522
0xaa36deb402ccf0fee2aa09974552154a9564ae20,No,1734371230,539.024
0x09f0d730696899de00988166aba081bd3aba3e72,Yes,1734371230,491.841
0xe082bda07536420401187ba7225ff5f56c30998b,No,1734371230,470.167
0xc9fdc4e87eff1a29bccbada939c6aca7590e1660,No,1734371230,315.337
0x95cde8b6ebddf03f5bd4ecc82a74664cd72cd87c,No,1734371230,266.27
0x983ced6e1d35718122f0b1f9b4eafc04185c1130,No,1734371230,258.834
0x20b69fda9379c8ae82cb78ea71d4d9e740e88196,No,1734371230,211.349
0x55aa033bcbf561910503609f2a30f0cc6eba11ab,No,1734371230,191.986
0x1b267d2fcb91d73e45db8135aa2e4741f94a2272,No,1734371230,190.627
0xe7f13052fe2ba7d038dac18de5e730542e3979bc,Yes,1734371230,158.999
0xbc9e9f2a49ea0f0619f79c0a0d8b4a19ba79cba7,No,1734371230,144.836
0x6464dd204ead251e0d767d60640cafc0c02a06de,No,1734371230,135.8
0xef364e390ff3f326e3153d0b9c4b944db42155e5,No,1734371230,118.246
0x5e7b645d5bf86750cb1913122ba8a8545e2a9fd1,No,1734371230,106.406
0xeb2aec308e7b3340dea2e89d40187d2637c6c649,No,1734371230,101.316
0x55122fdca4ba43294677d96c12ce76dabc459a2b,No,1734371230,83.306
0x187e0966046da5b110fdc986c9b94bd8416837af,No,1734371230,81.978
0x6687c671980e65ebd722b9146fc61e2471558dd6,Yes,1734371230,79.066
0x4735cb9fe8e3ee6d5f34f277af0fcb6442aa1894,No,1734371230,78.157
0xe18ff9d58b4deb8c17ccba79a87fbed548ab06b3,No,1734371230,55.493
0x56e665674d26a3ec69ea0e27f001d42481f7ff53,No,1734371230,55.078
0x0e22e2cf9d80593947a340ca4248c7901c2cb9cb,No,1734371230,52.548
0x770569f85346b971114e11e4bb5f7ac776673469,No,1734371230,47.62
0xb6e5b0a2a363a326025f1c9ac1fe7b5ae2633f3f,No,1734371230,41.423
0x67ab5b66debc3217105ab356a219137a0bc07d3a,Yes,1734371230,39.51
0xd97beffdf558b269257feba5df111ab718b71e24,No,1734371230,37.088
0x6428178a1324896bd8ea897565d909945da33ee9,No,1734371230,33.747
0xea08fea6702fc34625bdb968689c497d33047ae5,No,1734371230,30.823
0x89c4acb8b5b5b8e5b2121934b9e143569a914c80,No,1734371230,26.103
0x35d3cbcf2d75c82febfddf69b01d2dd78fd780eb,No,1734371230,22.37
0x23069f1978fe4d6ec88bf0b84bca2b39d3b285e1,No,1734371230,18.074
0xf28a1ff4cd9b579b55195cb9528ef8f7a8b10a33,No,1734371230,17.666
0x470ba0f3bc80d88d3cd9cfd28dd125da0e545993,No,1734371230,17.489
0x461cbd5765360733a02d4571591d54c8b8a517ea,No,1734371230,16.783
0x4edca105188a0783ab3a6f09c50567d1e3f8591d,No,1734371230,15.932
0xdbd5e2bf0e87a6361bd0b587cc4c0b3fcf5dc259,No,1734371230,15.901
0x0c4f8ccbb4cf9c2ee568e33f21c807b1931726e4,No,1734371230,14.859
0x989d0901ab8ed1032987a7706b58a881589fccea,No,1734371230,14.513
0x71044ae277bac65c4dfcd598d07a60fc6810fb8e,No,1734371230,13.994
0xca5c758a8b9892a3e1b745f2039efa9491c18f7a,No,1734371230,12.909
0xefb8e220f012241a00f5dae4a5b2c473a742a63a,No,1734371230,12.594
0x28abd3190674dc57e4d3bebeec22f78d121810d5,No,1734371230,12.175
0x431f2b6e43bed4d845ac5d9b5d030dfc8987691d,No,1734371230,10.678
0x978a89b0178ea8054a99f5bddb0081ea6a3c27c3,No,1734371230,10.666
0x90dafb210c44f4b72e591e7e2f583154290e5d83,No,1734371230,10.56
0xaead6593710bf28bf4848b24f4ed1f130773d7e6,No,1734371230,10.483
0x25124024390ac79659ed699b087a3e748686df7b,No,1734371230,10.393
0xf94bfbd175219331f9ff323ea703ebd2a05fd33a,No,1734371230,10.393
0x001fe2cdbeeb0743679e958c0861dd8788b28b19,No,1734371230,10.393
0x6841ccc2fa23efe3bbe98492f026756479e4a4ec,No,1734371230,10.393
0x9fbcbfdc3c66562113daba8b501d0d7d55e84688,No,1734371230,10.393
0xa63cb29de16607dd5ac18b6cb65bead58d04ac25,No,1734371230,10.393
0x68c0dd2b5a5df00bca4f7df8ca9b1425fe817728,No,1734371230,10.393
0x23d2874d56bba76af9866604c76fc5347058aad7,No,1734371230,10.393
0x29397b5b81579504c446e8e86c88196491be5ec5,No,1734371230,10.393
0x9ac5f8c48ade024a006206ca5ebd06f275f243ec,No,1734371230,10.393
0x1520ab7dd2ca282fca2810cb7df071c9de3e2f5c,No,1734371230,10.393
0x31287a933b2e153654105013d595dcbd6664fcf9,No,1734371230,10.393
0x7cd192ff8e2e3e5bf8b5e85f858c0f83e22f771d,No,1734371230,10.393
0xd2946cb43fd692f8776be5c91dc523aa3fe69f1d,No,1734371230,10.393
0xe6a46ea30a1ef48e8ab2179a203c137702147073,No,1734371230,10.393
0xe69d81fad86ac5295a1261930c19e7ad009aa52e,No,1734371230,10.393
0xc7baf12d871f26b09dfa61a6e9e3b2eaef7a159a,No,1734371230,10.393
0x09a2aa22db9f97aabd3da897b156d944c8c50e0f,No,1734371230,10.393
0x75f04fbf12ed979873db692eab1a904abe1e2f32,No,1734371230,10.393
0x409ad638c059375de57d455b78520470ed13f282,No,1734371230,10.393
0x8c0733ba6295af19ae294c19b34e7d163acc7197,No,1734371230,10.393
0x75202586d58c8d2ed726b4abdcda3ecdd91c1e34,No,1734371230,10.393
0x91dc3d24895bb29033cbbf48ed6b5f7b0510d83c,No,1734371230,10.393
0x1d6b8e5fa836c7d5846fb76f188b008c10b67ba5,No,1734371230,10.393
0x5bf79c7bf66a6aa75f4fef4004bc7d527fdf8250,No,1734371230,10.393
0x74aadf1281a7f5546e13f17de5101a310a33bf3f,No,1734371230,10.393
0x683132fe975fac296f21919d625a94a4a86f6fa6,No,1734371230,10.393
0xb7806b30034cc8d13390aa0b713dc0c326cd4358,No,1734371230,10.393
0x4ddcdfbef53747089cab9d775aa461e7a088ff3c,No,1734371230,10.393
0xd50ea36556e1c9abece88a1d9ad5b38261ab515b,No,1734371230,10.393
0x0182518980f999ad0c9527d864c15492ab3beeae,No,1734371230,10.393
0x9ac0605353f447a49845365ded45fc57e609a319,No,1734371230,10.393
0x327c7b1e4bcaa69afa029f042dda3722e3ed74c1,No,1734371230,10.393
0x15923b51ecc5de696d67a85d2a493908c750b237,No,1734371230,10.393
0xaeeb3b86314009f5ee315c49414646a1f5709d1c,No,1734371230,10.393
0x441e1e47a6fa2dbfd3cd9b54291e9ab3a58d7975,No,1734371230,10.393
0x41cd6228341ea33e8d9659f09bf0e5aadc54c5e7,Yes,1734371230,10.393
0x6bc8679c27b49cc4be2c8faf9906bc0465727cf3,No,1734371230,10.393
0x5ac691d7b535cbb755de910123c656ac407f6f29,No,1734371230,10.393
0x1f5fae0615ee87196f229ea19d726d58846bdc0e,No,1734371230,10.393
0x8f8be6f1eac8432e3f0e460402fcb358311a86d4,No,1734371230,10.393
0x4ca2a670bd5505b870b21331a53d9bb4ae6e2084,No,1734371230,10.393
0xc7b6717c5c30a5645ba308afd2b0df42b850d8e3,No,1734371230,10.393
0xe3cd70be09c3a45b73ff5d7cfe37f8b5309ebbdc,No,1734371230,10.393
0x717f0a9ee93fde2ae196b61b51fda5b892c02b3d,No,1734371230,10.393
0xf7d7d7dacb1215fba1f6cdd1361092796680cf4f,No,1734371230,10.393
0xf8d97b0de945bb3ec6d634e0fdc48b6a3b9fcb1f,No,1734371230,10.393
0x0eb682c54bb74e0fb37894e4f0b02127e5fb865f,No,1734371230,10.393
0x56f446074d3dc521786ea456e725775819e260cb,No,1734371230,10.393
0x84d766fb6c86dd8983e5cab3d17e6630c278277e,No,1734371230,10.393
0x31a026bbd8ddc0f95ad827c17c37c0d8fc25d3ff,No,1734371230,10.393
0x79cda2b2fa8b3c080da06ddce3416b8e4b7c1b14,No,1734371230,10.393
0xd51aea4a4ba241ded4112c017d73c976a967139f,No,1734371230,10.393
0x3975f79ce2cae19b8d4d5e1f4b134e241bf6f10a,No,1734371230,10.393
0xcf3c78a77ff01b451a21301a522c48b92a029e70,Yes,1734371230,9.621
0x4d6caa3e0983fac7b514d60339ebb538c5a85aae,No,1734371230,9.545
0x224623eeb6fadb6ff76f5be4b570ee06ee282868,No,1734371230,9.538
0x91fd26ec02642bed576d4f7efac19592568e12da,No,1734371230,9.433
0x7ba8868efcc2f04bf9d1a9445d7843d7ae5dd1b4,No,1734371230,9.401
0xab06ff77044db8a5a48f1b49833d87abfaebad09,No,1734371230,9.042
0x61520cc833313c4d4d4ed61e0dfca3b4923318c5,No,1734371230,8.844
0x5d4adb6eca975bab50d2490ccdfe5d9cd1bf4882,No,1734371230,8.842
0x5bd07249115373c2f069da83592706fac4e70c66,No,1734371230,8.835
0x38ef098f74393d219d92c5112055e618c6bde2d7,No,1734371230,8.834
0x1a15c730fe686ecf8ba44e3f9b21d5389b55bfbf,No,1734371230,8.825
0xaaad392d9c7b9489c480f57c809d3209cf26c930,No,1734371230,8.645
0xe3ac17a0284ce1a551debafb0e57301c7226dbe9,No,1734371230,8.461
0x6555032a163641b5f7c9ba32f9543acef7a1559c,No,1734371230,8.411
0xd27cd4e2c3f168dbf9b4cfcd82664480973151e9,No,1734371230,8.376
0x5114c9e5872ef18e714530da9000c50a4df38629,No,1734371230,8.198
0x6280dc842f55ecca9b7a7d490f892bd9adc4ab17,No,1734371230,8.126
0x40ef22af7c049cafae144f341f8d44a46ade66b1,No,1734371230,8.067
0x1ca0a84230d73a986681b22391c198ad5887903c,No,1734371230,8.067
0x62efbbc99349456ae6cb45feaec6ee5b9f15883c,No,1734371230,8.067
0x128b83d86d41f2c0a2a549d70a8f5e255d2f9896,No,1734371230,8.067
0x9c64c4b1a9d2eb9fae60cd9fecf86557f584117b,No,1734371230,8.067
0xfc651a9e723a4da0e7eb264f6f73a680d9721f69,No,1734371230,8.067
0x96103652ef1d66d7a8f3b66060d126d82a456f47,No,1734371230,7.852
0x9026a44fb446da394f5810fdb4708a7879cebe34,No,1734371230,7.665
0x1afbcd54aff10fdf0c2e7de4cde86b3e75a3e4e7,No,1734371230,7.607
0xdfc2ad6492faa517b5572f9fa61716d4f9d121ed,No,1734371230,7.549
0xd6a2a456b48836f38ace550c59c421ca24f1681a,No,1734371230,7.374
0xe5dd78c224f26e306c84a9b1aa2def30bdf15835,No,1734371230,7.29
0xcba986c46f6908be6ee07bf868bb812978c32e08,No,1734371230,7.29
0xe5c3aabac09838405b82b10b4ddae5a48ae57f9d,No,1734371230,7.263
0x6fdb1e4206d119555c3ac61ac20c76eb818fa567,No,1734371230,6.811
0xa7cac6d048d42c48470cb93307e6898356a13320,No,1734371230,6.668
0x1ce34e220bd710d1a84a135f345b650cc7770e9f,No,1734371230,6.643
0x68bf9733a1b5688feb430b1d200b2299c74885b1,No,1734371230,6.643
0x9d9e26932d012b2ab21b974fe1552f4025b1e1cc,No,1734371230,6.643
0xb9385eb2b944370adcdc22af45ace6140bda6225,No,1734371230,6.643
0x380e7360085407892f33da521dfb01da82b5f2be,No,1734371230,6.643
0xeaf1eb60c3359b12d501d23a372256846ddbff8d,No,1734371230,6.643
0x9c1a52b599cf652701b41bf137ae022a894b5ea3,No,1734371230,6.643
0xc0dd5675528d8d9f05afe601df6ebda59e2a6733,No,1734371230,6.643
0x41aeb883a0073527e5f5653423cbd59339154a72,No,1734371230,6.643
0x8d4d39d2e3104876a0c5fa11efe02597613d2a79,No,1734371230,6.621
0x10c895bf7d9f895cd648448d35f89b23b15dd1a5,No,1734371230,6.566
0x3cbbdc5e6b615eaf094d41fd0f4422c72bcbe8ff,Yes,1734371230,6.547
0xce9164fcbae8e469a0dba805b5310eb1c531690b,No,1734371230,6.546
0xd2c04f656448e78b178d6cc3b2ccf91de6ae7f39,No,1734371230,6.433
0x4b29ce2f88adde97c71207768c580a29cfc9be08,No,1734371230,6.337
0xece039bd21e3910187af408909b6529c629ec8e5,No,1734371230,6.264
0x33d10de1e65e6193044e277a77c3fd02d59b1c3f,No,1734371230,6.25
0x591f5162547dff90c185271726a5eb540d1395de,No,1734371230,6.212
0x9e8b306eea4d50090ac0af1eeac79fcd531eb159,No,1734371230,6.21
0x1cb3a5bd0ea5af39443a822ed34afc8ccb6a901c,No,1734371230,6.206
0xc9534a59ef121516e5e1aead8d45d151e768e216,No,1734371230,6.165
0xf035561dce033ded865e15e69db06cffc88d9213,No,1734371230,6.164
0x74422aea0886e590ca53537de3ef78f47be368a8,No,1734371230,6.116
0x7765a81e13822f1bbcfd0aeedd6765f805a084b2,No,1734371230,6.116
0x761f24ca62486b98f259837542964aa18c176358,No,1734371230,6.116
0x298c506e1a3bd03064f49188948768cb11b26435,No,1734371230,6.116
0x70b0e653e50eff0109ba6b3b3d4f15453e49d311,No,1734371230,6.082
0xe5d067d8634e109c077192c34c972a10ee6fc731,No,1734371230,6.07
0x750a9e546d348e323b8c0f98cf71ea806f37112b,No,1734371230,5.831
0x2fa0686be3b64f0e99a671cf4732bfcf72cd8bad,No,1734371230,5.831
0x62872c62d5087294e4dd4d47012e51e71ceb1745,No,1734371230,5.772
0x82b1c5ffa4fe976869b4156c90073a8b719d671a,No,1734371230,5.645
0x12a491e92dd8d6de3aadef21c4dda3a1d6a3a1cb,No,1734371230,5.576
0x9e979ffff022bbbe891fb64c1cfc61e4447d049a,No,1734371230,5.481
0xdf4beb2691ade973c0ef6a55b3c55f2edb69208d,No,1734371230,5.44
0x4518cd6f9cd1085d0cc1eed7c8b3bcd98afafcd9,No,1734371230,5.435
0xd74f45334c0a754e8d834e1990dab588cdb39140,No,1734371230,5.301
0x6bb0bed604c3c43bb53b9fda53e431c982fc01be,No,1734371230,5.3
0x3b33e186573649c9a6c6380f45246c516c150ee1,No,1734371230,5.293
0xb1b5296bcc9f9de90a676d36485cb30ecc46f900,No,1734371230,5.291
0x8560b084cbb92df9f8961a5e11a0fe28eca37216,No,1734371230,5.257
0x4bb51eb3588358ba59e005b4c5474a2cff7355b7,Yes,1734371230,5.245
0xd05eb495d3839397ca087221e3667a0fa2a6c9bc,No,1734371230,5.213
0x911d9369874711363dd5ea1aa7a4d1d089b595a4,No,1734371230,5.13
0x57356618fff9f4bf3c87fa55594f61d5b8d37f57,No,1734371230,5.038
0x88e02fff8c858603aa1cb44800b18660a3ba3a64,No,1734371230,5.029
0x95ec1c92ca79b3e0fc7599f4d02f60c68fc81b0b,No,1734371230,4.958
0xce0d183b410a53144ef3fc60931911d5ae9f00e6,Yes,1734371230,4.958
0xed6818c68496aff31f6064c880aa235ab99b3acb,No,1734371230,4.833
0xebfd6bc03cfabd6a97c4b0fe5ac3dc0f933e39a2,No,1734371230,4.818
0x04c1d8ca275434bdc1697eda44d1cade92459b34,No,1734371230,4.52
0x3dcde3990c781cec4921af8a0bae1820f649e2c0,No,1734371230,4.451
0xe5d50c7af6c9c0c36e270f6ce8467bef7e27a443,No,1734371230,4.33
0xfd1af514b8b2bf00d1999497668bff26ccdf4c8a,Yes,1734371230,4.116
0x0ad6b75e864892f661c48f578ad95a21638e13e7,No,1734371230,3.512
0x6c1d079f0dea5e7db77590e17eb8be48c490d373,Yes,1734371230,3.014
0x3b65b655cec1533b677cdf1c493a75d904de0406,No,1734371230,3.014
0x33a0b5d7da5314594d2c163d448030b9f1cadcb2,No,1734371230,2.641
0xffa348ad78619bdfe461bb5d2c4c939197b09921,No,1734371230,2.441
0x245bd6b5d8f494df8256ae44737a1e5d59769ab4,No,1734371230,2.366
0x0d3662a58010592abc77dedbf06101c4f0dbb357,No,1734371230,2.295
0x93117c404dd08720da88ea1b48799f87e8d03190,No,1734371230,2.069
0xb235c33eaedbd96271f03154baa0fa4809f023ca,No,1734371230,2.049
0xb9e61ea87e165f038ee73a1492564fe6c81ed776,No,1734371230,2.029
0x761e1ea4b9bfde475b0196a595d2e20845e50c8d,No,1734371230,2.029
0xd4f0e5a2d37e0159789470711c3c6e6d9dae12d7,No,1734371230,2.019
0xaf9460c873bb77d9dfe3e83f687c340558b8f8d7,No,1734371230,1.897
0x71b40c1c502e4bea83a90dddb94f82f16582b044,No,1734371230,1.888
0xeb77a109a1adb1835f6f52a5da8055448e65b1e5,No,1734371230,1.754
0x5c16873795d083fab71d4cbf5b073d22cf38f659,Yes,1734371230,1.723
0xc8747abc6a88bbd20939d83e36295b4defb3989c,No,1734371230,1.648
0xb4b88049a0ac431023e00a7e31cec9d30616505e,Yes,1734371230,1.648
0x6a6032ca59500cb2ecea4997d65521afbc3cf120,No,1734371230,1.637
0x98531797ec179244c8dc97c4b27351d2df787127,No,1734371230,1.628
0xc30b175dfd20cf4a34c661e3b145b3ac7938230a,No,1734371230,1.617
0x026c8ae096ebd22f2f6ce84de9ebf96e5a7887db,No,1734371230,1.617
0x97188c8755443868f150ca2ed307671e7d686744,No,1734371230,1.596
0x5b328c5a0b9f2b02c6787de34dd854ab2d6ea3e5,No,1734371230,1.596
0x8196888886836cb8a6ba4248fe195e31479503d8,No,1734371230,1.596
0xa187408c461f382314c873a2725819ad0ff19d63,No,1734371230,1.596
0x6e590863f9b04189e0d5143eb41367b96dc151ca,No,1734371230,1.577
0xa2a97e9333982471665aecfa4893695cec74a9ef,No,1734371230,1.511
0x5700f03f87db485fdb90e18b3100f00b235886f1,No,1734371230,1.344
0x6b5e43cccab7cb3f45200d2a38c47a269dd011a8,No,1734371230,1.283
0x0a2ff9935e17df1c664201557f1e5e7f3473a68f,No,1734371230,1.254
0xda7ff40887846d5f014a076bf68133cd6f0f3379,No,1734371230,1.158
0xb972788fd94972d673eb3af068df1dfe11a2ec37,No,1734371230,1.072
0xc3792470cee7e0d42c2be8e9552bd651766c5178,No,1734371230,0.67
0x7f162a87531a78ce2ca962a5d3dc82d2e0d22f96,No,1734371230,0.621
0x6fa544cddd47329d3b8cee3c37a759c2f676968c,No,1734371230,0.499
0x28b7bbf621faf339d884c75b013c56e0731b2ada,No,1734371230,0.489
0xa3c0a5e0465e65e56d36d1a7f4684c317d9ce875,No,1734371230,0.47
0x07dd329293000003a159153f6ed12ff7c3a23981,No,1734371230,0.443
0x12c8585b54220fb7b59599b51f76cac4e12f55fe,No,1734371230,0.44
0x478189dc3905a08e456c348905c1e5b03de8023d,No,1734371230,0.438
0xe2067b8f36d8c54d32521646d6d6c3833d5fe7cd,No,1734371230,0.334
0xda02dfb7fe45a1f8f98f2783c3b837a65d40af01,No,1734371230,0.218
0xc7b072b4368e7a221a2de74dac549edcef34cfa3,No,1734371230,0.095
0x460a2319bf0adb90676b6bb5dd5ec8ef34df93cd,No,1734371230,0.094
0xa85f10fde0d65ed8d477fa59036b6eb254e36665,No,1734371230,0.094
0x3a42263bd22fa189072d06169a47ecfce955715f,No,1734371230,0.077
0x409caec195e72ede0b27e4deb55524424c5d54a9,No,1734371230,0.077
0x892bef8fe252b1678cdb581822727c2d4537826b,No,1734371230,0.077
0x16e2e9b9e6c097be009c0b10f8e78f4de99461be,No,1734371230,0.069
0x541ef672f9d8626090ec6699c2a35f29742152a5,No,1734371230,0.068
0xd11fe8cb63b7590d19e7d63c1f65cbfe0845d58a,No,1734371230,0.062
0x6224dd3b4757446de11fca940400c162eb313757,No,1734371230,0.062
0xe2a0c03b1e7a698b63c9f7cf7c37eff577e890a7,No,1734371230,0.06
0xf2a38230ea2e92db69aa520182f368ceec2ed4cd,No,1734371230,0.06
0x31517b5b26dddcf2fad386d21e94a552ed5cebef,No,1734371230,0.05
0x7bc86a45410bd01a9c2c11c2b23b2afb2617f3ff,No,1734371230,0.05
0x9008d19f58aabd9ed0d60971565aa8510560ab41,No,1734371230,0.048
0x617512fa7d3fd26bda51b9ac8c23b04a48d625f1,No,1734371230,0.042
0xcf976705a5326bb97fb26539ca9bb1fa0ba62178,No,1734371230,0.041
0x3879e62972ec43713d296cfd5a9751b351269cf1,No,1734371230,0.036
0x2e6f35eaa69bd20d694b3c6735956a7a54409b57,No,1734371230,0.03
0x031778c7a1c08787aba7a2e0b5149feb5decabd7,No,1734371230,0.025
0x2535c1d30f861cc09ddb961ddd14cc15a6ca4641,No,1734371230,0.014
0xabddc883e535689ba6eb719fabd4efb42bc0b35a,No,1734371230,0.012
0x9f882451cf39314079a7773aa78feb9b6cfbf3ba,No,1734371230,0.012
0xa7bd30c73549c7948e2ef5d46215a5ce95275b98,No,1734371230,0.006
0x4eb299568aefa4de18136f52ba1564a2ccf28158,No,1734371230,0.005
0xd3778cade4ecbc115a8e26c211789c3a6d5ed48c,No,1734371230,0.004
0xe24f35fcc986f94d4cd7c93920a62bafae497db1,No,1734371230,0.001
0xcaf9ade1fddf1b31d490a4629ada638d104e9543,No,1734371230,0.001
0x56cf0ff00fd6cfb23ce964c6338b228b0fa76640,No,1734834831,"565,628.794"
0x334f12afb7d8740868be04719639616533075234,No,1734834831,"194,924.506"
0x874e2b0af4570baf5d116f95744e2d1e5fb7dbb3,No,1734834831,"87,937.528"
0xa932e162a0aaf2c03353d93ae7d4fad29eab37fc,No,1734834831,"55,854.353"
0x2ff064d951996c9fe70d6ba22d8684f37b2e24ec,No,1734834831,"38,381.579"
0xde1f8a73aac5a18a04395b40fc6eee093964faf4,No,1734834831,"24,033.279"
0x04a9edd12ed304efb5e5fe83109a65e8e84799c3,No,1734834831,"16,961.068"
0x9eb6d10f75b364662313ee3099173dc3ac4048c9,No,1734834831,"9,037.135"
0x7b2e78d4dfaaba045a167a70da285e30e8fca196,No,1734834831,"7,676.386"
0x6464dd204ead251e0d767d60640cafc0c02a06de,No,1734834831,"3,227.664"
0xaa36deb402ccf0fee2aa09974552154a9564ae20,No,1734834831,"2,639.408"
0x447b68dc638a582612b3f1443538211665461949,No,1734834831,998.654
0xec9048b59b3467415b1a38f63416407ea0c70fb8,No,1734834831,876.619
0x5b2b22146bb8cfc3619c8b5ff3b287a10a056b9a,No,1734834831,852.146
0x85c6737ada32ed46066f45d28a612b7647c66410,Yes,1734834831,824.382
0xd08c3627600c05e979ae936686736e602c8e6bb2,No,1734834831,696.88
0x159d726ab894970fb32387ae9cb072111fd4508e,No,1734834831,677.54
0x09f0d730696899de00988166aba081bd3aba3e72,Yes,1734834831,491.841
0xe082bda07536420401187ba7225ff5f56c30998b,No,1734834831,438.699
0xc9fdc4e87eff1a29bccbada939c6aca7590e1660,No,1734834831,376.676
0x95cde8b6ebddf03f5bd4ecc82a74664cd72cd87c,No,1734834831,314.643
0x9c2b07dd951edae10fbf58bb98a1448cde417f58,No,1734834831,294.47
0x983ced6e1d35718122f0b1f9b4eafc04185c1130,No,1734834831,244.636
0x55aa033bcbf561910503609f2a30f0cc6eba11ab,No,1734834831,229.331
0x1b267d2fcb91d73e45db8135aa2e4741f94a2272,No,1734834831,227.708
0x20b69fda9379c8ae82cb78ea71d4d9e740e88196,No,1734834831,211.349
0x41222737c2dade698e5d1670fa25276674d1e522,No,1734834831,159.557
0xe7f13052fe2ba7d038dac18de5e730542e3979bc,Yes,1734834831,158.999
0xa83935efd1d09dbd0e09021036b6b79b211baf65,No,1734834831,152.766
0xbc9e9f2a49ea0f0619f79c0a0d8b4a19ba79cba7,No,1734834831,151.185
0x6687c671980e65ebd722b9146fc61e2471558dd6,Yes,1734834831,121.623
0xef364e390ff3f326e3153d0b9c4b944db42155e5,No,1734834831,118.246
0x5e7b645d5bf86750cb1913122ba8a8545e2a9fd1,No,1734834831,106.406
0xeb2aec308e7b3340dea2e89d40187d2637c6c649,No,1734834831,101.316
0x55122fdca4ba43294677d96c12ce76dabc459a2b,No,1734834831,83.306
0x187e0966046da5b110fdc986c9b94bd8416837af,No,1734834831,82.211
0x4735cb9fe8e3ee6d5f34f277af0fcb6442aa1894,No,1734834831,78.157
0xe18ff9d58b4deb8c17ccba79a87fbed548ab06b3,No,1734834831,69.669
0x56e665674d26a3ec69ea0e27f001d42481f7ff53,No,1734834831,55.078
0x0e22e2cf9d80593947a340ca4248c7901c2cb9cb,No,1734834831,52.548
0xb6e5b0a2a363a326025f1c9ac1fe7b5ae2633f3f,No,1734834831,49.481
0x770569f85346b971114e11e4bb5f7ac776673469,No,1734834831,47.62
0x67ab5b66debc3217105ab356a219137a0bc07d3a,Yes,1734834831,39.51
0xd97beffdf558b269257feba5df111ab718b71e24,No,1734834831,37.098
0x6428178a1324896bd8ea897565d909945da33ee9,No,1734834831,33.747
0xea08fea6702fc34625bdb968689c497d33047ae5,No,1734834831,30.823
0x35d3cbcf2d75c82febfddf69b01d2dd78fd780eb,No,1734834831,26.722
0x89c4acb8b5b5b8e5b2121934b9e143569a914c80,No,1734834831,26.103
0x23069f1978fe4d6ec88bf0b84bca2b39d3b285e1,No,1734834831,18.074
0xf28a1ff4cd9b579b55195cb9528ef8f7a8b10a33,No,1734834831,17.666
0x470ba0f3bc80d88d3cd9cfd28dd125da0e545993,No,1734834831,17.489
0x461cbd5765360733a02d4571591d54c8b8a517ea,No,1734834831,16.783
0x4edca105188a0783ab3a6f09c50567d1e3f8591d,No,1734834831,15.932
0xdbd5e2bf0e87a6361bd0b587cc4c0b3fcf5dc259,No,1734834831,15.901
0x0c4f8ccbb4cf9c2ee568e33f21c807b1931726e4,No,1734834831,14.859
0xb9385eb2b944370adcdc22af45ace6140bda6225,No,1734834831,14.601
0x989d0901ab8ed1032987a7706b58a881589fccea,No,1734834831,14.513
0x71044ae277bac65c4dfcd598d07a60fc6810fb8e,No,1734834831,13.994
0x1ce34e220bd710d1a84a135f345b650cc7770e9f,No,1734834831,13.373
0xeaf1eb60c3359b12d501d23a372256846ddbff8d,No,1734834831,13.349
0x41aeb883a0073527e5f5653423cbd59339154a72,No,1734834831,13.326
0xca5c758a8b9892a3e1b745f2039efa9491c18f7a,No,1734834831,12.909
0xefb8e220f012241a00f5dae4a5b2c473a742a63a,No,1734834831,12.596
0x5bd07249115373c2f069da83592706fac4e70c66,No,1734834831,12.364
0x28abd3190674dc57e4d3bebeec22f78d121810d5,No,1734834831,12.175
0x5700f03f87db485fdb90e18b3100f00b235886f1,No,1734834831,10.935
0x431f2b6e43bed4d845ac5d9b5d030dfc8987691d,No,1734834831,10.678
0x978a89b0178ea8054a99f5bddb0081ea6a3c27c3,No,1734834831,10.666
0x90dafb210c44f4b72e591e7e2f583154290e5d83,No,1734834831,10.56
0xaead6593710bf28bf4848b24f4ed1f130773d7e6,No,1734834831,10.483
0x25124024390ac79659ed699b087a3e748686df7b,No,1734834831,10.393
0xf94bfbd175219331f9ff323ea703ebd2a05fd33a,No,1734834831,10.393
0x001fe2cdbeeb0743679e958c0861dd8788b28b19,No,1734834831,10.393
0x6841ccc2fa23efe3bbe98492f026756479e4a4ec,No,1734834831,10.393
0x9fbcbfdc3c66562113daba8b501d0d7d55e84688,No,1734834831,10.393
0xa63cb29de16607dd5ac18b6cb65bead58d04ac25,No,1734834831,10.393
0x68c0dd2b5a5df00bca4f7df8ca9b1425fe817728,No,1734834831,10.393
0x23d2874d56bba76af9866604c76fc5347058aad7,No,1734834831,10.393
0x29397b5b81579504c446e8e86c88196491be5ec5,No,1734834831,10.393
0x9ac5f8c48ade024a006206ca5ebd06f275f243ec,No,1734834831,10.393
0x1520ab7dd2ca282fca2810cb7df071c9de3e2f5c,No,1734834831,10.393
0x31287a933b2e153654105013d595dcbd6664fcf9,No,1734834831,10.393
0x7cd192ff8e2e3e5bf8b5e85f858c0f83e22f771d,No,1734834831,10.393
0xd2946cb43fd692f8776be5c91dc523aa3fe69f1d,No,1734834831,10.393
0xe6a46ea30a1ef48e8ab2179a203c137702147073,No,1734834831,10.393
0xe69d81fad86ac5295a1261930c19e7ad009aa52e,No,1734834831,10.393
0xc7baf12d871f26b09dfa61a6e9e3b2eaef7a159a,No,1734834831,10.393
0x09a2aa22db9f97aabd3da897b156d944c8c50e0f,No,1734834831,10.393
0x75f04fbf12ed979873db692eab1a904abe1e2f32,No,1734834831,10.393
0x409ad638c059375de57d455b78520470ed13f282,No,1734834831,10.393
0x8c0733ba6295af19ae294c19b34e7d163acc7197,No,1734834831,10.393
0x75202586d58c8d2ed726b4abdcda3ecdd91c1e34,No,1734834831,10.393
0x91dc3d24895bb29033cbbf48ed6b5f7b0510d83c,No,1734834831,10.393
0x1d6b8e5fa836c7d5846fb76f188b008c10b67ba5,No,1734834831,10.393
0x5bf79c7bf66a6aa75f4fef4004bc7d527fdf8250,No,1734834831,10.393
0x74aadf1281a7f5546e13f17de5101a310a33bf3f,No,1734834831,10.393
0x683132fe975fac296f21919d625a94a4a86f6fa6,No,1734834831,10.393
0xb7806b30034cc8d13390aa0b713dc0c326cd4358,No,1734834831,10.393
0x4ddcdfbef53747089cab9d775aa461e7a088ff3c,No,1734834831,10.393
0xd50ea36556e1c9abece88a1d9ad5b38261ab515b,No,1734834831,10.393
0x0182518980f999ad0c9527d864c15492ab3beeae,No,1734834831,10.393
0x9ac0605353f447a49845365ded45fc57e609a319,No,1734834831,10.393
0x327c7b1e4bcaa69afa029f042dda3722e3ed74c1,No,1734834831,10.393
0x15923b51ecc5de696d67a85d2a493908c750b237,No,1734834831,10.393
0xaeeb3b86314009f5ee315c49414646a1f5709d1c,No,1734834831,10.393
0x441e1e47a6fa2dbfd3cd9b54291e9ab3a58d7975,No,1734834831,10.393
0x41cd6228341ea33e8d9659f09bf0e5aadc54c5e7,Yes,1734834831,10.393
0x6bc8679c27b49cc4be2c8faf9906bc0465727cf3,No,1734834831,10.393
0x5ac691d7b535cbb755de910123c656ac407f6f29,No,1734834831,10.393
0x1f5fae0615ee87196f229ea19d726d58846bdc0e,No,1734834831,10.393
0x8f8be6f1eac8432e3f0e460402fcb358311a86d4,No,1734834831,10.393
0x4ca2a670bd5505b870b21331a53d9bb4ae6e2084,No,1734834831,10.393
0xc7b6717c5c30a5645ba308afd2b0df42b850d8e3,No,1734834831,10.393
0xe3cd70be09c3a45b73ff5d7cfe37f8b5309ebbdc,No,1734834831,10.393
0x717f0a9ee93fde2ae196b61b51fda5b892c02b3d,No,1734834831,10.393
0xf7d7d7dacb1215fba1f6cdd1361092796680cf4f,No,1734834831,10.393
0xf8d97b0de945bb3ec6d634e0fdc48b6a3b9fcb1f,No,1734834831,10.393
0x0eb682c54bb74e0fb37894e4f0b02127e5fb865f,No,1734834831,10.393
0x56f446074d3dc521786ea456e725775819e260cb,No,1734834831,10.393
0x84d766fb6c86dd8983e5cab3d17e6630c278277e,No,1734834831,10.393
0x31a026bbd8ddc0f95ad827c17c37c0d8fc25d3ff,No,1734834831,10.393
0x79cda2b2fa8b3c080da06ddce3416b8e4b7c1b14,No,1734834831,10.393
0xd51aea4a4ba241ded4112c017d73c976a967139f,No,1734834831,10.393
0x3975f79ce2cae19b8d4d5e1f4b134e241bf6f10a,No,1734834831,10.393
0xcf3c78a77ff01b451a21301a522c48b92a029e70,Yes,1734834831,9.621
0x4d6caa3e0983fac7b514d60339ebb538c5a85aae,No,1734834831,9.545
0x224623eeb6fadb6ff76f5be4b570ee06ee282868,No,1734834831,9.538
0x91fd26ec02642bed576d4f7efac19592568e12da,No,1734834831,9.433
0x7ba8868efcc2f04bf9d1a9445d7843d7ae5dd1b4,No,1734834831,9.401
0xab06ff77044db8a5a48f1b49833d87abfaebad09,No,1734834831,9.042
0x61520cc833313c4d4d4ed61e0dfca3b4923318c5,No,1734834831,8.844
0x5d4adb6eca975bab50d2490ccdfe5d9cd1bf4882,No,1734834831,8.842
0x38ef098f74393d219d92c5112055e618c6bde2d7,No,1734834831,8.834
0x1a15c730fe686ecf8ba44e3f9b21d5389b55bfbf,No,1734834831,8.825
0xaaad392d9c7b9489c480f57c809d3209cf26c930,No,1734834831,8.645
0xe3ac17a0284ce1a551debafb0e57301c7226dbe9,No,1734834831,8.461
0x6555032a163641b5f7c9ba32f9543acef7a1559c,No,1734834831,8.411
0xd27cd4e2c3f168dbf9b4cfcd82664480973151e9,No,1734834831,8.376
0x5114c9e5872ef18e714530da9000c50a4df38629,No,1734834831,8.198
0x6280dc842f55ecca9b7a7d490f892bd9adc4ab17,No,1734834831,8.126
0x40ef22af7c049cafae144f341f8d44a46ade66b1,No,1734834831,8.067
0x1ca0a84230d73a986681b22391c198ad5887903c,No,1734834831,8.067
0x62efbbc99349456ae6cb45feaec6ee5b9f15883c,No,1734834831,8.067
0x128b83d86d41f2c0a2a549d70a8f5e255d2f9896,No,1734834831,8.067
0x9c64c4b1a9d2eb9fae60cd9fecf86557f584117b,No,1734834831,8.067
0xfc651a9e723a4da0e7eb264f6f73a680d9721f69,No,1734834831,8.067
0x96103652ef1d66d7a8f3b66060d126d82a456f47,No,1734834831,7.852
0x9026a44fb446da394f5810fdb4708a7879cebe34,No,1734834831,7.665
0x1afbcd54aff10fdf0c2e7de4cde86b3e75a3e4e7,No,1734834831,7.607
0xdfc2ad6492faa517b5572f9fa61716d4f9d121ed,No,1734834831,7.549
0xd6a2a456b48836f38ace550c59c421ca24f1681a,No,1734834831,7.374
0xe5dd78c224f26e306c84a9b1aa2def30bdf15835,No,1734834831,7.29
0xcba986c46f6908be6ee07bf868bb812978c32e08,No,1734834831,7.29
0xe5c3aabac09838405b82b10b4ddae5a48ae57f9d,No,1734834831,7.263
0x6fdb1e4206d119555c3ac61ac20c76eb818fa567,No,1734834831,6.811
0xa7cac6d048d42c48470cb93307e6898356a13320,No,1734834831,6.668
0x68bf9733a1b5688feb430b1d200b2299c74885b1,No,1734834831,6.643
0x9d9e26932d012b2ab21b974fe1552f4025b1e1cc,No,1734834831,6.643
0x380e7360085407892f33da521dfb01da82b5f2be,No,1734834831,6.643
0x9c1a52b599cf652701b41bf137ae022a894b5ea3,No,1734834831,6.643
0xc0dd5675528d8d9f05afe601df6ebda59e2a6733,No,1734834831,6.643
0x8d4d39d2e3104876a0c5fa11efe02597613d2a79,No,1734834831,6.621
0x10c895bf7d9f895cd648448d35f89b23b15dd1a5,No,1734834831,6.566
0x3cbbdc5e6b615eaf094d41fd0f4422c72bcbe8ff,Yes,1734834831,6.547
0xce9164fcbae8e469a0dba805b5310eb1c531690b,No,1734834831,6.546
0xd2c04f656448e78b178d6cc3b2ccf91de6ae7f39,No,1734834831,6.433
0x4b29ce2f88adde97c71207768c580a29cfc9be08,No,1734834831,6.337
0xece039bd21e3910187af408909b6529c629ec8e5,No,1734834831,6.264
0x33d10de1e65e6193044e277a77c3fd02d59b1c3f,No,1734834831,6.25
0x591f5162547dff90c185271726a5eb540d1395de,No,1734834831,6.212
0x9e8b306eea4d50090ac0af1eeac79fcd531eb159,No,1734834831,6.21
0x1cb3a5bd0ea5af39443a822ed34afc8ccb6a901c,No,1734834831,6.206
0xc9534a59ef121516e5e1aead8d45d151e768e216,No,1734834831,6.165
0xf035561dce033ded865e15e69db06cffc88d9213,No,1734834831,6.164
0x74422aea0886e590ca53537de3ef78f47be368a8,No,1734834831,6.116
0x7765a81e13822f1bbcfd0aeedd6765f805a084b2,No,1734834831,6.116
0x761f24ca62486b98f259837542964aa18c176358,No,1734834831,6.116
0x298c506e1a3bd03064f49188948768cb11b26435,No,1734834831,6.116
0x70b0e653e50eff0109ba6b3b3d4f15453e49d311,No,1734834831,6.082
0xe5d067d8634e109c077192c34c972a10ee6fc731,No,1734834831,6.07
0x750a9e546d348e323b8c0f98cf71ea806f37112b,No,1734834831,5.831
0x2fa0686be3b64f0e99a671cf4732bfcf72cd8bad,No,1734834831,5.831
0x62872c62d5087294e4dd4d47012e51e71ceb1745,No,1734834831,5.772
0x82b1c5ffa4fe976869b4156c90073a8b719d671a,No,1734834831,5.645
0x12a491e92dd8d6de3aadef21c4dda3a1d6a3a1cb,No,1734834831,5.576
0x9e979ffff022bbbe891fb64c1cfc61e4447d049a,No,1734834831,5.481
0xdf4beb2691ade973c0ef6a55b3c55f2edb69208d,No,1734834831,5.44
0x4518cd6f9cd1085d0cc1eed7c8b3bcd98afafcd9,No,1734834831,5.435
0xd74f45334c0a754e8d834e1990dab588cdb39140,No,1734834831,5.301
0x6bb0bed604c3c43bb53b9fda53e431c982fc01be,No,1734834831,5.3
0x3b33e186573649c9a6c6380f45246c516c150ee1,No,1734834831,5.293
0xb1b5296bcc9f9de90a676d36485cb30ecc46f900,No,1734834831,5.291
0x8560b084cbb92df9f8961a5e11a0fe28eca37216,No,1734834831,5.257
0x4bb51eb3588358ba59e005b4c5474a2cff7355b7,Yes,1734834831,5.245
0xd05eb495d3839397ca087221e3667a0fa2a6c9bc,No,1734834831,5.213
0x911d9369874711363dd5ea1aa7a4d1d089b595a4,No,1734834831,5.13
0x57356618fff9f4bf3c87fa55594f61d5b8d37f57,No,1734834831,5.038
0x88e02fff8c858603aa1cb44800b18660a3ba3a64,No,1734834831,5.029
0x95ec1c92ca79b3e0fc7599f4d02f60c68fc81b0b,No,1734834831,4.958
0xce0d183b410a53144ef3fc60931911d5ae9f00e6,Yes,1734834831,4.958
0xed6818c68496aff31f6064c880aa235ab99b3acb,No,1734834831,4.833
0xebfd6bc03cfabd6a97c4b0fe5ac3dc0f933e39a2,No,1734834831,4.818
0x04c1d8ca275434bdc1697eda44d1cade92459b34,No,1734834831,4.52
0x3dcde3990c781cec4921af8a0bae1820f649e2c0,No,1734834831,4.451
0xe5d50c7af6c9c0c36e270f6ce8467bef7e27a443,No,1734834831,4.33
0xfd1af514b8b2bf00d1999497668bff26ccdf4c8a,Yes,1734834831,4.116
0x0ad6b75e864892f661c48f578ad95a21638e13e7,No,1734834831,3.512
0x6c1d079f0dea5e7db77590e17eb8be48c490d373,Yes,1734834831,3.014
0x3b65b655cec1533b677cdf1c493a75d904de0406,No,1734834831,3.014
0x33a0b5d7da5314594d2c163d448030b9f1cadcb2,No,1734834831,2.641
0xffa348ad78619bdfe461bb5d2c4c939197b09921,No,1734834831,2.441
0x245bd6b5d8f494df8256ae44737a1e5d59769ab4,No,1734834831,2.366
0x0d3662a58010592abc77dedbf06101c4f0dbb357,No,1734834831,2.295
0x93117c404dd08720da88ea1b48799f87e8d03190,No,1734834831,2.069
0xb235c33eaedbd96271f03154baa0fa4809f023ca,No,1734834831,2.049
0xb9e61ea87e165f038ee73a1492564fe6c81ed776,No,1734834831,2.029
0x761e1ea4b9bfde475b0196a595d2e20845e50c8d,No,1734834831,2.029
0xd4f0e5a2d37e0159789470711c3c6e6d9dae12d7,No,1734834831,2.019
0x9f1ae497afad289aa370f3f4ad038bc5e35f3c27,No,1734834831,2
0xaf9460c873bb77d9dfe3e83f687c340558b8f8d7,No,1734834831,1.897
0x71b40c1c502e4bea83a90dddb94f82f16582b044,No,1734834831,1.888
0x5c16873795d083fab71d4cbf5b073d22cf38f659,Yes,1734834831,1.723
0xc8747abc6a88bbd20939d83e36295b4defb3989c,No,1734834831,1.648
0xb4b88049a0ac431023e00a7e31cec9d30616505e,Yes,1734834831,1.648
0x6a6032ca59500cb2ecea4997d65521afbc3cf120,No,1734834831,1.637
0x98531797ec179244c8dc97c4b27351d2df787127,No,1734834831,1.628
0xc30b175dfd20cf4a34c661e3b145b3ac7938230a,No,1734834831,1.617
0x026c8ae096ebd22f2f6ce84de9ebf96e5a7887db,No,1734834831,1.617
0x97188c8755443868f150ca2ed307671e7d686744,No,1734834831,1.596
0x5b328c5a0b9f2b02c6787de34dd854ab2d6ea3e5,No,1734834831,1.596
0x8196888886836cb8a6ba4248fe195e31479503d8,No,1734834831,1.596
0xa187408c461f382314c873a2725819ad0ff19d63,No,1734834831,1.596
0x6e590863f9b04189e0d5143eb41367b96dc151ca,No,1734834831,1.577
0xa2a97e9333982471665aecfa4893695cec74a9ef,No,1734834831,1.511
0x6b5e43cccab7cb3f45200d2a38c47a269dd011a8,No,1734834831,1.283
0x0a2ff9935e17df1c664201557f1e5e7f3473a68f,No,1734834831,1.254
0xda7ff40887846d5f014a076bf68133cd6f0f3379,No,1734834831,1.158
0xb972788fd94972d673eb3af068df1dfe11a2ec37,No,1734834831,1.072
0x206c5915856ef684d9f816f3747224c853933115,No,1734834831,0.879
0xc3792470cee7e0d42c2be8e9552bd651766c5178,No,1734834831,0.67
0x7f162a87531a78ce2ca962a5d3dc82d2e0d22f96,No,1734834831,0.621
0x6fa544cddd47329d3b8cee3c37a759c2f676968c,No,1734834831,0.499
0x28b7bbf621faf339d884c75b013c56e0731b2ada,No,1734834831,0.489
0xa3c0a5e0465e65e56d36d1a7f4684c317d9ce875,No,1734834831,0.47
0x07dd329293000003a159153f6ed12ff7c3a23981,No,1734834831,0.443
0x478189dc3905a08e456c348905c1e5b03de8023d,No,1734834831,0.442
0x12c8585b54220fb7b59599b51f76cac4e12f55fe,No,1734834831,0.44
0xe2067b8f36d8c54d32521646d6d6c3833d5fe7cd,No,1734834831,0.334
0xda02dfb7fe45a1f8f98f2783c3b837a65d40af01,No,1734834831,0.218
0xc7b072b4368e7a221a2de74dac549edcef34cfa3,No,1734834831,0.104
0x460a2319bf0adb90676b6bb5dd5ec8ef34df93cd,No,1734834831,0.094
0xa85f10fde0d65ed8d477fa59036b6eb254e36665,No,1734834831,0.094
0x031778c7a1c08787aba7a2e0b5149feb5decabd7,No,1734834831,0.084
0x3a42263bd22fa189072d06169a47ecfce955715f,No,1734834831,0.077
0x409caec195e72ede0b27e4deb55524424c5d54a9,No,1734834831,0.077
0x892bef8fe252b1678cdb581822727c2d4537826b,No,1734834831,0.077
0x16e2e9b9e6c097be009c0b10f8e78f4de99461be,No,1734834831,0.069
0x541ef672f9d8626090ec6699c2a35f29742152a5,No,1734834831,0.068
0xd11fe8cb63b7590d19e7d63c1f65cbfe0845d58a,No,1734834831,0.062
0x6224dd3b4757446de11fca940400c162eb313757,No,1734834831,0.062
0xe2a0c03b1e7a698b63c9f7cf7c37eff577e890a7,No,1734834831,0.06
0xf2a38230ea2e92db69aa520182f368ceec2ed4cd,No,1734834831,0.06
0x9008d19f58aabd9ed0d60971565aa8510560ab41,No,1734834831,0.051
0x31517b5b26dddcf2fad386d21e94a552ed5cebef,No,1734834831,0.05
0x7bc86a45410bd01a9c2c11c2b23b2afb2617f3ff,No,1734834831,0.05
0x617512fa7d3fd26bda51b9ac8c23b04a48d625f1,No,1734834831,0.042
0xcf976705a5326bb97fb26539ca9bb1fa0ba62178,No,1734834831,0.041
0x3879e62972ec43713d296cfd5a9751b351269cf1,No,1734834831,0.036
0x2e6f35eaa69bd20d694b3c6735956a7a54409b57,No,1734834831,0.03
0x2535c1d30f861cc09ddb961ddd14cc15a6ca4641,No,1734834831,0.021
0xa7bd30c73549c7948e2ef5d46215a5ce95275b98,No,1734834831,0.016
0xabddc883e535689ba6eb719fabd4efb42bc0b35a,No,1734834831,0.012
0x9f882451cf39314079a7773aa78feb9b6cfbf3ba,No,1734834831,0.012
0x529070265656213bd739d9cfda525a31fd353b1a,No,1734834831,0.009
0x5ab7971c6e46f55367c1090b863746dc6b1ebb8c,No,1734834831,0.008
0xf8fb9316fa63e6401311ad1c861a569087ba3f60,No,1734834831,0.007
0x4eb299568aefa4de18136f52ba1564a2ccf28158,No,1734834831,0.005
0xeb77a109a1adb1835f6f52a5da8055448e65b1e5,No,1734834831,0.005
0x2a5a9951e1b4e4fcbfa1c23ee24c72e2b3c907d6,No,1734834831,0.005
0xd3778cade4ecbc115a8e26c211789c3a6d5ed48c,No,1734834831,0.004
0xe24f35fcc986f94d4cd7c93920a62bafae497db1,No,1734834831,0.001
0xcaf9ade1fddf1b31d490a4629ada638d104e9543,No,1734834831,0.001
0x56cf0ff00fd6cfb23ce964c6338b228b0fa76640,No,1735293468,"565,631.102"
0x334f12afb7d8740868be04719639616533075234,No,1735293468,"194,924.506"
0x874e2b0af4570baf5d116f95744e2d1e5fb7dbb3,No,1735293468,"87,937.528"
0xa932e162a0aaf2c03353d93ae7d4fad29eab37fc,No,1735293468,"55,846.74"
0x2ff064d951996c9fe70d6ba22d8684f37b2e24ec,No,1735293468,"38,381.579"
0xde1f8a73aac5a18a04395b40fc6eee093964faf4,No,1735293468,"24,033.279"
0x04a9edd12ed304efb5e5fe83109a65e8e84799c3,No,1735293468,"16,961.068"
0x9eb6d10f75b364662313ee3099173dc3ac4048c9,No,1735293468,"9,096.935"
0x7b2e78d4dfaaba045a167a70da285e30e8fca196,No,1735293468,"7,676.386"
0xaa36deb402ccf0fee2aa09974552154a9564ae20,No,1735293468,"3,726.224"
0x6464dd204ead251e0d767d60640cafc0c02a06de,No,1735293468,"3,227.664"
0x447b68dc638a582612b3f1443538211665461949,No,1735293468,998.654
0xec9048b59b3467415b1a38f63416407ea0c70fb8,No,1735293468,876.619
0x5b2b22146bb8cfc3619c8b5ff3b287a10a056b9a,No,1735293468,852.146
0x85c6737ada32ed46066f45d28a612b7647c66410,Yes,1735293468,824.414
0xd08c3627600c05e979ae936686736e602c8e6bb2,No,1735293468,696.88
0x159d726ab894970fb32387ae9cb072111fd4508e,No,1735293468,677.54
0x60abacfaa6f3bd4072707fce6f4eaaaae414847b,No,1735293468,645.374
0x09f0d730696899de00988166aba081bd3aba3e72,Yes,1735293468,491.841
0xe082bda07536420401187ba7225ff5f56c30998b,No,1735293468,438.702
0xc9fdc4e87eff1a29bccbada939c6aca7590e1660,No,1735293468,376.676
0x95cde8b6ebddf03f5bd4ecc82a74664cd72cd87c,No,1735293468,365.842
0x9c2b07dd951edae10fbf58bb98a1448cde417f58,No,1735293468,294.47
0x983ced6e1d35718122f0b1f9b4eafc04185c1130,No,1735293468,244.636
0x55aa033bcbf561910503609f2a30f0cc6eba11ab,No,1735293468,229.331
0x1b267d2fcb91d73e45db8135aa2e4741f94a2272,No,1735293468,227.708
0x59fe26a06a036e487a3e8218786e8512362f37df,No,1735293468,213.178
0x20b69fda9379c8ae82cb78ea71d4d9e740e88196,No,1735293468,211.349
0x5c16873795d083fab71d4cbf5b073d22cf38f659,Yes,1735293468,196.78
0x41222737c2dade698e5d1670fa25276674d1e522,No,1735293468,159.557
0xe7f13052fe2ba7d038dac18de5e730542e3979bc,Yes,1735293468,158.999
0xa83935efd1d09dbd0e09021036b6b79b211baf65,No,1735293468,152.766
0xbc9e9f2a49ea0f0619f79c0a0d8b4a19ba79cba7,No,1735293468,151.185
0x6687c671980e65ebd722b9146fc61e2471558dd6,Yes,1735293468,131.269
0xef364e390ff3f326e3153d0b9c4b944db42155e5,No,1735293468,118.246
0x5e7b645d5bf86750cb1913122ba8a8545e2a9fd1,No,1735293468,106.406
0xeb2aec308e7b3340dea2e89d40187d2637c6c649,No,1735293468,101.316
0x55122fdca4ba43294677d96c12ce76dabc459a2b,No,1735293468,83.306
0x187e0966046da5b110fdc986c9b94bd8416837af,No,1735293468,82.211
0x4735cb9fe8e3ee6d5f34f277af0fcb6442aa1894,No,1735293468,78.157
0xe18ff9d58b4deb8c17ccba79a87fbed548ab06b3,No,1735293468,69.669
0x56e665674d26a3ec69ea0e27f001d42481f7ff53,No,1735293468,55.078
0x0e22e2cf9d80593947a340ca4248c7901c2cb9cb,No,1735293468,52.548
0xb6e5b0a2a363a326025f1c9ac1fe7b5ae2633f3f,No,1735293468,49.481
0x770569f85346b971114e11e4bb5f7ac776673469,No,1735293468,47.62
0x67ab5b66debc3217105ab356a219137a0bc07d3a,Yes,1735293468,39.51
0xd97beffdf558b269257feba5df111ab718b71e24,No,1735293468,37.099
0x6428178a1324896bd8ea897565d909945da33ee9,No,1735293468,33.747
0xea08fea6702fc34625bdb968689c497d33047ae5,No,1735293468,30.823
0xfc9dcba32cc3c86cef07e69c3fae630db2785a9e,No,1735293468,28.87
0x35d3cbcf2d75c82febfddf69b01d2dd78fd780eb,No,1735293468,26.722
0x89c4acb8b5b5b8e5b2121934b9e143569a914c80,No,1735293468,26.103
0x23069f1978fe4d6ec88bf0b84bca2b39d3b285e1,No,1735293468,18.074
0xf28a1ff4cd9b579b55195cb9528ef8f7a8b10a33,No,1735293468,17.666
0x470ba0f3bc80d88d3cd9cfd28dd125da0e545993,No,1735293468,17.489
0x461cbd5765360733a02d4571591d54c8b8a517ea,No,1735293468,16.783
0x4edca105188a0783ab3a6f09c50567d1e3f8591d,No,1735293468,15.932
0xdbd5e2bf0e87a6361bd0b587cc4c0b3fcf5dc259,No,1735293468,15.901
0x0c4f8ccbb4cf9c2ee568e33f21c807b1931726e4,No,1735293468,14.859
0x59512422af0709c7cab8285838975cd8d7c7ce7d,No,1735293468,14.855
0xb9385eb2b944370adcdc22af45ace6140bda6225,No,1735293468,14.601
0x989d0901ab8ed1032987a7706b58a881589fccea,No,1735293468,14.513
0x71044ae277bac65c4dfcd598d07a60fc6810fb8e,No,1735293468,13.994
0x1ce34e220bd710d1a84a135f345b650cc7770e9f,No,1735293468,13.373
0xeaf1eb60c3359b12d501d23a372256846ddbff8d,No,1735293468,13.349
0x41aeb883a0073527e5f5653423cbd59339154a72,No,1735293468,13.326
0xca5c758a8b9892a3e1b745f2039efa9491c18f7a,No,1735293468,12.909
0xefb8e220f012241a00f5dae4a5b2c473a742a63a,No,1735293468,12.51
0x5bd07249115373c2f069da83592706fac4e70c66,No,1735293468,12.364
0x28abd3190674dc57e4d3bebeec22f78d121810d5,No,1735293468,12.175
0x5700f03f87db485fdb90e18b3100f00b235886f1,No,1735293468,10.935
0x431f2b6e43bed4d845ac5d9b5d030dfc8987691d,No,1735293468,10.678
0x978a89b0178ea8054a99f5bddb0081ea6a3c27c3,No,1735293468,10.666
0x90dafb210c44f4b72e591e7e2f583154290e5d83,No,1735293468,10.56
0xaead6593710bf28bf4848b24f4ed1f130773d7e6,No,1735293468,10.483
0x25124024390ac79659ed699b087a3e748686df7b,No,1735293468,10.393
0xf94bfbd175219331f9ff323ea703ebd2a05fd33a,No,1735293468,10.393
0x001fe2cdbeeb0743679e958c0861dd8788b28b19,No,1735293468,10.393
0x6841ccc2fa23efe3bbe98492f026756479e4a4ec,No,1735293468,10.393
0x9fbcbfdc3c66562113daba8b501d0d7d55e84688,No,1735293468,10.393
0xa63cb29de16607dd5ac18b6cb65bead58d04ac25,No,1735293468,10.393
0x68c0dd2b5a5df00bca4f7df8ca9b1425fe817728,No,1735293468,10.393
0x23d2874d56bba76af9866604c76fc5347058aad7,No,1735293468,10.393
0x29397b5b81579504c446e8e86c88196491be5ec5,No,1735293468,10.393
0x9ac5f8c48ade024a006206ca5ebd06f275f243ec,No,1735293468,10.393
0x1520ab7dd2ca282fca2810cb7df071c9de3e2f5c,No,1735293468,10.393
0x31287a933b2e153654105013d595dcbd6664fcf9,No,1735293468,10.393
0x7cd192ff8e2e3e5bf8b5e85f858c0f83e22f771d,No,1735293468,10.393
0xd2946cb43fd692f8776be5c91dc523aa3fe69f1d,No,1735293468,10.393
0xe6a46ea30a1ef48e8ab2179a203c137702147073,No,1735293468,10.393
0xe69d81fad86ac5295a1261930c19e7ad009aa52e,No,1735293468,10.393
0xc7baf12d871f26b09dfa61a6e9e3b2eaef7a159a,No,1735293468,10.393
0x09a2aa22db9f97aabd3da897b156d944c8c50e0f,No,1735293468,10.393
0x75f04fbf12ed979873db692eab1a904abe1e2f32,No,1735293468,10.393
0x409ad638c059375de57d455b78520470ed13f282,No,1735293468,10.393
0x8c0733ba6295af19ae294c19b34e7d163acc7197,No,1735293468,10.393
0x75202586d58c8d2ed726b4abdcda3ecdd91c1e34,No,1735293468,10.393
0x91dc3d24895bb29033cbbf48ed6b5f7b0510d83c,No,1735293468,10.393
0x1d6b8e5fa836c7d5846fb76f188b008c10b67ba5,No,1735293468,10.393
0x5bf79c7bf66a6aa75f4fef4004bc7d527fdf8250,No,1735293468,10.393
0x74aadf1281a7f5546e13f17de5101a310a33bf3f,No,1735293468,10.393
0x683132fe975fac296f21919d625a94a4a86f6fa6,No,1735293468,10.393
0xb7806b30034cc8d13390aa0b713dc0c326cd4358,No,1735293468,10.393
0x4ddcdfbef53747089cab9d775aa461e7a088ff3c,No,1735293468,10.393
0xd50ea36556e1c9abece88a1d9ad5b38261ab515b,No,1735293468,10.393
0x0182518980f999ad0c9527d864c15492ab3beeae,No,1735293468,10.393
0x9ac0605353f447a49845365ded45fc57e609a319,No,1735293468,10.393
0x327c7b1e4bcaa69afa029f042dda3722e3ed74c1,No,1735293468,10.393
0x15923b51ecc5de696d67a85d2a493908c750b237,No,1735293468,10.393
0xaeeb3b86314009f5ee315c49414646a1f5709d1c,No,1735293468,10.393
0x441e1e47a6fa2dbfd3cd9b54291e9ab3a58d7975,No,1735293468,10.393
0x41cd6228341ea33e8d9659f09bf0e5aadc54c5e7,Yes,1735293468,10.393
0x6bc8679c27b49cc4be2c8faf9906bc0465727cf3,No,1735293468,10.393
0x5ac691d7b535cbb755de910123c656ac407f6f29,No,1735293468,10.393
0x1f5fae0615ee87196f229ea19d726d58846bdc0e,No,1735293468,10.393
0x8f8be6f1eac8432e3f0e460402fcb358311a86d4,No,1735293468,10.393
0x4ca2a670bd5505b870b21331a53d9bb4ae6e2084,No,1735293468,10.393
0xc7b6717c5c30a5645ba308afd2b0df42b850d8e3,No,1735293468,10.393
0xe3cd70be09c3a45b73ff5d7cfe37f8b5309ebbdc,No,1735293468,10.393
0x717f0a9ee93fde2ae196b61b51fda5b892c02b3d,No,1735293468,10.393
0xf7d7d7dacb1215fba1f6cdd1361092796680cf4f,No,1735293468,10.393
0xf8d97b0de945bb3ec6d634e0fdc48b6a3b9fcb1f,No,1735293468,10.393
0x0eb682c54bb74e0fb37894e4f0b02127e5fb865f,No,1735293468,10.393
0x56f446074d3dc521786ea456e725775819e260cb,No,1735293468,10.393
0x84d766fb6c86dd8983e5cab3d17e6630c278277e,No,1735293468,10.393
0x31a026bbd8ddc0f95ad827c17c37c0d8fc25d3ff,No,1735293468,10.393
0x79cda2b2fa8b3c080da06ddce3416b8e4b7c1b14,No,1735293468,10.393
0xd51aea4a4ba241ded4112c017d73c976a967139f,No,1735293468,10.393
0x3975f79ce2cae19b8d4d5e1f4b134e241bf6f10a,No,1735293468,10.393
0xcf3c78a77ff01b451a21301a522c48b92a029e70,Yes,1735293468,9.621
0x4d6caa3e0983fac7b514d60339ebb538c5a85aae,No,1735293468,9.545
0x224623eeb6fadb6ff76f5be4b570ee06ee282868,No,1735293468,9.538
0x91fd26ec02642bed576d4f7efac19592568e12da,No,1735293468,9.433
0x7ba8868efcc2f04bf9d1a9445d7843d7ae5dd1b4,No,1735293468,9.401
0xab06ff77044db8a5a48f1b49833d87abfaebad09,No,1735293468,9.042
0x61520cc833313c4d4d4ed61e0dfca3b4923318c5,No,1735293468,8.844
0x5d4adb6eca975bab50d2490ccdfe5d9cd1bf4882,No,1735293468,8.842
0x38ef098f74393d219d92c5112055e618c6bde2d7,No,1735293468,8.834
0x1a15c730fe686ecf8ba44e3f9b21d5389b55bfbf,No,1735293468,8.825
0xaaad392d9c7b9489c480f57c809d3209cf26c930,No,1735293468,8.645
0xe3ac17a0284ce1a551debafb0e57301c7226dbe9,No,1735293468,8.461
0x6555032a163641b5f7c9ba32f9543acef7a1559c,No,1735293468,8.411
0xd27cd4e2c3f168dbf9b4cfcd82664480973151e9,No,1735293468,8.376
0x5114c9e5872ef18e714530da9000c50a4df38629,No,1735293468,8.198
0x6280dc842f55ecca9b7a7d490f892bd9adc4ab17,No,1735293468,8.126
0x40ef22af7c049cafae144f341f8d44a46ade66b1,No,1735293468,8.067
0x1ca0a84230d73a986681b22391c198ad5887903c,No,1735293468,8.067
0x62efbbc99349456ae6cb45feaec6ee5b9f15883c,No,1735293468,8.067
0x128b83d86d41f2c0a2a549d70a8f5e255d2f9896,No,1735293468,8.067
0x9c64c4b1a9d2eb9fae60cd9fecf86557f584117b,No,1735293468,8.067
0xfc651a9e723a4da0e7eb264f6f73a680d9721f69,No,1735293468,8.067
0x96103652ef1d66d7a8f3b66060d126d82a456f47,No,1735293468,7.852
0x9026a44fb446da394f5810fdb4708a7879cebe34,No,1735293468,7.665
0x1afbcd54aff10fdf0c2e7de4cde86b3e75a3e4e7,No,1735293468,7.607
0xdfc2ad6492faa517b5572f9fa61716d4f9d121ed,No,1735293468,7.549
0xd6a2a456b48836f38ace550c59c421ca24f1681a,No,1735293468,7.374
0xe5dd78c224f26e306c84a9b1aa2def30bdf15835,No,1735293468,7.29
0xcba986c46f6908be6ee07bf868bb812978c32e08,No,1735293468,7.29
0xe5c3aabac09838405b82b10b4ddae5a48ae57f9d,No,1735293468,7.263
0x6fdb1e4206d119555c3ac61ac20c76eb818fa567,No,1735293468,6.811
0xa7cac6d048d42c48470cb93307e6898356a13320,No,1735293468,6.668
0x68bf9733a1b5688feb430b1d200b2299c74885b1,No,1735293468,6.643
0x9d9e26932d012b2ab21b974fe1552f4025b1e1cc,No,1735293468,6.643
0x380e7360085407892f33da521dfb01da82b5f2be,No,1735293468,6.643
0x9c1a52b599cf652701b41bf137ae022a894b5ea3,No,1735293468,6.643
0xc0dd5675528d8d9f05afe601df6ebda59e2a6733,No,1735293468,6.643
0x8d4d39d2e3104876a0c5fa11efe02597613d2a79,No,1735293468,6.621
0x10c895bf7d9f895cd648448d35f89b23b15dd1a5,No,1735293468,6.566
0x3cbbdc5e6b615eaf094d41fd0f4422c72bcbe8ff,Yes,1735293468,6.547
0xce9164fcbae8e469a0dba805b5310eb1c531690b,No,1735293468,6.546
0xd2c04f656448e78b178d6cc3b2ccf91de6ae7f39,No,1735293468,6.433
0x4b29ce2f88adde97c71207768c580a29cfc9be08,No,1735293468,6.337
0xece039bd21e3910187af408909b6529c629ec8e5,No,1735293468,6.264
0x33d10de1e65e6193044e277a77c3fd02d59b1c3f,No,1735293468,6.251
0x591f5162547dff90c185271726a5eb540d1395de,No,1735293468,6.212
0x9e8b306eea4d50090ac0af1eeac79fcd531eb159,No,1735293468,6.21
0x1cb3a5bd0ea5af39443a822ed34afc8ccb6a901c,No,1735293468,6.206
0xc9534a59ef121516e5e1aead8d45d151e768e216,No,1735293468,6.165
0xf035561dce033ded865e15e69db06cffc88d9213,No,1735293468,6.164
0x74422aea0886e590ca53537de3ef78f47be368a8,No,1735293468,6.116
0x7765a81e13822f1bbcfd0aeedd6765f805a084b2,No,1735293468,6.116
0x761f24ca62486b98f259837542964aa18c176358,No,1735293468,6.116
0x298c506e1a3bd03064f49188948768cb11b26435,No,1735293468,6.116
0x70b0e653e50eff0109ba6b3b3d4f15453e49d311,No,1735293468,6.082
0xe5d067d8634e109c077192c34c972a10ee6fc731,No,1735293468,6.07
0x750a9e546d348e323b8c0f98cf71ea806f37112b,No,1735293468,5.831
0x2fa0686be3b64f0e99a671cf4732bfcf72cd8bad,No,1735293468,5.831
0x62872c62d5087294e4dd4d47012e51e71ceb1745,No,1735293468,5.772
0x82b1c5ffa4fe976869b4156c90073a8b719d671a,No,1735293468,5.645
0x12a491e92dd8d6de3aadef21c4dda3a1d6a3a1cb,No,1735293468,5.576
0x9e979ffff022bbbe891fb64c1cfc61e4447d049a,No,1735293468,5.481
0xdf4beb2691ade973c0ef6a55b3c55f2edb69208d,No,1735293468,5.44
0x4518cd6f9cd1085d0cc1eed7c8b3bcd98afafcd9,No,1735293468,5.435
0xd74f45334c0a754e8d834e1990dab588cdb39140,No,1735293468,5.301
0x6bb0bed604c3c43bb53b9fda53e431c982fc01be,No,1735293468,5.3
0x3b33e186573649c9a6c6380f45246c516c150ee1,No,1735293468,5.293
0xb1b5296bcc9f9de90a676d36485cb30ecc46f900,No,1735293468,5.291
0x8560b084cbb92df9f8961a5e11a0fe28eca37216,No,1735293468,5.257
0x4bb51eb3588358ba59e005b4c5474a2cff7355b7,Yes,1735293468,5.245
0xd05eb495d3839397ca087221e3667a0fa2a6c9bc,No,1735293468,5.213
0x911d9369874711363dd5ea1aa7a4d1d089b595a4,No,1735293468,5.13
0x57356618fff9f4bf3c87fa55594f61d5b8d37f57,No,1735293468,5.038
0x88e02fff8c858603aa1cb44800b18660a3ba3a64,No,1735293468,5.029
0x95ec1c92ca79b3e0fc7599f4d02f60c68fc81b0b,No,1735293468,4.958
0xce0d183b410a53144ef3fc60931911d5ae9f00e6,Yes,1735293468,4.958
0xed6818c68496aff31f6064c880aa235ab99b3acb,No,1735293468,4.833
0xebfd6bc03cfabd6a97c4b0fe5ac3dc0f933e39a2,No,1735293468,4.818
0x04c1d8ca275434bdc1697eda44d1cade92459b34,No,1735293468,4.52
0x3dcde3990c781cec4921af8a0bae1820f649e2c0,No,1735293468,4.451
0xe5d50c7af6c9c0c36e270f6ce8467bef7e27a443,No,1735293468,4.33
0xfd1af514b8b2bf00d1999497668bff26ccdf4c8a,Yes,1735293468,4.116
0x0ad6b75e864892f661c48f578ad95a21638e13e7,No,1735293468,3.512
0x6c1d079f0dea5e7db77590e17eb8be48c490d373,Yes,1735293468,3.014
0x3b65b655cec1533b677cdf1c493a75d904de0406,No,1735293468,3.014
0x33a0b5d7da5314594d2c163d448030b9f1cadcb2,No,1735293468,2.641
0xffa348ad78619bdfe461bb5d2c4c939197b09921,No,1735293468,2.441
0x245bd6b5d8f494df8256ae44737a1e5d59769ab4,No,1735293468,2.366
0x0d3662a58010592abc77dedbf06101c4f0dbb357,No,1735293468,2.295
0x9008d19f58aabd9ed0d60971565aa8510560ab41,No,1735293468,2.209
0x93117c404dd08720da88ea1b48799f87e8d03190,No,1735293468,2.069
0xb235c33eaedbd96271f03154baa0fa4809f023ca,No,1735293468,2.049
0xb9e61ea87e165f038ee73a1492564fe6c81ed776,No,1735293468,2.029
0x761e1ea4b9bfde475b0196a595d2e20845e50c8d,No,1735293468,2.029
0xd4f0e5a2d37e0159789470711c3c6e6d9dae12d7,No,1735293468,2.019
0x9f1ae497afad289aa370f3f4ad038bc5e35f3c27,No,1735293468,2
0xaf9460c873bb77d9dfe3e83f687c340558b8f8d7,No,1735293468,1.897
0x71b40c1c502e4bea83a90dddb94f82f16582b044,No,1735293468,1.888
0xc8747abc6a88bbd20939d83e36295b4defb3989c,No,1735293468,1.648
0xb4b88049a0ac431023e00a7e31cec9d30616505e,Yes,1735293468,1.648
0x6a6032ca59500cb2ecea4997d65521afbc3cf120,No,1735293468,1.637
0x98531797ec179244c8dc97c4b27351d2df787127,No,1735293468,1.628
0xc30b175dfd20cf4a34c661e3b145b3ac7938230a,No,1735293468,1.617
0x026c8ae096ebd22f2f6ce84de9ebf96e5a7887db,No,1735293468,1.617
0x97188c8755443868f150ca2ed307671e7d686744,No,1735293468,1.596
0x5b328c5a0b9f2b02c6787de34dd854ab2d6ea3e5,No,1735293468,1.596
0x8196888886836cb8a6ba4248fe195e31479503d8,No,1735293468,1.596
0xa187408c461f382314c873a2725819ad0ff19d63,No,1735293468,1.596
0x6e590863f9b04189e0d5143eb41367b96dc151ca,No,1735293468,1.577
0xa2a97e9333982471665aecfa4893695cec74a9ef,No,1735293468,1.511
0x6b5e43cccab7cb3f45200d2a38c47a269dd011a8,No,1735293468,1.283
0x0a2ff9935e17df1c664201557f1e5e7f3473a68f,No,1735293468,1.254
0xda7ff40887846d5f014a076bf68133cd6f0f3379,No,1735293468,1.158
0xb972788fd94972d673eb3af068df1dfe11a2ec37,No,1735293468,1.072
0x206c5915856ef684d9f816f3747224c853933115,No,1735293468,0.879
0xc3792470cee7e0d42c2be8e9552bd651766c5178,No,1735293468,0.67
0x7f162a87531a78ce2ca962a5d3dc82d2e0d22f96,No,1735293468,0.621
0x6fa544cddd47329d3b8cee3c37a759c2f676968c,No,1735293468,0.499
0x28b7bbf621faf339d884c75b013c56e0731b2ada,No,1735293468,0.489
0xa3c0a5e0465e65e56d36d1a7f4684c317d9ce875,No,1735293468,0.47
0x07dd329293000003a159153f6ed12ff7c3a23981,No,1735293468,0.443
0x478189dc3905a08e456c348905c1e5b03de8023d,No,1735293468,0.442
0x12c8585b54220fb7b59599b51f76cac4e12f55fe,No,1735293468,0.44
0xe2067b8f36d8c54d32521646d6d6c3833d5fe7cd,No,1735293468,0.334
0xda02dfb7fe45a1f8f98f2783c3b837a65d40af01,No,1735293468,0.218
0xbebcf3700f462a82061ff95295ab6ec7593c6c6c,No,1735293468,0.21
0xc7b072b4368e7a221a2de74dac549edcef34cfa3,No,1735293468,0.104
0x031778c7a1c08787aba7a2e0b5149feb5decabd7,No,1735293468,0.096
0x460a2319bf0adb90676b6bb5dd5ec8ef34df93cd,No,1735293468,0.094
0xa85f10fde0d65ed8d477fa59036b6eb254e36665,No,1735293468,0.094
0x3a42263bd22fa189072d06169a47ecfce955715f,No,1735293468,0.077
0x409caec195e72ede0b27e4deb55524424c5d54a9,No,1735293468,0.077
0x892bef8fe252b1678cdb581822727c2d4537826b,No,1735293468,0.077
0x16e2e9b9e6c097be009c0b10f8e78f4de99461be,No,1735293468,0.069
0x541ef672f9d8626090ec6699c2a35f29742152a5,No,1735293468,0.068
0xd11fe8cb63b7590d19e7d63c1f65cbfe0845d58a,No,1735293468,0.062
0x6224dd3b4757446de11fca940400c162eb313757,No,1735293468,0.062
0xe2a0c03b1e7a698b63c9f7cf7c37eff577e890a7,No,1735293468,0.06
0xf2a38230ea2e92db69aa520182f368ceec2ed4cd,No,1735293468,0.06
0x31517b5b26dddcf2fad386d21e94a552ed5cebef,No,1735293468,0.05
0x7bc86a45410bd01a9c2c11c2b23b2afb2617f3ff,No,1735293468,0.05
0x617512fa7d3fd26bda51b9ac8c23b04a48d625f1,No,1735293468,0.042
0xcf976705a5326bb97fb26539ca9bb1fa0ba62178,No,1735293468,0.041
0x3879e62972ec43713d296cfd5a9751b351269cf1,No,1735293468,0.036
0x2e6f35eaa69bd20d694b3c6735956a7a54409b57,No,1735293468,0.03
0x2535c1d30f861cc09ddb961ddd14cc15a6ca4641,No,1735293468,0.021
0xa7bd30c73549c7948e2ef5d46215a5ce95275b98,No,1735293468,0.016
0xabddc883e535689ba6eb719fabd4efb42bc0b35a,No,1735293468,0.012
0x9f882451cf39314079a7773aa78feb9b6cfbf3ba,No,1735293468,0.012
0x529070265656213bd739d9cfda525a31fd353b1a,No,1735293468,0.009
0x4e35004054b9195fab156c1b9307e9b569a5b930,No,1735293468,0.009
0x5ab7971c6e46f55367c1090b863746dc6b1ebb8c,No,1735293468,0.008
0xf8fb9316fa63e6401311ad1c861a569087ba3f60,No,1735293468,0.007
0x4eb299568aefa4de18136f52ba1564a2ccf28158,No,1735293468,0.005
0xeb77a109a1adb1835f6f52a5da8055448e65b1e5,No,1735293468,0.005
0x2a5a9951e1b4e4fcbfa1c23ee24c72e2b3c907d6,No,1735293468,0.005
0xd3778cade4ecbc115a8e26c211789c3a6d5ed48c,No,1735293468,0.004
0x278371008525f4b50547166da389b5fdb8ebce8e,No,1735293468,0.002
0xe24f35fcc986f94d4cd7c93920a62bafae497db1,No,1735293468,0.001
0xcaf9ade1fddf1b31d490a4629ada638d104e9543,No,1735293468,0.001
0x229fd33073a9bfbea6214a71404ae86eec6eaa3f,No,1735293468,0.001
0x56cf0ff00fd6cfb23ce964c6338b228b0fa76640,No,1735916105,"565,631.043"
0x334f12afb7d8740868be04719639616533075234,No,1735916105,"194,924.506"
0x874e2b0af4570baf5d116f95744e2d1e5fb7dbb3,No,1735916105,"87,937.528"
0xa932e162a0aaf2c03353d93ae7d4fad29eab37fc,No,1735916105,"55,846.771"
0x2ff064d951996c9fe70d6ba22d8684f37b2e24ec,No,1735916105,"38,381.579"
0xde1f8a73aac5a18a04395b40fc6eee093964faf4,No,1735916105,"24,033.288"
0x04a9edd12ed304efb5e5fe83109a65e8e84799c3,No,1735916105,"16,961.068"
0x9eb6d10f75b364662313ee3099173dc3ac4048c9,No,1735916105,"9,096.935"
0x7b2e78d4dfaaba045a167a70da285e30e8fca196,No,1735916105,"7,676.386"
0xaa36deb402ccf0fee2aa09974552154a9564ae20,No,1735916105,"4,857.361"
0x6464dd204ead251e0d767d60640cafc0c02a06de,No,1735916105,"3,227.664"
0x447b68dc638a582612b3f1443538211665461949,No,1735916105,998.654
0xec9048b59b3467415b1a38f63416407ea0c70fb8,No,1735916105,876.619
0x85c6737ada32ed46066f45d28a612b7647c66410,Yes,1735916105,824.414
0x5b2b22146bb8cfc3619c8b5ff3b287a10a056b9a,No,1735916105,802.409
0xd08c3627600c05e979ae936686736e602c8e6bb2,No,1735916105,696.88
0x159d726ab894970fb32387ae9cb072111fd4508e,No,1735916105,677.54
0x2a7fc2c27546deaf1723dbc4e30e162941932450,No,1735916105,651.056
0x60abacfaa6f3bd4072707fce6f4eaaaae414847b,No,1735916105,637.812
0x95cde8b6ebddf03f5bd4ecc82a74664cd72cd87c,No,1735916105,523.684
0x09f0d730696899de00988166aba081bd3aba3e72,Yes,1735916105,491.841
0xe082bda07536420401187ba7225ff5f56c30998b,No,1735916105,438.702
0xc9fdc4e87eff1a29bccbada939c6aca7590e1660,No,1735916105,376.676
0x9c2b07dd951edae10fbf58bb98a1448cde417f58,No,1735916105,294.47
0x983ced6e1d35718122f0b1f9b4eafc04185c1130,No,1735916105,244.636
0x55aa033bcbf561910503609f2a30f0cc6eba11ab,No,1735916105,229.331
0x1b267d2fcb91d73e45db8135aa2e4741f94a2272,No,1735916105,227.708
0x59fe26a06a036e487a3e8218786e8512362f37df,No,1735916105,213.178
0x20b69fda9379c8ae82cb78ea71d4d9e740e88196,No,1735916105,211.349
0x5c16873795d083fab71d4cbf5b073d22cf38f659,Yes,1735916105,197.518
0x41222737c2dade698e5d1670fa25276674d1e522,No,1735916105,159.557
0xe7f13052fe2ba7d038dac18de5e730542e3979bc,Yes,1735916105,158.999
0xa83935efd1d09dbd0e09021036b6b79b211baf65,No,1735916105,152.766
0xbc9e9f2a49ea0f0619f79c0a0d8b4a19ba79cba7,No,1735916105,151.185
0x6687c671980e65ebd722b9146fc61e2471558dd6,Yes,1735916105,141.313
0xef364e390ff3f326e3153d0b9c4b944db42155e5,No,1735916105,118.246
0x5e7b645d5bf86750cb1913122ba8a8545e2a9fd1,No,1735916105,106.406
0xeb2aec308e7b3340dea2e89d40187d2637c6c649,No,1735916105,101.316
0xf582d178e005f9df3ea8c88c85aae8193ea95a71,No,1735916105,93.043
0x55122fdca4ba43294677d96c12ce76dabc459a2b,No,1735916105,83.306
0x187e0966046da5b110fdc986c9b94bd8416837af,No,1735916105,82.211
0x4735cb9fe8e3ee6d5f34f277af0fcb6442aa1894,No,1735916105,78.157
0xe18ff9d58b4deb8c17ccba79a87fbed548ab06b3,No,1735916105,69.669
0x56e665674d26a3ec69ea0e27f001d42481f7ff53,No,1735916105,55.078
0x0e22e2cf9d80593947a340ca4248c7901c2cb9cb,No,1735916105,52.548
0xb6e5b0a2a363a326025f1c9ac1fe7b5ae2633f3f,No,1735916105,49.481
0x770569f85346b971114e11e4bb5f7ac776673469,No,1735916105,47.62
0x67ab5b66debc3217105ab356a219137a0bc07d3a,Yes,1735916105,39.51
0xd97beffdf558b269257feba5df111ab718b71e24,No,1735916105,37.099
0x6428178a1324896bd8ea897565d909945da33ee9,No,1735916105,33.747
0xea08fea6702fc34625bdb968689c497d33047ae5,No,1735916105,30.823
0xfc9dcba32cc3c86cef07e69c3fae630db2785a9e,No,1735916105,28.87
0x35d3cbcf2d75c82febfddf69b01d2dd78fd780eb,No,1735916105,26.722
0x89c4acb8b5b5b8e5b2121934b9e143569a914c80,No,1735916105,26.103
0x23069f1978fe4d6ec88bf0b84bca2b39d3b285e1,No,1735916105,18.074
0xf28a1ff4cd9b579b55195cb9528ef8f7a8b10a33,No,1735916105,17.666
0x470ba0f3bc80d88d3cd9cfd28dd125da0e545993,No,1735916105,17.489
0x461cbd5765360733a02d4571591d54c8b8a517ea,No,1735916105,16.783
0x4edca105188a0783ab3a6f09c50567d1e3f8591d,No,1735916105,15.932
0xdbd5e2bf0e87a6361bd0b587cc4c0b3fcf5dc259,No,1735916105,15.901
0x0c4f8ccbb4cf9c2ee568e33f21c807b1931726e4,No,1735916105,14.859
0x59512422af0709c7cab8285838975cd8d7c7ce7d,No,1735916105,14.855
0xb9385eb2b944370adcdc22af45ace6140bda6225,No,1735916105,14.601
0x989d0901ab8ed1032987a7706b58a881589fccea,No,1735916105,14.513
0x71044ae277bac65c4dfcd598d07a60fc6810fb8e,No,1735916105,13.994
0x1ce34e220bd710d1a84a135f345b650cc7770e9f,No,1735916105,13.373
0xeaf1eb60c3359b12d501d23a372256846ddbff8d,No,1735916105,13.349
0x41aeb883a0073527e5f5653423cbd59339154a72,No,1735916105,13.326
0xca5c758a8b9892a3e1b745f2039efa9491c18f7a,No,1735916105,12.909
0xefb8e220f012241a00f5dae4a5b2c473a742a63a,No,1735916105,12.686
0x5bd07249115373c2f069da83592706fac4e70c66,No,1735916105,12.364
0x28abd3190674dc57e4d3bebeec22f78d121810d5,No,1735916105,12.175
0x5700f03f87db485fdb90e18b3100f00b235886f1,No,1735916105,10.935
0x431f2b6e43bed4d845ac5d9b5d030dfc8987691d,No,1735916105,10.678
0x978a89b0178ea8054a99f5bddb0081ea6a3c27c3,No,1735916105,10.666
0x90dafb210c44f4b72e591e7e2f583154290e5d83,No,1735916105,10.56
0xaead6593710bf28bf4848b24f4ed1f130773d7e6,No,1735916105,10.483
0x25124024390ac79659ed699b087a3e748686df7b,No,1735916105,10.393
0xf94bfbd175219331f9ff323ea703ebd2a05fd33a,No,1735916105,10.393
0x001fe2cdbeeb0743679e958c0861dd8788b28b19,No,1735916105,10.393
0x6841ccc2fa23efe3bbe98492f026756479e4a4ec,No,1735916105,10.393
0x9fbcbfdc3c66562113daba8b501d0d7d55e84688,No,1735916105,10.393
0xa63cb29de16607dd5ac18b6cb65bead58d04ac25,No,1735916105,10.393
0x68c0dd2b5a5df00bca4f7df8ca9b1425fe817728,No,1735916105,10.393
0x23d2874d56bba76af9866604c76fc5347058aad7,No,1735916105,10.393
0x29397b5b81579504c446e8e86c88196491be5ec5,No,1735916105,10.393
0x9ac5f8c48ade024a006206ca5ebd06f275f243ec,No,1735916105,10.393
0x1520ab7dd2ca282fca2810cb7df071c9de3e2f5c,No,1735916105,10.393
0x31287a933b2e153654105013d595dcbd6664fcf9,No,1735916105,10.393
0x7cd192ff8e2e3e5bf8b5e85f858c0f83e22f771d,No,1735916105,10.393
0xd2946cb43fd692f8776be5c91dc523aa3fe69f1d,No,1735916105,10.393
0xe6a46ea30a1ef48e8ab2179a203c137702147073,No,1735916105,10.393
0xe69d81fad86ac5295a1261930c19e7ad009aa52e,No,1735916105,10.393
0xc7baf12d871f26b09dfa61a6e9e3b2eaef7a159a,No,1735916105,10.393
0x09a2aa22db9f97aabd3da897b156d944c8c50e0f,No,1735916105,10.393
0x75f04fbf12ed979873db692eab1a904abe1e2f32,No,1735916105,10.393
0x409ad638c059375de57d455b78520470ed13f282,No,1735916105,10.393
0x8c0733ba6295af19ae294c19b34e7d163acc7197,No,1735916105,10.393
0x75202586d58c8d2ed726b4abdcda3ecdd91c1e34,No,1735916105,10.393
0x91dc3d24895bb29033cbbf48ed6b5f7b0510d83c,No,1735916105,10.393
0x1d6b8e5fa836c7d5846fb76f188b008c10b67ba5,No,1735916105,10.393
0x5bf79c7bf66a6aa75f4fef4004bc7d527fdf8250,No,1735916105,10.393
0x74aadf1281a7f5546e13f17de5101a310a33bf3f,No,1735916105,10.393
0x683132fe975fac296f21919d625a94a4a86f6fa6,No,1735916105,10.393
0xb7806b30034cc8d13390aa0b713dc0c326cd4358,No,1735916105,10.393
0x4ddcdfbef53747089cab9d775aa461e7a088ff3c,No,1735916105,10.393
0xd50ea36556e1c9abece88a1d9ad5b38261ab515b,No,1735916105,10.393
0x0182518980f999ad0c9527d864c15492ab3beeae,No,1735916105,10.393
0x9ac0605353f447a49845365ded45fc57e609a319,No,1735916105,10.393
0x327c7b1e4bcaa69afa029f042dda3722e3ed74c1,No,1735916105,10.393
0x15923b51ecc5de696d67a85d2a493908c750b237,No,1735916105,10.393
0xaeeb3b86314009f5ee315c49414646a1f5709d1c,No,1735916105,10.393
0x441e1e47a6fa2dbfd3cd9b54291e9ab3a58d7975,No,1735916105,10.393
0x41cd6228341ea33e8d9659f09bf0e5aadc54c5e7,Yes,1735916105,10.393
0x6bc8679c27b49cc4be2c8faf9906bc0465727cf3,No,1735916105,10.393
0x5ac691d7b535cbb755de910123c656ac407f6f29,No,1735916105,10.393
0x1f5fae0615ee87196f229ea19d726d58846bdc0e,No,1735916105,10.393
0x8f8be6f1eac8432e3f0e460402fcb358311a86d4,No,1735916105,10.393
0x4ca2a670bd5505b870b21331a53d9bb4ae6e2084,No,1735916105,10.393
0xc7b6717c5c30a5645ba308afd2b0df42b850d8e3,No,1735916105,10.393
0xe3cd70be09c3a45b73ff5d7cfe37f8b5309ebbdc,No,1735916105,10.393
0x717f0a9ee93fde2ae196b61b51fda5b892c02b3d,No,1735916105,10.393
0xf7d7d7dacb1215fba1f6cdd1361092796680cf4f,No,1735916105,10.393
0xf8d97b0de945bb3ec6d634e0fdc48b6a3b9fcb1f,No,1735916105,10.393
0x0eb682c54bb74e0fb37894e4f0b02127e5fb865f,No,1735916105,10.393
0x56f446074d3dc521786ea456e725775819e260cb,No,1735916105,10.393
0x84d766fb6c86dd8983e5cab3d17e6630c278277e,No,1735916105,10.393
0x31a026bbd8ddc0f95ad827c17c37c0d8fc25d3ff,No,1735916105,10.393
0x79cda2b2fa8b3c080da06ddce3416b8e4b7c1b14,No,1735916105,10.393
0xd51aea4a4ba241ded4112c017d73c976a967139f,No,1735916105,10.393
0x3975f79ce2cae19b8d4d5e1f4b134e241bf6f10a,No,1735916105,10.393
0xb771d4a6b8f37c418b5379c1a6893acdbf00b788,No,1735916105,10.337
0xad90b9d2e2d974653f86b6c6cd810d056bb3c198,No,1735916105,10.336
0xe28192c5c24842eb8416d52b2552bd3cd0e32422,No,1735916105,10.336
0xcf3c78a77ff01b451a21301a522c48b92a029e70,Yes,1735916105,9.621
0x4d6caa3e0983fac7b514d60339ebb538c5a85aae,No,1735916105,9.545
0x224623eeb6fadb6ff76f5be4b570ee06ee282868,No,1735916105,9.538
0x91fd26ec02642bed576d4f7efac19592568e12da,No,1735916105,9.433
0x7ba8868efcc2f04bf9d1a9445d7843d7ae5dd1b4,No,1735916105,9.401
0xab06ff77044db8a5a48f1b49833d87abfaebad09,No,1735916105,9.042
0x61520cc833313c4d4d4ed61e0dfca3b4923318c5,No,1735916105,8.844
0x5d4adb6eca975bab50d2490ccdfe5d9cd1bf4882,No,1735916105,8.842
0x38ef098f74393d219d92c5112055e618c6bde2d7,No,1735916105,8.834
0x1a15c730fe686ecf8ba44e3f9b21d5389b55bfbf,No,1735916105,8.825
0xaaad392d9c7b9489c480f57c809d3209cf26c930,No,1735916105,8.645
0xe3ac17a0284ce1a551debafb0e57301c7226dbe9,No,1735916105,8.461
0x6555032a163641b5f7c9ba32f9543acef7a1559c,No,1735916105,8.411
0xd27cd4e2c3f168dbf9b4cfcd82664480973151e9,No,1735916105,8.376
0x5114c9e5872ef18e714530da9000c50a4df38629,No,1735916105,8.198
0x6280dc842f55ecca9b7a7d490f892bd9adc4ab17,No,1735916105,8.126
0x40ef22af7c049cafae144f341f8d44a46ade66b1,No,1735916105,8.067
0x1ca0a84230d73a986681b22391c198ad5887903c,No,1735916105,8.067
0x62efbbc99349456ae6cb45feaec6ee5b9f15883c,No,1735916105,8.067
0x128b83d86d41f2c0a2a549d70a8f5e255d2f9896,No,1735916105,8.067
0x9c64c4b1a9d2eb9fae60cd9fecf86557f584117b,No,1735916105,8.067
0xfc651a9e723a4da0e7eb264f6f73a680d9721f69,No,1735916105,8.067
0x96103652ef1d66d7a8f3b66060d126d82a456f47,No,1735916105,7.852
0x9026a44fb446da394f5810fdb4708a7879cebe34,No,1735916105,7.665
0x1afbcd54aff10fdf0c2e7de4cde86b3e75a3e4e7,No,1735916105,7.607
0xdfc2ad6492faa517b5572f9fa61716d4f9d121ed,No,1735916105,7.549
0xd6a2a456b48836f38ace550c59c421ca24f1681a,No,1735916105,7.374
0xe5dd78c224f26e306c84a9b1aa2def30bdf15835,No,1735916105,7.29
0xcba986c46f6908be6ee07bf868bb812978c32e08,No,1735916105,7.29
0xe5c3aabac09838405b82b10b4ddae5a48ae57f9d,No,1735916105,7.263
0x6fdb1e4206d119555c3ac61ac20c76eb818fa567,No,1735916105,6.811
0xa7cac6d048d42c48470cb93307e6898356a13320,No,1735916105,6.668
0x68bf9733a1b5688feb430b1d200b2299c74885b1,No,1735916105,6.643
0x9d9e26932d012b2ab21b974fe1552f4025b1e1cc,No,1735916105,6.643
0x380e7360085407892f33da521dfb01da82b5f2be,No,1735916105,6.643
0x9c1a52b599cf652701b41bf137ae022a894b5ea3,No,1735916105,6.643
0xc0dd5675528d8d9f05afe601df6ebda59e2a6733,No,1735916105,6.643
0x8d4d39d2e3104876a0c5fa11efe02597613d2a79,No,1735916105,6.621
0x10c895bf7d9f895cd648448d35f89b23b15dd1a5,No,1735916105,6.566
0x3cbbdc5e6b615eaf094d41fd0f4422c72bcbe8ff,Yes,1735916105,6.547
0xce9164fcbae8e469a0dba805b5310eb1c531690b,No,1735916105,6.546
0xd2c04f656448e78b178d6cc3b2ccf91de6ae7f39,No,1735916105,6.433
0x4b29ce2f88adde97c71207768c580a29cfc9be08,No,1735916105,6.337
0xece039bd21e3910187af408909b6529c629ec8e5,No,1735916105,6.264
0x33d10de1e65e6193044e277a77c3fd02d59b1c3f,No,1735916105,6.251
0x591f5162547dff90c185271726a5eb540d1395de,No,1735916105,6.212
0x9e8b306eea4d50090ac0af1eeac79fcd531eb159,No,1735916105,6.21
0x1cb3a5bd0ea5af39443a822ed34afc8ccb6a901c,No,1735916105,6.206
0xc9534a59ef121516e5e1aead8d45d151e768e216,No,1735916105,6.165
0xf035561dce033ded865e15e69db06cffc88d9213,No,1735916105,6.164
0x74422aea0886e590ca53537de3ef78f47be368a8,No,1735916105,6.116
0x7765a81e13822f1bbcfd0aeedd6765f805a084b2,No,1735916105,6.116
0x761f24ca62486b98f259837542964aa18c176358,No,1735916105,6.116
0x298c506e1a3bd03064f49188948768cb11b26435,No,1735916105,6.116
0x70b0e653e50eff0109ba6b3b3d4f15453e49d311,No,1735916105,6.082
0xe5d067d8634e109c077192c34c972a10ee6fc731,No,1735916105,6.07
0x750a9e546d348e323b8c0f98cf71ea806f37112b,No,1735916105,5.831
0x2fa0686be3b64f0e99a671cf4732bfcf72cd8bad,No,1735916105,5.831
0x62872c62d5087294e4dd4d47012e51e71ceb1745,No,1735916105,5.772
0x82b1c5ffa4fe976869b4156c90073a8b719d671a,No,1735916105,5.645
0x12a491e92dd8d6de3aadef21c4dda3a1d6a3a1cb,No,1735916105,5.576
0x9e979ffff022bbbe891fb64c1cfc61e4447d049a,No,1735916105,5.481
0xdf4beb2691ade973c0ef6a55b3c55f2edb69208d,No,1735916105,5.44
0x4518cd6f9cd1085d0cc1eed7c8b3bcd98afafcd9,No,1735916105,5.435
0xd74f45334c0a754e8d834e1990dab588cdb39140,No,1735916105,5.301
0x6bb0bed604c3c43bb53b9fda53e431c982fc01be,No,1735916105,5.3
0x3b33e186573649c9a6c6380f45246c516c150ee1,No,1735916105,5.293
0xb1b5296bcc9f9de90a676d36485cb30ecc46f900,No,1735916105,5.291
0x8560b084cbb92df9f8961a5e11a0fe28eca37216,No,1735916105,5.257
0x4bb51eb3588358ba59e005b4c5474a2cff7355b7,Yes,1735916105,5.245
0xd05eb495d3839397ca087221e3667a0fa2a6c9bc,No,1735916105,5.213
0x911d9369874711363dd5ea1aa7a4d1d089b595a4,No,1735916105,5.13
0x57356618fff9f4bf3c87fa55594f61d5b8d37f57,No,1735916105,5.038
0x88e02fff8c858603aa1cb44800b18660a3ba3a64,No,1735916105,5.029
0x95ec1c92ca79b3e0fc7599f4d02f60c68fc81b0b,No,1735916105,4.958
0xce0d183b410a53144ef3fc60931911d5ae9f00e6,Yes,1735916105,4.958
0xed6818c68496aff31f6064c880aa235ab99b3acb,No,1735916105,4.833
0xebfd6bc03cfabd6a97c4b0fe5ac3dc0f933e39a2,No,1735916105,4.818
0x04c1d8ca275434bdc1697eda44d1cade92459b34,No,1735916105,4.52
0x3dcde3990c781cec4921af8a0bae1820f649e2c0,No,1735916105,4.451
0xe5d50c7af6c9c0c36e270f6ce8467bef7e27a443,No,1735916105,4.33
0xfd1af514b8b2bf00d1999497668bff26ccdf4c8a,Yes,1735916105,4.116
0x0ad6b75e864892f661c48f578ad95a21638e13e7,No,1735916105,3.512
0x6c1d079f0dea5e7db77590e17eb8be48c490d373,Yes,1735916105,3.014
0x3b65b655cec1533b677cdf1c493a75d904de0406,No,1735916105,3.014
0x33a0b5d7da5314594d2c163d448030b9f1cadcb2,No,1735916105,2.641
0xffa348ad78619bdfe461bb5d2c4c939197b09921,No,1735916105,2.441
0x0d3662a58010592abc77dedbf06101c4f0dbb357,No,1735916105,2.295
0x9008d19f58aabd9ed0d60971565aa8510560ab41,No,1735916105,2.217
0x93117c404dd08720da88ea1b48799f87e8d03190,No,1735916105,2.069
0xb235c33eaedbd96271f03154baa0fa4809f023ca,No,1735916105,2.049
0xb9e61ea87e165f038ee73a1492564fe6c81ed776,No,1735916105,2.029
0x761e1ea4b9bfde475b0196a595d2e20845e50c8d,No,1735916105,2.029
0xd4f0e5a2d37e0159789470711c3c6e6d9dae12d7,No,1735916105,2.019
0x9f1ae497afad289aa370f3f4ad038bc5e35f3c27,No,1735916105,2
0xaf9460c873bb77d9dfe3e83f687c340558b8f8d7,No,1735916105,1.897
0x71b40c1c502e4bea83a90dddb94f82f16582b044,No,1735916105,1.888
0xc8747abc6a88bbd20939d83e36295b4defb3989c,No,1735916105,1.648
0xb4b88049a0ac431023e00a7e31cec9d30616505e,Yes,1735916105,1.648
0x6a6032ca59500cb2ecea4997d65521afbc3cf120,No,1735916105,1.637
0x98531797ec179244c8dc97c4b27351d2df787127,No,1735916105,1.628
0xc30b175dfd20cf4a34c661e3b145b3ac7938230a,No,1735916105,1.617
0x026c8ae096ebd22f2f6ce84de9ebf96e5a7887db,No,1735916105,1.617
0x97188c8755443868f150ca2ed307671e7d686744,No,1735916105,1.596
0x5b328c5a0b9f2b02c6787de34dd854ab2d6ea3e5,No,1735916105,1.596
0x8196888886836cb8a6ba4248fe195e31479503d8,No,1735916105,1.596
0xa187408c461f382314c873a2725819ad0ff19d63,No,1735916105,1.596
0x6e590863f9b04189e0d5143eb41367b96dc151ca,No,1735916105,1.577
0xa2a97e9333982471665aecfa4893695cec74a9ef,No,1735916105,1.511
0x245bd6b5d8f494df8256ae44737a1e5d59769ab4,No,1735916105,1.368
0x6b5e43cccab7cb3f45200d2a38c47a269dd011a8,No,1735916105,1.283
0x0a2ff9935e17df1c664201557f1e5e7f3473a68f,No,1735916105,1.254
0xda7ff40887846d5f014a076bf68133cd6f0f3379,No,1735916105,1.158
0xb972788fd94972d673eb3af068df1dfe11a2ec37,No,1735916105,1.072
0x206c5915856ef684d9f816f3747224c853933115,No,1735916105,0.879
0xc3792470cee7e0d42c2be8e9552bd651766c5178,No,1735916105,0.67
0x7f162a87531a78ce2ca962a5d3dc82d2e0d22f96,No,1735916105,0.621
0x6fa544cddd47329d3b8cee3c37a759c2f676968c,No,1735916105,0.499
0x28b7bbf621faf339d884c75b013c56e0731b2ada,No,1735916105,0.489
0xa3c0a5e0465e65e56d36d1a7f4684c317d9ce875,No,1735916105,0.47
0x07dd329293000003a159153f6ed12ff7c3a23981,No,1735916105,0.443
0x478189dc3905a08e456c348905c1e5b03de8023d,No,1735916105,0.442
0x12c8585b54220fb7b59599b51f76cac4e12f55fe,No,1735916105,0.44
0xe2067b8f36d8c54d32521646d6d6c3833d5fe7cd,No,1735916105,0.334
0xda02dfb7fe45a1f8f98f2783c3b837a65d40af01,No,1735916105,0.218
0xbebcf3700f462a82061ff95295ab6ec7593c6c6c,No,1735916105,0.21
0x031778c7a1c08787aba7a2e0b5149feb5decabd7,No,1735916105,0.112
0xc7b072b4368e7a221a2de74dac549edcef34cfa3,No,1735916105,0.104
0x460a2319bf0adb90676b6bb5dd5ec8ef34df93cd,No,1735916105,0.094
0xa85f10fde0d65ed8d477fa59036b6eb254e36665,No,1735916105,0.094
0x3a42263bd22fa189072d06169a47ecfce955715f,No,1735916105,0.077
0x409caec195e72ede0b27e4deb55524424c5d54a9,No,1735916105,0.077
0x892bef8fe252b1678cdb581822727c2d4537826b,No,1735916105,0.077
0x16e2e9b9e6c097be009c0b10f8e78f4de99461be,No,1735916105,0.069
0x541ef672f9d8626090ec6699c2a35f29742152a5,No,1735916105,0.068
0xd11fe8cb63b7590d19e7d63c1f65cbfe0845d58a,No,1735916105,0.062
0x6224dd3b4757446de11fca940400c162eb313757,No,1735916105,0.062
0xe2a0c03b1e7a698b63c9f7cf7c37eff577e890a7,No,1735916105,0.06
0xf2a38230ea2e92db69aa520182f368ceec2ed4cd,No,1735916105,0.06
0x31517b5b26dddcf2fad386d21e94a552ed5cebef,No,1735916105,0.05
0x7bc86a45410bd01a9c2c11c2b23b2afb2617f3ff,No,1735916105,0.05
0x617512fa7d3fd26bda51b9ac8c23b04a48d625f1,No,1735916105,0.042
0xcf976705a5326bb97fb26539ca9bb1fa0ba62178,No,1735916105,0.041
0x3879e62972ec43713d296cfd5a9751b351269cf1,No,1735916105,0.036
0x2e6f35eaa69bd20d694b3c6735956a7a54409b57,No,1735916105,0.03
0x2535c1d30f861cc09ddb961ddd14cc15a6ca4641,No,1735916105,0.021
0xa7bd30c73549c7948e2ef5d46215a5ce95275b98,No,1735916105,0.016
0xabddc883e535689ba6eb719fabd4efb42bc0b35a,No,1735916105,0.012
0x9f882451cf39314079a7773aa78feb9b6cfbf3ba,No,1735916105,0.012
0x969c6ba66e832cdbb56f9bef7d8f4ca98be6c006,No,1735916105,0.01
0x529070265656213bd739d9cfda525a31fd353b1a,No,1735916105,0.009
0x4e35004054b9195fab156c1b9307e9b569a5b930,No,1735916105,0.009
0x5ab7971c6e46f55367c1090b863746dc6b1ebb8c,No,1735916105,0.008
0xf8fb9316fa63e6401311ad1c861a569087ba3f60,No,1735916105,0.007
0x4eb299568aefa4de18136f52ba1564a2ccf28158,No,1735916105,0.005
0xeb77a109a1adb1835f6f52a5da8055448e65b1e5,No,1735916105,0.005
0x2a5a9951e1b4e4fcbfa1c23ee24c72e2b3c907d6,No,1735916105,0.005
0xd3778cade4ecbc115a8e26c211789c3a6d5ed48c,No,1735916105,0.004
0x34c263a565157c2c0fefda9c7d205fdbea8ee2ee,No,1735916105,0.003
0x278371008525f4b50547166da389b5fdb8ebce8e,No,1735916105,0.002
0xe24f35fcc986f94d4cd7c93920a62bafae497db1,No,1735916105,0.001
0xcaf9ade1fddf1b31d490a4629ada638d104e9543,No,1735916105,0.001
0x229fd33073a9bfbea6214a71404ae86eec6eaa3f,No,1735916105,0.001
0x1889af068f61c4376e337913bf4728ea20dff7a0,No,1735916105,0.001
0x49a8a44fc8ae002e096fba030791d3a3b7c008a6,No,1735916105,0.001
0xa989c0063511a9c773402c6e17d666da7c00f2b2,No,1735916105,0.001
0x56cf0ff00fd6cfb23ce964c6338b228b0fa76640,No,1736256607,"565,631.043"
0x334f12afb7d8740868be04719639616533075234,No,1736256607,"194,924.506"
0x874e2b0af4570baf5d116f95744e2d1e5fb7dbb3,No,1736256607,"87,937.528"
0xa932e162a0aaf2c03353d93ae7d4fad29eab37fc,No,1736256607,"55,846.771"
0x2ff064d951996c9fe70d6ba22d8684f37b2e24ec,No,1736256607,"38,381.579"
0xde1f8a73aac5a18a04395b40fc6eee093964faf4,No,1736256607,"24,033.288"
0x04a9edd12ed304efb5e5fe83109a65e8e84799c3,No,1736256607,"16,961.068"
0x9eb6d10f75b364662313ee3099173dc3ac4048c9,No,1736256607,"9,574.673"
0x7b2e78d4dfaaba045a167a70da285e30e8fca196,No,1736256607,"7,676.386"
0xaa36deb402ccf0fee2aa09974552154a9564ae20,No,1736256607,"4,870.088"
0x6464dd204ead251e0d767d60640cafc0c02a06de,No,1736256607,"3,227.664"
0x447b68dc638a582612b3f1443538211665461949,No,1736256607,998.654
0xec9048b59b3467415b1a38f63416407ea0c70fb8,No,1736256607,876.619
0x85c6737ada32ed46066f45d28a612b7647c66410,Yes,1736256607,824.414
0x5b2b22146bb8cfc3619c8b5ff3b287a10a056b9a,No,1736256607,780.632
0xd08c3627600c05e979ae936686736e602c8e6bb2,No,1736256607,696.88
0x159d726ab894970fb32387ae9cb072111fd4508e,No,1736256607,669.202
0x2a7fc2c27546deaf1723dbc4e30e162941932450,No,1736256607,651.056
0x60abacfaa6f3bd4072707fce6f4eaaaae414847b,No,1736256607,637.812
0x95cde8b6ebddf03f5bd4ecc82a74664cd72cd87c,No,1736256607,565.51
0x09f0d730696899de00988166aba081bd3aba3e72,Yes,1736256607,491.841
0xa5ac847fc0e14223395778d216f58501f138e9a2,No,1736256607,455.992
0xe082bda07536420401187ba7225ff5f56c30998b,No,1736256607,438.702
0xc9fdc4e87eff1a29bccbada939c6aca7590e1660,No,1736256607,376.676
0x9c2b07dd951edae10fbf58bb98a1448cde417f58,No,1736256607,295.196
0x983ced6e1d35718122f0b1f9b4eafc04185c1130,No,1736256607,244.636
0x55aa033bcbf561910503609f2a30f0cc6eba11ab,No,1736256607,229.331
0x1b267d2fcb91d73e45db8135aa2e4741f94a2272,No,1736256607,227.708
0x59fe26a06a036e487a3e8218786e8512362f37df,No,1736256607,213.178
0x20b69fda9379c8ae82cb78ea71d4d9e740e88196,No,1736256607,211.349
0x5c16873795d083fab71d4cbf5b073d22cf38f659,Yes,1736256607,197.518
0x6687c671980e65ebd722b9146fc61e2471558dd6,Yes,1736256607,161.488
0x41222737c2dade698e5d1670fa25276674d1e522,No,1736256607,159.95
0xe7f13052fe2ba7d038dac18de5e730542e3979bc,Yes,1736256607,158.999
0xa83935efd1d09dbd0e09021036b6b79b211baf65,No,1736256607,153.143
0xbc9e9f2a49ea0f0619f79c0a0d8b4a19ba79cba7,No,1736256607,151.185
0xef364e390ff3f326e3153d0b9c4b944db42155e5,No,1736256607,118.246
0x5e7b645d5bf86750cb1913122ba8a8545e2a9fd1,No,1736256607,106.406
0xeb2aec308e7b3340dea2e89d40187d2637c6c649,No,1736256607,101.316
0xf582d178e005f9df3ea8c88c85aae8193ea95a71,No,1736256607,93.043
0x55122fdca4ba43294677d96c12ce76dabc459a2b,No,1736256607,83.306
0x187e0966046da5b110fdc986c9b94bd8416837af,No,1736256607,82.211
0x4735cb9fe8e3ee6d5f34f277af0fcb6442aa1894,No,1736256607,78.157
0xe18ff9d58b4deb8c17ccba79a87fbed548ab06b3,No,1736256607,69.669
0x56e665674d26a3ec69ea0e27f001d42481f7ff53,No,1736256607,55.078
0x0e22e2cf9d80593947a340ca4248c7901c2cb9cb,No,1736256607,52.548
0xb6e5b0a2a363a326025f1c9ac1fe7b5ae2633f3f,No,1736256607,49.481
0x770569f85346b971114e11e4bb5f7ac776673469,No,1736256607,47.62
0x67ab5b66debc3217105ab356a219137a0bc07d3a,Yes,1736256607,39.51
0xd97beffdf558b269257feba5df111ab718b71e24,No,1736256607,37.099
0x6428178a1324896bd8ea897565d909945da33ee9,No,1736256607,33.747
0xea08fea6702fc34625bdb968689c497d33047ae5,No,1736256607,30.823
0xfc9dcba32cc3c86cef07e69c3fae630db2785a9e,No,1736256607,28.87
0x35d3cbcf2d75c82febfddf69b01d2dd78fd780eb,No,1736256607,26.722
0x89c4acb8b5b5b8e5b2121934b9e143569a914c80,No,1736256607,26.103
0x23069f1978fe4d6ec88bf0b84bca2b39d3b285e1,No,1736256607,18.074
0xf28a1ff4cd9b579b55195cb9528ef8f7a8b10a33,No,1736256607,17.666
0x470ba0f3bc80d88d3cd9cfd28dd125da0e545993,No,1736256607,17.489
0x461cbd5765360733a02d4571591d54c8b8a517ea,No,1736256607,16.783
0x4edca105188a0783ab3a6f09c50567d1e3f8591d,No,1736256607,15.932
0xdbd5e2bf0e87a6361bd0b587cc4c0b3fcf5dc259,No,1736256607,15.901
0x0c4f8ccbb4cf9c2ee568e33f21c807b1931726e4,No,1736256607,14.859
0x59512422af0709c7cab8285838975cd8d7c7ce7d,No,1736256607,14.855
0xb9385eb2b944370adcdc22af45ace6140bda6225,No,1736256607,14.62
0x989d0901ab8ed1032987a7706b58a881589fccea,No,1736256607,14.513
0x71044ae277bac65c4dfcd598d07a60fc6810fb8e,No,1736256607,13.994
0x1ce34e220bd710d1a84a135f345b650cc7770e9f,No,1736256607,13.389
0xeaf1eb60c3359b12d501d23a372256846ddbff8d,No,1736256607,13.366
0x41aeb883a0073527e5f5653423cbd59339154a72,No,1736256607,13.342
0xca5c758a8b9892a3e1b745f2039efa9491c18f7a,No,1736256607,12.909
0xefb8e220f012241a00f5dae4a5b2c473a742a63a,No,1736256607,12.686
0x5bd07249115373c2f069da83592706fac4e70c66,No,1736256607,12.364
0x28abd3190674dc57e4d3bebeec22f78d121810d5,No,1736256607,12.175
0x5700f03f87db485fdb90e18b3100f00b235886f1,No,1736256607,10.958
0x431f2b6e43bed4d845ac5d9b5d030dfc8987691d,No,1736256607,10.678
0x978a89b0178ea8054a99f5bddb0081ea6a3c27c3,No,1736256607,10.666
0x90dafb210c44f4b72e591e7e2f583154290e5d83,No,1736256607,10.56
0xaead6593710bf28bf4848b24f4ed1f130773d7e6,No,1736256607,10.483
0x25124024390ac79659ed699b087a3e748686df7b,No,1736256607,10.393
0xf94bfbd175219331f9ff323ea703ebd2a05fd33a,No,1736256607,10.393
0x001fe2cdbeeb0743679e958c0861dd8788b28b19,No,1736256607,10.393
0x6841ccc2fa23efe3bbe98492f026756479e4a4ec,No,1736256607,10.393
0x9fbcbfdc3c66562113daba8b501d0d7d55e84688,No,1736256607,10.393
0xa63cb29de16607dd5ac18b6cb65bead58d04ac25,No,1736256607,10.393
0x68c0dd2b5a5df00bca4f7df8ca9b1425fe817728,No,1736256607,10.393
0x23d2874d56bba76af9866604c76fc5347058aad7,No,1736256607,10.393
0x29397b5b81579504c446e8e86c88196491be5ec5,No,1736256607,10.393
0x9ac5f8c48ade024a006206ca5ebd06f275f243ec,No,1736256607,10.393
0x1520ab7dd2ca282fca2810cb7df071c9de3e2f5c,No,1736256607,10.393
0x31287a933b2e153654105013d595dcbd6664fcf9,No,1736256607,10.393
0x7cd192ff8e2e3e5bf8b5e85f858c0f83e22f771d,No,1736256607,10.393
0xd2946cb43fd692f8776be5c91dc523aa3fe69f1d,No,1736256607,10.393
0xe6a46ea30a1ef48e8ab2179a203c137702147073,No,1736256607,10.393
0xe69d81fad86ac5295a1261930c19e7ad009aa52e,No,1736256607,10.393
0xc7baf12d871f26b09dfa61a6e9e3b2eaef7a159a,No,1736256607,10.393
0x09a2aa22db9f97aabd3da897b156d944c8c50e0f,No,1736256607,10.393
0x75f04fbf12ed979873db692eab1a904abe1e2f32,No,1736256607,10.393
0x409ad638c059375de57d455b78520470ed13f282,No,1736256607,10.393
0x8c0733ba6295af19ae294c19b34e7d163acc7197,No,1736256607,10.393
0x75202586d58c8d2ed726b4abdcda3ecdd91c1e34,No,1736256607,10.393
0x91dc3d24895bb29033cbbf48ed6b5f7b0510d83c,No,1736256607,10.393
0x1d6b8e5fa836c7d5846fb76f188b008c10b67ba5,No,1736256607,10.393
0x5bf79c7bf66a6aa75f4fef4004bc7d527fdf8250,No,1736256607,10.393
0x74aadf1281a7f5546e13f17de5101a310a33bf3f,No,1736256607,10.393
0x683132fe975fac296f21919d625a94a4a86f6fa6,No,1736256607,10.393
0xb7806b30034cc8d13390aa0b713dc0c326cd4358,No,1736256607,10.393
0x4ddcdfbef53747089cab9d775aa461e7a088ff3c,No,1736256607,10.393
0xd50ea36556e1c9abece88a1d9ad5b38261ab515b,No,1736256607,10.393
0x0182518980f999ad0c9527d864c15492ab3beeae,No,1736256607,10.393
0x9ac0605353f447a49845365ded45fc57e609a319,No,1736256607,10.393
0x327c7b1e4bcaa69afa029f042dda3722e3ed74c1,No,1736256607,10.393
0x15923b51ecc5de696d67a85d2a493908c750b237,No,1736256607,10.393
0xaeeb3b86314009f5ee315c49414646a1f5709d1c,No,1736256607,10.393
0x441e1e47a6fa2dbfd3cd9b54291e9ab3a58d7975,No,1736256607,10.393
0x41cd6228341ea33e8d9659f09bf0e5aadc54c5e7,Yes,1736256607,10.393
0x6bc8679c27b49cc4be2c8faf9906bc0465727cf3,No,1736256607,10.393
0x5ac691d7b535cbb755de910123c656ac407f6f29,No,1736256607,10.393
0x1f5fae0615ee87196f229ea19d726d58846bdc0e,No,1736256607,10.393
0x8f8be6f1eac8432e3f0e460402fcb358311a86d4,No,1736256607,10.393
0x4ca2a670bd5505b870b21331a53d9bb4ae6e2084,No,1736256607,10.393
0xc7b6717c5c30a5645ba308afd2b0df42b850d8e3,No,1736256607,10.393
0xe3cd70be09c3a45b73ff5d7cfe37f8b5309ebbdc,No,1736256607,10.393
0x717f0a9ee93fde2ae196b61b51fda5b892c02b3d,No,1736256607,10.393
0xf7d7d7dacb1215fba1f6cdd1361092796680cf4f,No,1736256607,10.393
0xf8d97b0de945bb3ec6d634e0fdc48b6a3b9fcb1f,No,1736256607,10.393
0x0eb682c54bb74e0fb37894e4f0b02127e5fb865f,No,1736256607,10.393
0x56f446074d3dc521786ea456e725775819e260cb,No,1736256607,10.393
0x84d766fb6c86dd8983e5cab3d17e6630c278277e,No,1736256607,10.393
0x31a026bbd8ddc0f95ad827c17c37c0d8fc25d3ff,No,1736256607,10.393
0x79cda2b2fa8b3c080da06ddce3416b8e4b7c1b14,No,1736256607,10.393
0xd51aea4a4ba241ded4112c017d73c976a967139f,No,1736256607,10.393
0x3975f79ce2cae19b8d4d5e1f4b134e241bf6f10a,No,1736256607,10.393
0xcf3c78a77ff01b451a21301a522c48b92a029e70,Yes,1736256607,9.621
0x4d6caa3e0983fac7b514d60339ebb538c5a85aae,No,1736256607,9.545
0x224623eeb6fadb6ff76f5be4b570ee06ee282868,No,1736256607,9.538
0x91fd26ec02642bed576d4f7efac19592568e12da,No,1736256607,9.433
0x7ba8868efcc2f04bf9d1a9445d7843d7ae5dd1b4,No,1736256607,9.401
0xab06ff77044db8a5a48f1b49833d87abfaebad09,No,1736256607,9.042
0x61520cc833313c4d4d4ed61e0dfca3b4923318c5,No,1736256607,8.844
0x5d4adb6eca975bab50d2490ccdfe5d9cd1bf4882,No,1736256607,8.842
0x38ef098f74393d219d92c5112055e618c6bde2d7,No,1736256607,8.834
0x1a15c730fe686ecf8ba44e3f9b21d5389b55bfbf,No,1736256607,8.825
0xaaad392d9c7b9489c480f57c809d3209cf26c930,No,1736256607,8.645
0xe3ac17a0284ce1a551debafb0e57301c7226dbe9,No,1736256607,8.461
0x6555032a163641b5f7c9ba32f9543acef7a1559c,No,1736256607,8.411
0xd27cd4e2c3f168dbf9b4cfcd82664480973151e9,No,1736256607,8.376
0x5114c9e5872ef18e714530da9000c50a4df38629,No,1736256607,8.198
0x6280dc842f55ecca9b7a7d490f892bd9adc4ab17,No,1736256607,8.126
0x40ef22af7c049cafae144f341f8d44a46ade66b1,No,1736256607,8.067
0x1ca0a84230d73a986681b22391c198ad5887903c,No,1736256607,8.067
0x62efbbc99349456ae6cb45feaec6ee5b9f15883c,No,1736256607,8.067
0x128b83d86d41f2c0a2a549d70a8f5e255d2f9896,No,1736256607,8.067
0x9c64c4b1a9d2eb9fae60cd9fecf86557f584117b,No,1736256607,8.067
0xfc651a9e723a4da0e7eb264f6f73a680d9721f69,No,1736256607,8.067
0x96103652ef1d66d7a8f3b66060d126d82a456f47,No,1736256607,7.852
0x9026a44fb446da394f5810fdb4708a7879cebe34,No,1736256607,7.665
0x1afbcd54aff10fdf0c2e7de4cde86b3e75a3e4e7,No,1736256607,7.607
0xdfc2ad6492faa517b5572f9fa61716d4f9d121ed,No,1736256607,7.549
0xd6a2a456b48836f38ace550c59c421ca24f1681a,No,1736256607,7.374
0xe5dd78c224f26e306c84a9b1aa2def30bdf15835,No,1736256607,7.29
0xcba986c46f6908be6ee07bf868bb812978c32e08,No,1736256607,7.29
0xe5c3aabac09838405b82b10b4ddae5a48ae57f9d,No,1736256607,7.263
0x6fdb1e4206d119555c3ac61ac20c76eb818fa567,No,1736256607,6.811
0xa7cac6d048d42c48470cb93307e6898356a13320,No,1736256607,6.668
0x68bf9733a1b5688feb430b1d200b2299c74885b1,No,1736256607,6.643
0x9d9e26932d012b2ab21b974fe1552f4025b1e1cc,No,1736256607,6.643
0x380e7360085407892f33da521dfb01da82b5f2be,No,1736256607,6.643
0x9c1a52b599cf652701b41bf137ae022a894b5ea3,No,1736256607,6.643
0xc0dd5675528d8d9f05afe601df6ebda59e2a6733,No,1736256607,6.643
0x8d4d39d2e3104876a0c5fa11efe02597613d2a79,No,1736256607,6.621
0x10c895bf7d9f895cd648448d35f89b23b15dd1a5,No,1736256607,6.566
0x3cbbdc5e6b615eaf094d41fd0f4422c72bcbe8ff,Yes,1736256607,6.547
0xce9164fcbae8e469a0dba805b5310eb1c531690b,No,1736256607,6.546
0xd2c04f656448e78b178d6cc3b2ccf91de6ae7f39,No,1736256607,6.433
0x4b29ce2f88adde97c71207768c580a29cfc9be08,No,1736256607,6.337
0xece039bd21e3910187af408909b6529c629ec8e5,No,1736256607,6.264
0x33d10de1e65e6193044e277a77c3fd02d59b1c3f,No,1736256607,6.251
0x591f5162547dff90c185271726a5eb540d1395de,No,1736256607,6.212
0x9e8b306eea4d50090ac0af1eeac79fcd531eb159,No,1736256607,6.21
0x1cb3a5bd0ea5af39443a822ed34afc8ccb6a901c,No,1736256607,6.206
0xc9534a59ef121516e5e1aead8d45d151e768e216,No,1736256607,6.165
0xf035561dce033ded865e15e69db06cffc88d9213,No,1736256607,6.164
0x74422aea0886e590ca53537de3ef78f47be368a8,No,1736256607,6.116
0x7765a81e13822f1bbcfd0aeedd6765f805a084b2,No,1736256607,6.116
0x761f24ca62486b98f259837542964aa18c176358,No,1736256607,6.116
0x298c506e1a3bd03064f49188948768cb11b26435,No,1736256607,6.116
0x70b0e653e50eff0109ba6b3b3d4f15453e49d311,No,1736256607,6.082
0xe5d067d8634e109c077192c34c972a10ee6fc731,No,1736256607,6.07
0x750a9e546d348e323b8c0f98cf71ea806f37112b,No,1736256607,5.831
0x2fa0686be3b64f0e99a671cf4732bfcf72cd8bad,No,1736256607,5.831
0x62872c62d5087294e4dd4d47012e51e71ceb1745,No,1736256607,5.772
0x82b1c5ffa4fe976869b4156c90073a8b719d671a,No,1736256607,5.645
0x12a491e92dd8d6de3aadef21c4dda3a1d6a3a1cb,No,1736256607,5.576
0x9e979ffff022bbbe891fb64c1cfc61e4447d049a,No,1736256607,5.481
0xdf4beb2691ade973c0ef6a55b3c55f2edb69208d,No,1736256607,5.44
0x4518cd6f9cd1085d0cc1eed7c8b3bcd98afafcd9,No,1736256607,5.435
0xd74f45334c0a754e8d834e1990dab588cdb39140,No,1736256607,5.301
0x6bb0bed604c3c43bb53b9fda53e431c982fc01be,No,1736256607,5.3
0x3b33e186573649c9a6c6380f45246c516c150ee1,No,1736256607,5.293
0xb1b5296bcc9f9de90a676d36485cb30ecc46f900,No,1736256607,5.291
0x8560b084cbb92df9f8961a5e11a0fe28eca37216,No,1736256607,5.257
0x4bb51eb3588358ba59e005b4c5474a2cff7355b7,Yes,1736256607,5.245
0xd05eb495d3839397ca087221e3667a0fa2a6c9bc,No,1736256607,5.213
0x911d9369874711363dd5ea1aa7a4d1d089b595a4,No,1736256607,5.13
0x57356618fff9f4bf3c87fa55594f61d5b8d37f57,No,1736256607,5.038
0x88e02fff8c858603aa1cb44800b18660a3ba3a64,No,1736256607,5.029
0x95ec1c92ca79b3e0fc7599f4d02f60c68fc81b0b,No,1736256607,4.958
0xce0d183b410a53144ef3fc60931911d5ae9f00e6,Yes,1736256607,4.958
0xed6818c68496aff31f6064c880aa235ab99b3acb,No,1736256607,4.833
0xebfd6bc03cfabd6a97c4b0fe5ac3dc0f933e39a2,No,1736256607,4.818
0x04c1d8ca275434bdc1697eda44d1cade92459b34,No,1736256607,4.52
0x3dcde3990c781cec4921af8a0bae1820f649e2c0,No,1736256607,4.451
0xe5d50c7af6c9c0c36e270f6ce8467bef7e27a443,No,1736256607,4.33
0xfd1af514b8b2bf00d1999497668bff26ccdf4c8a,Yes,1736256607,4.116
0x0ad6b75e864892f661c48f578ad95a21638e13e7,No,1736256607,3.512
0x6c1d079f0dea5e7db77590e17eb8be48c490d373,Yes,1736256607,3.014
0x3b65b655cec1533b677cdf1c493a75d904de0406,No,1736256607,3.014
0x33a0b5d7da5314594d2c163d448030b9f1cadcb2,No,1736256607,2.641
0xffa348ad78619bdfe461bb5d2c4c939197b09921,No,1736256607,2.441
0x0d3662a58010592abc77dedbf06101c4f0dbb357,No,1736256607,2.295
0x9008d19f58aabd9ed0d60971565aa8510560ab41,No,1736256607,2.217
0x93117c404dd08720da88ea1b48799f87e8d03190,No,1736256607,2.069
0xb235c33eaedbd96271f03154baa0fa4809f023ca,No,1736256607,2.049
0xb9e61ea87e165f038ee73a1492564fe6c81ed776,No,1736256607,2.029
0x761e1ea4b9bfde475b0196a595d2e20845e50c8d,No,1736256607,2.029
0xd4f0e5a2d37e0159789470711c3c6e6d9dae12d7,No,1736256607,2.019
0x9f1ae497afad289aa370f3f4ad038bc5e35f3c27,No,1736256607,2
0xaf9460c873bb77d9dfe3e83f687c340558b8f8d7,No,1736256607,1.897
0x71b40c1c502e4bea83a90dddb94f82f16582b044,No,1736256607,1.888
0xc8747abc6a88bbd20939d83e36295b4defb3989c,No,1736256607,1.648
0xb4b88049a0ac431023e00a7e31cec9d30616505e,Yes,1736256607,1.648
0x6a6032ca59500cb2ecea4997d65521afbc3cf120,No,1736256607,1.637
0x98531797ec179244c8dc97c4b27351d2df787127,No,1736256607,1.628
0xc30b175dfd20cf4a34c661e3b145b3ac7938230a,No,1736256607,1.617
0x026c8ae096ebd22f2f6ce84de9ebf96e5a7887db,No,1736256607,1.617
0x97188c8755443868f150ca2ed307671e7d686744,No,1736256607,1.596
0x5b328c5a0b9f2b02c6787de34dd854ab2d6ea3e5,No,1736256607,1.596
0x8196888886836cb8a6ba4248fe195e31479503d8,No,1736256607,1.596
0xa187408c461f382314c873a2725819ad0ff19d63,No,1736256607,1.596
0x6e590863f9b04189e0d5143eb41367b96dc151ca,No,1736256607,1.577
0xa2a97e9333982471665aecfa4893695cec74a9ef,No,1736256607,1.511
0x245bd6b5d8f494df8256ae44737a1e5d59769ab4,No,1736256607,1.368
0x6b5e43cccab7cb3f45200d2a38c47a269dd011a8,No,1736256607,1.283
0x0a2ff9935e17df1c664201557f1e5e7f3473a68f,No,1736256607,1.254
0xda7ff40887846d5f014a076bf68133cd6f0f3379,No,1736256607,1.158
0xb972788fd94972d673eb3af068df1dfe11a2ec37,No,1736256607,1.072
0x206c5915856ef684d9f816f3747224c853933115,No,1736256607,0.879
0xc3792470cee7e0d42c2be8e9552bd651766c5178,No,1736256607,0.67
0x7f162a87531a78ce2ca962a5d3dc82d2e0d22f96,No,1736256607,0.621
0x6fa544cddd47329d3b8cee3c37a759c2f676968c,No,1736256607,0.499
0x28b7bbf621faf339d884c75b013c56e0731b2ada,No,1736256607,0.489
0xa3c0a5e0465e65e56d36d1a7f4684c317d9ce875,No,1736256607,0.47
0x07dd329293000003a159153f6ed12ff7c3a23981,No,1736256607,0.443
0x478189dc3905a08e456c348905c1e5b03de8023d,No,1736256607,0.442
0x12c8585b54220fb7b59599b51f76cac4e12f55fe,No,1736256607,0.44
0xe2067b8f36d8c54d32521646d6d6c3833d5fe7cd,No,1736256607,0.334
0xda02dfb7fe45a1f8f98f2783c3b837a65d40af01,No,1736256607,0.218
0xbebcf3700f462a82061ff95295ab6ec7593c6c6c,No,1736256607,0.21
0x031778c7a1c08787aba7a2e0b5149feb5decabd7,No,1736256607,0.122
0xc7b072b4368e7a221a2de74dac549edcef34cfa3,No,1736256607,0.104
0x460a2319bf0adb90676b6bb5dd5ec8ef34df93cd,No,1736256607,0.094
0xa85f10fde0d65ed8d477fa59036b6eb254e36665,No,1736256607,0.094
0x3a42263bd22fa189072d06169a47ecfce955715f,No,1736256607,0.077
0x409caec195e72ede0b27e4deb55524424c5d54a9,No,1736256607,0.077
0x892bef8fe252b1678cdb581822727c2d4537826b,No,1736256607,0.077
0x16e2e9b9e6c097be009c0b10f8e78f4de99461be,No,1736256607,0.069
0x541ef672f9d8626090ec6699c2a35f29742152a5,No,1736256607,0.068
0xd11fe8cb63b7590d19e7d63c1f65cbfe0845d58a,No,1736256607,0.062
0x6224dd3b4757446de11fca940400c162eb313757,No,1736256607,0.062
0xe2a0c03b1e7a698b63c9f7cf7c37eff577e890a7,No,1736256607,0.06
0xf2a38230ea2e92db69aa520182f368ceec2ed4cd,No,1736256607,0.06
0x31517b5b26dddcf2fad386d21e94a552ed5cebef,No,1736256607,0.05
0x7bc86a45410bd01a9c2c11c2b23b2afb2617f3ff,No,1736256607,0.05
0x617512fa7d3fd26bda51b9ac8c23b04a48d625f1,No,1736256607,0.042
0xcf976705a5326bb97fb26539ca9bb1fa0ba62178,No,1736256607,0.041
0x3879e62972ec43713d296cfd5a9751b351269cf1,No,1736256607,0.036
0x2e6f35eaa69bd20d694b3c6735956a7a54409b57,No,1736256607,0.03
0x2535c1d30f861cc09ddb961ddd14cc15a6ca4641,No,1736256607,0.021
0xa7bd30c73549c7948e2ef5d46215a5ce95275b98,No,1736256607,0.016
0xabddc883e535689ba6eb719fabd4efb42bc0b35a,No,1736256607,0.012
0x9f882451cf39314079a7773aa78feb9b6cfbf3ba,No,1736256607,0.012
0x969c6ba66e832cdbb56f9bef7d8f4ca98be6c006,No,1736256607,0.01
0x38d8c1e466dd5889cc8b029394f7dabd55a2e232,No,1736256607,0.01
0x529070265656213bd739d9cfda525a31fd353b1a,No,1736256607,0.009
0x4e35004054b9195fab156c1b9307e9b569a5b930,No,1736256607,0.009
0x5ab7971c6e46f55367c1090b863746dc6b1ebb8c,No,1736256607,0.008
0xf8fb9316fa63e6401311ad1c861a569087ba3f60,No,1736256607,0.007
0x4eb299568aefa4de18136f52ba1564a2ccf28158,No,1736256607,0.005
0xeb77a109a1adb1835f6f52a5da8055448e65b1e5,No,1736256607,0.005
0x2a5a9951e1b4e4fcbfa1c23ee24c72e2b3c907d6,No,1736256607,0.005
0xd3778cade4ecbc115a8e26c211789c3a6d5ed48c,No,1736256607,0.004
0x34c263a565157c2c0fefda9c7d205fdbea8ee2ee,No,1736256607,0.003
0x278371008525f4b50547166da389b5fdb8ebce8e,No,1736256607,0.002
0xe24f35fcc986f94d4cd7c93920a62bafae497db1,No,1736256607,0.001
0xcaf9ade1fddf1b31d490a4629ada638d104e9543,No,1736256607,0.001
0x229fd33073a9bfbea6214a71404ae86eec6eaa3f,No,1736256607,0.001
0x1889af068f61c4376e337913bf4728ea20dff7a0,No,1736256607,0.001
0x49a8a44fc8ae002e096fba030791d3a3b7c008a6,No,1736256607,0.001
0xa989c0063511a9c773402c6e17d666da7c00f2b2,No,1736256607,0.001
0x56cf0ff00fd6cfb23ce964c6338b228b0fa76640,No,1738923501,"661,908.967"
0xfe13988736d95d052c2e45e5b4e1ef2e2750b7f4,No,1738923501,"181,842.664"
0x334f12afb7d8740868be04719639616533075234,No,1738923501,"164,167.533"
0x7b2e78d4dfaaba045a167a70da285e30e8fca196,No,1738923501,"100,120.717"
0x874e2b0af4570baf5d116f95744e2d1e5fb7dbb3,No,1738923501,"87,748.083"
0xe1d93f9a4982cf170baddf711ac93a9e10b1ec1e,No,1738923501,"54,146.093"
0x2ff064d951996c9fe70d6ba22d8684f37b2e24ec,No,1738923501,"51,964.996"
0x04a9edd12ed304efb5e5fe83109a65e8e84799c3,No,1738923501,"35,964.736"
0xd8ad1fea3fb40671a2ed0fd17f4f196a4be75fb4,No,1738923501,"21,775.775"
0xae25817e57d1be8c2c60ba911300f4fc45a9f8cb,No,1738923501,"17,051.569"
0x4bc80d24598141f46455959f671155d5c5504872,No,1738923501,"11,029.486"
0xaa36deb402ccf0fee2aa09974552154a9564ae20,No,1738923501,"10,878.194"
0x5ca22fe7ced86660aac7d90236f184fa857dc2ec,No,1738923501,"9,282.091"
0x9eb6d10f75b364662313ee3099173dc3ac4048c9,No,1738923501,"7,949.178"
0x494c439ef103f87b4d8f6b475cdbb8d07f940ff0,No,1738923501,"7,587.48"
0x6464dd204ead251e0d767d60640cafc0c02a06de,No,1738923501,"4,554.952"
0xc58598141a72db365e8ecd4d740a191913551d0f,No,1738923501,"4,494.376"
0x2ae5b63bc2f3b9087b8b1904591eaa92718e3174,No,1738923501,"4,306.135"
0xd18f8e0eff764a18f7d70c6c84340338dc79d9ff,No,1738923501,"3,679.806"
0x766727e57a00cf6179156225ea4be95c03721b9f,No,1738923501,"3,556.49"
0x15e4b073c44e90d4667c7add06ab7a0dbe7f4097,No,1738923501,"2,354.635"
0xa999ac5c4a1178b07adf249a7e48d2c7aec19d3d,No,1738923501,"2,353.887"
0x391f34fa842a35d124088b3f03d8eee263b56c0e,No,1738923501,"2,151.063"
0x26640ab4d4acc4a3b1b3e4ef361da6549df1266b,No,1738923501,"2,151.063"
0x900f2feaf13d922c56fbf8895b510df027d0443a,No,1738923501,"1,912.54"
0x8195fa0519d5f3ad3766e2ec5b3dfc088be03aab,No,1738923501,"1,856.74"
0x67ab5b66debc3217105ab356a219137a0bc07d3a,Yes,1738923501,"1,190.419"
0xec9048b59b3467415b1a38f63416407ea0c70fb8,No,1738923501,875.276
0x60abacfaa6f3bd4072707fce6f4eaaaae414847b,No,1738923501,816.819
0x95cde8b6ebddf03f5bd4ecc82a74664cd72cd87c,No,1738923501,764.665
0xd08c3627600c05e979ae936686736e602c8e6bb2,No,1738923501,739.163
0x2a7fc2c27546deaf1723dbc4e30e162941932450,No,1738923501,651.056
0x1b267d2fcb91d73e45db8135aa2e4741f94a2272,No,1738923501,556.229
0x89b4dcca0f2f7ca6cced6642e13227b5c63c6dcb,No,1738923501,545.414
0xbac525271fcf4deed00380e70b0c20ff1121d755,No,1738923501,528.596
0x159d726ab894970fb32387ae9cb072111fd4508e,No,1738923501,470.633
0x89c4acb8b5b5b8e5b2121934b9e143569a914c80,No,1738923501,443.454
0xa5ac847fc0e14223395778d216f58501f138e9a2,No,1738923501,427.405
0x447b68dc638a582612b3f1443538211665461949,No,1738923501,419.065
0xb4b04564f56f4795ea4e14d566af78da54a99980,No,1738923501,405.996
0xa14d0ef5ff41796c4e39ba3a65f45fa3e92790f2,No,1738923501,351.698
0xfe3e4266c02fe56af770c080010a927da08bbcc2,No,1738923501,338.399
0x9c2b07dd951edae10fbf58bb98a1448cde417f58,No,1738923501,333.646
0x59fe26a06a036e487a3e8218786e8512362f37df,No,1738923501,320.332
0x4008f34b31204155ac77fc97c3f458c052672531,No,1738923501,289.125
0x79ef6a46fb8ab365ae15613496ca3e5619edb5ad,No,1738923501,263.198
0x983ced6e1d35718122f0b1f9b4eafc04185c1130,No,1738923501,226.358
0x20b69fda9379c8ae82cb78ea71d4d9e740e88196,No,1738923501,204.298
0xe4a982fa1f1e8ad1af238a7b1226b13b56bf5ccd,No,1738923501,195.469
0x41222737c2dade698e5d1670fa25276674d1e522,No,1738923501,180.784
0x5c16873795d083fab71d4cbf5b073d22cf38f659,Yes,1738923501,179.932
0xa83935efd1d09dbd0e09021036b6b79b211baf65,No,1738923501,173.09
0xe18ff9d58b4deb8c17ccba79a87fbed548ab06b3,No,1738923501,172.765
0x5e7b645d5bf86750cb1913122ba8a8545e2a9fd1,No,1738923501,171.731
0x6687c671980e65ebd722b9146fc61e2471558dd6,Yes,1738923501,170.9
0xbc9e9f2a49ea0f0619f79c0a0d8b4a19ba79cba7,No,1738923501,164.556
0x33d10de1e65e6193044e277a77c3fd02d59b1c3f,No,1738923501,162.13
0xa6e28a1c053295cc34d335efb5801d82204d8922,No,1738923501,147.638
0x7db90e374edd104077abcbed45d7117f734777a3,No,1738923501,135.423
0xb6e5b0a2a363a326025f1c9ac1fe7b5ae2633f3f,No,1738923501,120.869
0x85c6737ada32ed46066f45d28a612b7647c66410,Yes,1738923501,119.559
0xeb2aec308e7b3340dea2e89d40187d2637c6c649,No,1738923501,101.316
0xd6a2a456b48836f38ace550c59c421ca24f1681a,No,1738923501,94.696
0x56e665674d26a3ec69ea0e27f001d42481f7ff53,No,1738923501,84.145
0x29ab799706136037347e608ca0e2be146ba4dcdd,No,1738923501,83.528
0x9008d19f58aabd9ed0d60971565aa8510560ab41,No,1738923501,71.87
0x35d3cbcf2d75c82febfddf69b01d2dd78fd780eb,No,1738923501,65.274
0x187e0966046da5b110fdc986c9b94bd8416837af,No,1738923501,63.551
0xb71b85723b2fd2438dfb1cda5d3ef34b209f2178,No,1738923501,57.313
0xefb8e220f012241a00f5dae4a5b2c473a742a63a,No,1738923501,56.623
0x770569f85346b971114e11e4bb5f7ac776673469,No,1738923501,44.892
0x0a2a2e54997f5e32b70b3c294172bec86c747dd7,No,1738923501,41.991
0xfe582a1d64f50645c813dc9425195ff3ce9aab0d,No,1738923501,36.939
0xc978f4364c03a00352e8c7d9619b42e26b6424ab,No,1738923501,36.51
0x6428178a1324896bd8ea897565d909945da33ee9,No,1738923501,33.747
0xe082bda07536420401187ba7225ff5f56c30998b,No,1738923501,33.315
0xea08fea6702fc34625bdb968689c497d33047ae5,No,1738923501,30.823
0xfc9dcba32cc3c86cef07e69c3fae630db2785a9e,No,1738923501,25.131
0xa7bd30c73549c7948e2ef5d46215a5ce95275b98,No,1738923501,24.395
0x1981d98ef489997f0611e10ba43d3d8c4c697923,No,1738923501,23.31
0x41cd6228341ea33e8d9659f09bf0e5aadc54c5e7,Yes,1738923501,21.828
0xf28a1ff4cd9b579b55195cb9528ef8f7a8b10a33,No,1738923501,17.666
0x470ba0f3bc80d88d3cd9cfd28dd125da0e545993,No,1738923501,17.489
0x59512422af0709c7cab8285838975cd8d7c7ce7d,No,1738923501,17.263
0x461cbd5765360733a02d4571591d54c8b8a517ea,No,1738923501,16.783
0xdbd5e2bf0e87a6361bd0b587cc4c0b3fcf5dc259,No,1738923501,15.901
0xb9385eb2b944370adcdc22af45ace6140bda6225,No,1738923501,13.293
0x7809f0e94e247143313b97b02f8411bd41540677,No,1738923501,13.191
0x0c4f8ccbb4cf9c2ee568e33f21c807b1931726e4,No,1738923501,12.368
0x272233497094a586e80b341ffd5100d972162a92,No,1738923501,12.309
0x707fefca1198d32610c8d5e3de4326f14c6c7f8f,No,1738923501,12.307
0x1ce34e220bd710d1a84a135f345b650cc7770e9f,No,1738923501,11.902
0xeaf1eb60c3359b12d501d23a372256846ddbff8d,No,1738923501,11.875
0x41aeb883a0073527e5f5653423cbd59339154a72,No,1738923501,11.849
0x5700f03f87db485fdb90e18b3100f00b235886f1,No,1738923501,11.702
0x23069f1978fe4d6ec88bf0b84bca2b39d3b285e1,No,1738923501,11.68
0x71044ae277bac65c4dfcd598d07a60fc6810fb8e,No,1738923501,10.98
0xef4d9e1f4e9e2dd9e747b53f4be3d04bfa935f2d,No,1738923501,10.047
0xca5c758a8b9892a3e1b745f2039efa9491c18f7a,No,1738923501,9.896
0x5bd07249115373c2f069da83592706fac4e70c66,No,1738923501,9.556
0x5ed3339ab4e90855ddb7f9e2905253e9d2ab59ed,No,1738923501,9.421
0xab06ff77044db8a5a48f1b49833d87abfaebad09,No,1738923501,9.042
0x5d4adb6eca975bab50d2490ccdfe5d9cd1bf4882,No,1738923501,8.837
0x38ef098f74393d219d92c5112055e618c6bde2d7,No,1738923501,8.834
0x717f0a9ee93fde2ae196b61b51fda5b892c02b3d,No,1738923501,5.987
0x2fa0686be3b64f0e99a671cf4732bfcf72cd8bad,No,1738923501,5.831
0xc9534a59ef121516e5e1aead8d45d151e768e216,No,1738923501,5.786
0x29f3c8b6a90f10f96f269495f4af184c0988a594,No,1738923501,5.628
0xd27cd4e2c3f168dbf9b4cfcd82664480973151e9,No,1738923501,5.339
0x6bb0bed604c3c43bb53b9fda53e431c982fc01be,No,1738923501,5.3
0xdfc2ad6492faa517b5572f9fa61716d4f9d121ed,No,1738923501,5.207
0x591f5162547dff90c185271726a5eb540d1395de,No,1738923501,4.995
0xe5c3aabac09838405b82b10b4ddae5a48ae57f9d,No,1738923501,4.975
0x9026a44fb446da394f5810fdb4708a7879cebe34,No,1738923501,4.931
0x96103652ef1d66d7a8f3b66060d126d82a456f47,No,1738923501,4.839
0xed6818c68496aff31f6064c880aa235ab99b3acb,No,1738923501,4.833
0x9786a9ef033308b49772ca08a1fc4b835fc25d79,No,1738923501,4.756
0x1afbcd54aff10fdf0c2e7de4cde86b3e75a3e4e7,No,1738923501,4.621
0x978a89b0178ea8054a99f5bddb0081ea6a3c27c3,No,1738923501,4.55
0xe5d067d8634e109c077192c34c972a10ee6fc731,No,1738923501,4.413
0x9e979ffff022bbbe891fb64c1cfc61e4447d049a,No,1738923501,4.277
0x4518cd6f9cd1085d0cc1eed7c8b3bcd98afafcd9,No,1738923501,4.277
0x28abd3190674dc57e4d3bebeec22f78d121810d5,No,1738923501,4.277
0x1f5fae0615ee87196f229ea19d726d58846bdc0e,No,1738923501,4.277
0x4d6caa3e0983fac7b514d60339ebb538c5a85aae,No,1738923501,4.277
0x25124024390ac79659ed699b087a3e748686df7b,No,1738923501,4.277
0x6fdb1e4206d119555c3ac61ac20c76eb818fa567,No,1738923501,4.277
0xcba986c46f6908be6ee07bf868bb812978c32e08,No,1738923501,4.277
0x9e8b306eea4d50090ac0af1eeac79fcd531eb159,No,1738923501,4.277
0xf94bfbd175219331f9ff323ea703ebd2a05fd33a,No,1738923501,4.277
0x001fe2cdbeeb0743679e958c0861dd8788b28b19,No,1738923501,4.277
0xf035561dce033ded865e15e69db06cffc88d9213,No,1738923501,4.277
0x9d9e26932d012b2ab21b974fe1552f4025b1e1cc,No,1738923501,4.277
0xe5dd78c224f26e306c84a9b1aa2def30bdf15835,No,1738923501,4.277
0x6841ccc2fa23efe3bbe98492f026756479e4a4ec,No,1738923501,4.277
0xd2c04f656448e78b178d6cc3b2ccf91de6ae7f39,No,1738923501,4.277
0x9fbcbfdc3c66562113daba8b501d0d7d55e84688,No,1738923501,4.277
0xf8d97b0de945bb3ec6d634e0fdc48b6a3b9fcb1f,No,1738923501,4.277
0xa63cb29de16607dd5ac18b6cb65bead58d04ac25,No,1738923501,4.277
0x8f8be6f1eac8432e3f0e460402fcb358311a86d4,No,1738923501,4.277
0x68c0dd2b5a5df00bca4f7df8ca9b1425fe817728,No,1738923501,4.277
0x23d2874d56bba76af9866604c76fc5347058aad7,No,1738923501,4.277
0x29397b5b81579504c446e8e86c88196491be5ec5,No,1738923501,4.277
0x8d4d39d2e3104876a0c5fa11efe02597613d2a79,No,1738923501,4.277
0x0eb682c54bb74e0fb37894e4f0b02127e5fb865f,No,1738923501,4.277
0x9ac5f8c48ade024a006206ca5ebd06f275f243ec,No,1738923501,4.277
0x4ca2a670bd5505b870b21331a53d9bb4ae6e2084,No,1738923501,4.277
0x1520ab7dd2ca282fca2810cb7df071c9de3e2f5c,No,1738923501,4.277
0x31287a933b2e153654105013d595dcbd6664fcf9,No,1738923501,4.277
0x7cd192ff8e2e3e5bf8b5e85f858c0f83e22f771d,No,1738923501,4.277
0xd2946cb43fd692f8776be5c91dc523aa3fe69f1d,No,1738923501,4.277
0x56f446074d3dc521786ea456e725775819e260cb,No,1738923501,4.277
0xe6a46ea30a1ef48e8ab2179a203c137702147073,No,1738923501,4.277
0x84d766fb6c86dd8983e5cab3d17e6630c278277e,No,1738923501,4.277
0xe69d81fad86ac5295a1261930c19e7ad009aa52e,No,1738923501,4.277
0xc7b6717c5c30a5645ba308afd2b0df42b850d8e3,No,1738923501,4.277
0xc7baf12d871f26b09dfa61a6e9e3b2eaef7a159a,No,1738923501,4.277
0xe3cd70be09c3a45b73ff5d7cfe37f8b5309ebbdc,No,1738923501,4.277
0x09a2aa22db9f97aabd3da897b156d944c8c50e0f,No,1738923501,4.277
0x75f04fbf12ed979873db692eab1a904abe1e2f32,No,1738923501,4.277
0x409ad638c059375de57d455b78520470ed13f282,No,1738923501,4.277
0x8c0733ba6295af19ae294c19b34e7d163acc7197,No,1738923501,4.277
0x75202586d58c8d2ed726b4abdcda3ecdd91c1e34,No,1738923501,4.277
0x91dc3d24895bb29033cbbf48ed6b5f7b0510d83c,No,1738923501,4.277
0x1d6b8e5fa836c7d5846fb76f188b008c10b67ba5,No,1738923501,4.277
0x5bf79c7bf66a6aa75f4fef4004bc7d527fdf8250,No,1738923501,4.277
0x74aadf1281a7f5546e13f17de5101a310a33bf3f,No,1738923501,4.277
0x683132fe975fac296f21919d625a94a4a86f6fa6,No,1738923501,4.277
0xb7806b30034cc8d13390aa0b713dc0c326cd4358,No,1738923501,4.277
0x31a026bbd8ddc0f95ad827c17c37c0d8fc25d3ff,No,1738923501,4.277
0x4ddcdfbef53747089cab9d775aa461e7a088ff3c,No,1738923501,4.277
0xd50ea36556e1c9abece88a1d9ad5b38261ab515b,No,1738923501,4.277
0x79cda2b2fa8b3c080da06ddce3416b8e4b7c1b14,No,1738923501,4.277
0x0182518980f999ad0c9527d864c15492ab3beeae,No,1738923501,4.277
0x9ac0605353f447a49845365ded45fc57e609a319,No,1738923501,4.277
0xd51aea4a4ba241ded4112c017d73c976a967139f,No,1738923501,4.277
0x3975f79ce2cae19b8d4d5e1f4b134e241bf6f10a,No,1738923501,4.277
0x327c7b1e4bcaa69afa029f042dda3722e3ed74c1,No,1738923501,4.277
0x15923b51ecc5de696d67a85d2a493908c750b237,No,1738923501,4.277
0xaeeb3b86314009f5ee315c49414646a1f5709d1c,No,1738923501,4.277
0x441e1e47a6fa2dbfd3cd9b54291e9ab3a58d7975,No,1738923501,4.277
0x82b1c5ffa4fe976869b4156c90073a8b719d671a,No,1738923501,4.277
0x380e7360085407892f33da521dfb01da82b5f2be,No,1738923501,4.277
0x68bf9733a1b5688feb430b1d200b2299c74885b1,No,1738923501,4.277
0x9c1a52b599cf652701b41bf137ae022a894b5ea3,No,1738923501,4.277
0xc0dd5675528d8d9f05afe601df6ebda59e2a6733,No,1738923501,4.277
0x431f2b6e43bed4d845ac5d9b5d030dfc8987691d,No,1738923501,4.277
0x6bc8679c27b49cc4be2c8faf9906bc0465727cf3,No,1738923501,4.277
0x5ac691d7b535cbb755de910123c656ac407f6f29,No,1738923501,4.277
0xf7d7d7dacb1215fba1f6cdd1361092796680cf4f,No,1738923501,4.277
0xc54c6380daf0b819f903238384b1699d59346658,No,1738923501,4.115
0x245bd6b5d8f494df8256ae44737a1e5d59769ab4,No,1738923501,3.696
0xece039bd21e3910187af408909b6529c629ec8e5,No,1738923501,3.59
0x3cbbdc5e6b615eaf094d41fd0f4422c72bcbe8ff,Yes,1738923501,3.533
0x224623eeb6fadb6ff76f5be4b570ee06ee282868,No,1738923501,3.421
0x9f1ae497afad289aa370f3f4ad038bc5e35f3c27,No,1738923501,2.789
0x801c4b062ccb8c7aee03fddfd14e3ff563e0e966,No,1738923501,2.719
0x90dafb210c44f4b72e591e7e2f583154290e5d83,No,1738923501,2.636
0xbd12aa424c207e90b66402c1f0aec357e8b1ded7,No,1738923501,2.228
0x8d831a71dd552ae2657d2c8ee4ceceb86a3dd779,No,1738923501,2.228
0x10c895bf7d9f895cd648448d35f89b23b15dd1a5,No,1738923501,2.228
0x04c1d8ca275434bdc1697eda44d1cade92459b34,No,1738923501,1.769
0xa7e93f5a0e718bddc654e525ea668c64fd572882,No,1738923501,1.728
0x9e4439fcf15fae67bd01a590e468912cb70b9c91,No,1738923501,1.711
0xb1dd59d6a9925d56f459012c5693279d2e95992d,No,1738923501,1.607
0xef364e390ff3f326e3153d0b9c4b944db42155e5,No,1738923501,1.394
0xa7cac6d048d42c48470cb93307e6898356a13320,No,1738923501,1.2
0xb972788fd94972d673eb3af068df1dfe11a2ec37,No,1738923501,0.859
0x33a0b5d7da5314594d2c163d448030b9f1cadcb2,No,1738923501,0.855
0x7ba8868efcc2f04bf9d1a9445d7843d7ae5dd1b4,No,1738923501,0.855
0xd2a6017179968d65ea6efaaea6f19d60e78314af,No,1738923501,0.832
0xfd1af514b8b2bf00d1999497668bff26ccdf4c8a,Yes,1738923501,0.762
0x206c5915856ef684d9f816f3747224c853933115,No,1738923501,0.753
0x4bb51eb3588358ba59e005b4c5474a2cff7355b7,Yes,1738923501,0.718
0xc3792470cee7e0d42c2be8e9552bd651766c5178,No,1738923501,0.67
0x911d9369874711363dd5ea1aa7a4d1d089b595a4,No,1738923501,0.654
0xde1f8a73aac5a18a04395b40fc6eee093964faf4,No,1738923501,0.565
0x2933a9010fa10368113d9e4071ddf8c6adcd81d2,No,1738923501,0.56
0xe7f13052fe2ba7d038dac18de5e730542e3979bc,Yes,1738923501,0.481
0x3b33e186573649c9a6c6380f45246c516c150ee1,No,1738923501,0.481
0xb1b5296bcc9f9de90a676d36485cb30ecc46f900,No,1738923501,0.481
0x1a15c730fe686ecf8ba44e3f9b21d5389b55bfbf,No,1738923501,0.481
0xd74f45334c0a754e8d834e1990dab588cdb39140,No,1738923501,0.481
0x478189dc3905a08e456c348905c1e5b03de8023d,No,1738923501,0.472
0x725bcf16bae966975170c4d98e646a518ae071d3,No,1738923501,0.43
0x70b0e653e50eff0109ba6b3b3d4f15453e49d311,No,1738923501,0.411
0x6555032a163641b5f7c9ba32f9543acef7a1559c,No,1738923501,0.344
0xc7b072b4368e7a221a2de74dac549edcef34cfa3,No,1738923501,0.31
0xcf3c78a77ff01b451a21301a522c48b92a029e70,Yes,1738923501,0.294
0x031778c7a1c08787aba7a2e0b5149feb5decabd7,No,1738923501,0.258
0x07dd329293000003a159153f6ed12ff7c3a23981,No,1738923501,0.257
0xbebcf3700f462a82061ff95295ab6ec7593c6c6c,No,1738923501,0.21
0x6b5e43cccab7cb3f45200d2a38c47a269dd011a8,No,1738923501,0.137
0x460a2319bf0adb90676b6bb5dd5ec8ef34df93cd,No,1738923501,0.094
0xa85f10fde0d65ed8d477fa59036b6eb254e36665,No,1738923501,0.094
0x3a42263bd22fa189072d06169a47ecfce955715f,No,1738923501,0.078
0x892bef8fe252b1678cdb581822727c2d4537826b,No,1738923501,0.077
0x541ef672f9d8626090ec6699c2a35f29742152a5,No,1738923501,0.068
0x3879e62972ec43713d296cfd5a9751b351269cf1,No,1738923501,0.068
0x6224dd3b4757446de11fca940400c162eb313757,No,1738923501,0.062
0xf2a38230ea2e92db69aa520182f368ceec2ed4cd,No,1738923501,0.06
0x409caec195e72ede0b27e4deb55524424c5d54a9,No,1738923501,0.044
0x2535c1d30f861cc09ddb961ddd14cc15a6ca4641,No,1738923501,0.029
0x16e2e9b9e6c097be009c0b10f8e78f4de99461be,No,1738923501,0.029
0x8b20880fbc214a5eb74ecee679c8971149a45415,No,1738923501,0.025
0xe2a0c03b1e7a698b63c9f7cf7c37eff577e890a7,No,1738923501,0.02
0x7d3a0da18e14ccb63375cdc250e8a8399997816f,No,1738923501,0.012
0x9f882451cf39314079a7773aa78feb9b6cfbf3ba,No,1738923501,0.012
0x969c6ba66e832cdbb56f9bef7d8f4ca98be6c006,No,1738923501,0.01
0xcc37ac58c61e76b941ae31beb93f819592139913,No,1738923501,0.01
0x1eb7458ae2d2509691de3514870c543bf1ba4813,No,1738923501,0.01
0x529070265656213bd739d9cfda525a31fd353b1a,No,1738923501,0.01
0x38d8c1e466dd5889cc8b029394f7dabd55a2e232,No,1738923501,0.01
0x64b1a10f3244a6803ee32902bb3f9d267b6577f7,No,1738923501,0.01
0xa147ad7eec422919920835011d47b51088bc606b,No,1738923501,0.009
0x7bc86a45410bd01a9c2c11c2b23b2afb2617f3ff,No,1738923501,0.009
0x79889e8cf01f940ac0773acfd019770547e54e20,No,1738923501,0.008
0xf8fb9316fa63e6401311ad1c861a569087ba3f60,No,1738923501,0.008
0x4e35004054b9195fab156c1b9307e9b569a5b930,No,1738923501,0.008
0x5ab7971c6e46f55367c1090b863746dc6b1ebb8c,No,1738923501,0.008
0x6e5191412f7d8fa741285a2f852aad0e00810140,No,1738923501,0.007
0xfc91d4275995db19d0bb9017ba667325ecdd8741,No,1738923501,0.007
0xa53158c126a6734db171f965d9abf66ce37f02fa,No,1738923501,0.007
0x26ad67c86e5693f8033766f589b868d2fe51496d,No,1738923501,0.007
0xab5937b9b3be8a568943617dfcbd9d55717c32ec,No,1738923501,0.006
0x1f39522caa631768b73d1ed8c8ca0eca8f543e85,No,1738923501,0.006
0x4eb299568aefa4de18136f52ba1564a2ccf28158,No,1738923501,0.006
0x0e44ff4b3ddfaa45dba672cadd5db41d080d6c11,No,1738923501,0.005
0xeb77a109a1adb1835f6f52a5da8055448e65b1e5,No,1738923501,0.005
0x1cca18430fa4ab078b8df5fd2e7a84ffd3858313,No,1738923501,0.005
0x134e71213b9d480c5df2b0a6916bec0eadcea8e6,No,1738923501,0.004
0x217d57904fc911d97fec7d323820bc312fb135d0,No,1738923501,0.004
0x790ddaa427923debe85932e6984f651fae7d832f,No,1738923501,0.004
0x8e0b3c2d675013e7ca84dfc044678133a6b7a36c,No,1738923501,0.004
0x278371008525f4b50547166da389b5fdb8ebce8e,No,1738923501,0.004
0x862a146180343638f12137084ac2fd7cc7a47224,No,1738923501,0.004
0x2a5a9951e1b4e4fcbfa1c23ee24c72e2b3c907d6,No,1738923501,0.003
0x83cccdd523e02d44d229b2b2ee59d69d3af03dd8,No,1738923501,0.003
0x34c263a565157c2c0fefda9c7d205fdbea8ee2ee,No,1738923501,0.003
0x55aa033bcbf561910503609f2a30f0cc6eba11ab,No,1738923501,0.003
0x9dadf18c8aec2a80be1473935b5b710b9ac6eaa2,No,1738923501,0.003
0xc9fdc4e87eff1a29bccbada939c6aca7590e1660,No,1738923501,0.002
0x229fd33073a9bfbea6214a71404ae86eec6eaa3f,No,1738923501,0.002
0xaa673648a822fcf4b143312b85f773f1d1b9f773,No,1738923501,0.002
0x949fd3a64f44b80bb13db2b6af0fabfcf727d354,No,1738923501,0.002
0xe24f35fcc986f94d4cd7c93920a62bafae497db1,No,1738923501,0.001
0x956b2e01e38e6a8db2de1e475f55886d51dc4fdf,No,1738923501,0.001
0x369493e33459d16ed0119526d08152b684e03c63,No,1738923501,0.001
0x1889af068f61c4376e337913bf4728ea20dff7a0,No,1738923501,0.001
0x49a8a44fc8ae002e096fba030791d3a3b7c008a6,No,1738923501,0.001
0xa989c0063511a9c773402c6e17d666da7c00f2b2,No,1738923501,0.001
0xcaf9ade1fddf1b31d490a4629ada638d104e9543,No,1738923501,0.001
0x56cf0ff00fd6cfb23ce964c6338b228b0fa76640,No,1738946539,"661,908.967"
0xfe13988736d95d052c2e45e5b4e1ef2e2750b7f4,No,1738946539,"181,842.664"
0x334f12afb7d8740868be04719639616533075234,No,1738946539,"164,167.533"
0x7b2e78d4dfaaba045a167a70da285e30e8fca196,No,1738946539,"100,120.717"
0x874e2b0af4570baf5d116f95744e2d1e5fb7dbb3,No,1738946539,"87,748.083"
0xe1d93f9a4982cf170baddf711ac93a9e10b1ec1e,No,1738946539,"54,146.093"
0x2ff064d951996c9fe70d6ba22d8684f37b2e24ec,No,1738946539,"51,964.996"
0x04a9edd12ed304efb5e5fe83109a65e8e84799c3,No,1738946539,"35,964.736"
0xd8ad1fea3fb40671a2ed0fd17f4f196a4be75fb4,No,1738946539,"21,775.775"
0xae25817e57d1be8c2c60ba911300f4fc45a9f8cb,No,1738946539,"17,051.569"
0x4bc80d24598141f46455959f671155d5c5504872,No,1738946539,"11,029.486"
0xaa36deb402ccf0fee2aa09974552154a9564ae20,No,1738946539,"10,878.194"
0x5ca22fe7ced86660aac7d90236f184fa857dc2ec,No,1738946539,"9,282.091"
0x9eb6d10f75b364662313ee3099173dc3ac4048c9,No,1738946539,"7,949.178"
0x494c439ef103f87b4d8f6b475cdbb8d07f940ff0,No,1738946539,"7,587.48"
0x6464dd204ead251e0d767d60640cafc0c02a06de,No,1738946539,"4,554.952"
0xc58598141a72db365e8ecd4d740a191913551d0f,No,1738946539,"4,494.376"
0x2ae5b63bc2f3b9087b8b1904591eaa92718e3174,No,1738946539,"4,306.135"
0xd18f8e0eff764a18f7d70c6c84340338dc79d9ff,No,1738946539,"3,679.806"
0x766727e57a00cf6179156225ea4be95c03721b9f,No,1738946539,"3,556.49"
0x15e4b073c44e90d4667c7add06ab7a0dbe7f4097,No,1738946539,"2,354.635"
0xa999ac5c4a1178b07adf249a7e48d2c7aec19d3d,No,1738946539,"2,353.887"
0x391f34fa842a35d124088b3f03d8eee263b56c0e,No,1738946539,"2,151.063"
0x26640ab4d4acc4a3b1b3e4ef361da6549df1266b,No,1738946539,"2,151.063"
0x900f2feaf13d922c56fbf8895b510df027d0443a,No,1738946539,"1,912.54"
0x8195fa0519d5f3ad3766e2ec5b3dfc088be03aab,No,1738946539,"1,856.74"
0x67ab5b66debc3217105ab356a219137a0bc07d3a,Yes,1738946539,"1,190.419"
0xec9048b59b3467415b1a38f63416407ea0c70fb8,No,1738946539,875.276
0x60abacfaa6f3bd4072707fce6f4eaaaae414847b,No,1738946539,816.819
0x95cde8b6ebddf03f5bd4ecc82a74664cd72cd87c,No,1738946539,764.665
0xd08c3627600c05e979ae936686736e602c8e6bb2,No,1738946539,739.163
0x2a7fc2c27546deaf1723dbc4e30e162941932450,No,1738946539,651.056
0x1b267d2fcb91d73e45db8135aa2e4741f94a2272,No,1738946539,556.229
0x89b4dcca0f2f7ca6cced6642e13227b5c63c6dcb,No,1738946539,545.414
0xbac525271fcf4deed00380e70b0c20ff1121d755,No,1738946539,528.596
0x159d726ab894970fb32387ae9cb072111fd4508e,No,1738946539,470.633
0x89c4acb8b5b5b8e5b2121934b9e143569a914c80,No,1738946539,443.454
0xa5ac847fc0e14223395778d216f58501f138e9a2,No,1738946539,427.405
0x447b68dc638a582612b3f1443538211665461949,No,1738946539,419.065
0xb4b04564f56f4795ea4e14d566af78da54a99980,No,1738946539,405.996
0xa14d0ef5ff41796c4e39ba3a65f45fa3e92790f2,No,1738946539,351.698
0xfe3e4266c02fe56af770c080010a927da08bbcc2,No,1738946539,338.399
0x9c2b07dd951edae10fbf58bb98a1448cde417f58,No,1738946539,333.646
0x59fe26a06a036e487a3e8218786e8512362f37df,No,1738946539,320.332
0x4008f34b31204155ac77fc97c3f458c052672531,No,1738946539,289.125
0x79ef6a46fb8ab365ae15613496ca3e5619edb5ad,No,1738946539,263.198
0x983ced6e1d35718122f0b1f9b4eafc04185c1130,No,1738946539,226.358
0x20b69fda9379c8ae82cb78ea71d4d9e740e88196,No,1738946539,204.298
0xe4a982fa1f1e8ad1af238a7b1226b13b56bf5ccd,No,1738946539,195.469
0x41222737c2dade698e5d1670fa25276674d1e522,No,1738946539,180.784
0x5c16873795d083fab71d4cbf5b073d22cf38f659,Yes,1738946539,179.932
0xa83935efd1d09dbd0e09021036b6b79b211baf65,No,1738946539,173.09
0xe18ff9d58b4deb8c17ccba79a87fbed548ab06b3,No,1738946539,172.765
0x5e7b645d5bf86750cb1913122ba8a8545e2a9fd1,No,1738946539,171.731
0x6687c671980e65ebd722b9146fc61e2471558dd6,Yes,1738946539,170.9
0xbc9e9f2a49ea0f0619f79c0a0d8b4a19ba79cba7,No,1738946539,164.556
0x33d10de1e65e6193044e277a77c3fd02d59b1c3f,No,1738946539,162.13
0xa6e28a1c053295cc34d335efb5801d82204d8922,No,1738946539,147.638
0x7db90e374edd104077abcbed45d7117f734777a3,No,1738946539,135.423
0xb6e5b0a2a363a326025f1c9ac1fe7b5ae2633f3f,No,1738946539,120.869
0x85c6737ada32ed46066f45d28a612b7647c66410,Yes,1738946539,119.559
0xeb2aec308e7b3340dea2e89d40187d2637c6c649,No,1738946539,101.316
0xd6a2a456b48836f38ace550c59c421ca24f1681a,No,1738946539,94.696
0x56e665674d26a3ec69ea0e27f001d42481f7ff53,No,1738946539,84.145
0x29ab799706136037347e608ca0e2be146ba4dcdd,No,1738946539,83.528
0x9008d19f58aabd9ed0d60971565aa8510560ab41,No,1738946539,71.87
0x35d3cbcf2d75c82febfddf69b01d2dd78fd780eb,No,1738946539,65.274
0x187e0966046da5b110fdc986c9b94bd8416837af,No,1738946539,63.551
0xb71b85723b2fd2438dfb1cda5d3ef34b209f2178,No,1738946539,57.313
0xefb8e220f012241a00f5dae4a5b2c473a742a63a,No,1738946539,56.623
0x770569f85346b971114e11e4bb5f7ac776673469,No,1738946539,44.892
0x0a2a2e54997f5e32b70b3c294172bec86c747dd7,No,1738946539,41.991
0xfe582a1d64f50645c813dc9425195ff3ce9aab0d,No,1738946539,36.939
0xc978f4364c03a00352e8c7d9619b42e26b6424ab,No,1738946539,36.51
0x6428178a1324896bd8ea897565d909945da33ee9,No,1738946539,33.747
0xe082bda07536420401187ba7225ff5f56c30998b,No,1738946539,33.315
0xea08fea6702fc34625bdb968689c497d33047ae5,No,1738946539,30.823
0xfc9dcba32cc3c86cef07e69c3fae630db2785a9e,No,1738946539,25.131
0xa7bd30c73549c7948e2ef5d46215a5ce95275b98,No,1738946539,24.395
0x1981d98ef489997f0611e10ba43d3d8c4c697923,No,1738946539,23.31
0x41cd6228341ea33e8d9659f09bf0e5aadc54c5e7,Yes,1738946539,21.828
0xf28a1ff4cd9b579b55195cb9528ef8f7a8b10a33,No,1738946539,17.666
0x470ba0f3bc80d88d3cd9cfd28dd125da0e545993,No,1738946539,17.489
0x59512422af0709c7cab8285838975cd8d7c7ce7d,No,1738946539,17.263
0x461cbd5765360733a02d4571591d54c8b8a517ea,No,1738946539,16.783
0xdbd5e2bf0e87a6361bd0b587cc4c0b3fcf5dc259,No,1738946539,15.901
0xb9385eb2b944370adcdc22af45ace6140bda6225,No,1738946539,13.293
0x7809f0e94e247143313b97b02f8411bd41540677,No,1738946539,13.191
0x0c4f8ccbb4cf9c2ee568e33f21c807b1931726e4,No,1738946539,12.368
0x272233497094a586e80b341ffd5100d972162a92,No,1738946539,12.309
0x707fefca1198d32610c8d5e3de4326f14c6c7f8f,No,1738946539,12.307
0x1ce34e220bd710d1a84a135f345b650cc7770e9f,No,1738946539,11.902
0xeaf1eb60c3359b12d501d23a372256846ddbff8d,No,1738946539,11.875
0x41aeb883a0073527e5f5653423cbd59339154a72,No,1738946539,11.849
0x5700f03f87db485fdb90e18b3100f00b235886f1,No,1738946539,11.702
0x23069f1978fe4d6ec88bf0b84bca2b39d3b285e1,No,1738946539,11.68
0x71044ae277bac65c4dfcd598d07a60fc6810fb8e,No,1738946539,10.98
0xef4d9e1f4e9e2dd9e747b53f4be3d04bfa935f2d,No,1738946539,10.047
0xca5c758a8b9892a3e1b745f2039efa9491c18f7a,No,1738946539,9.896
0x5bd07249115373c2f069da83592706fac4e70c66,No,1738946539,9.556
0x5ed3339ab4e90855ddb7f9e2905253e9d2ab59ed,No,1738946539,9.421
0xab06ff77044db8a5a48f1b49833d87abfaebad09,No,1738946539,9.042
0x5d4adb6eca975bab50d2490ccdfe5d9cd1bf4882,No,1738946539,8.837
0x38ef098f74393d219d92c5112055e618c6bde2d7,No,1738946539,8.834
0x717f0a9ee93fde2ae196b61b51fda5b892c02b3d,No,1738946539,5.987
0x2fa0686be3b64f0e99a671cf4732bfcf72cd8bad,No,1738946539,5.831
0xc9534a59ef121516e5e1aead8d45d151e768e216,No,1738946539,5.786
0x29f3c8b6a90f10f96f269495f4af184c0988a594,No,1738946539,5.628
0xd27cd4e2c3f168dbf9b4cfcd82664480973151e9,No,1738946539,5.339
0x6bb0bed604c3c43bb53b9fda53e431c982fc01be,No,1738946539,5.3
0xdfc2ad6492faa517b5572f9fa61716d4f9d121ed,No,1738946539,5.207
0x591f5162547dff90c185271726a5eb540d1395de,No,1738946539,4.995
0xe5c3aabac09838405b82b10b4ddae5a48ae57f9d,No,1738946539,4.975
0x9026a44fb446da394f5810fdb4708a7879cebe34,No,1738946539,4.931
0x96103652ef1d66d7a8f3b66060d126d82a456f47,No,1738946539,4.839
0xed6818c68496aff31f6064c880aa235ab99b3acb,No,1738946539,4.833
0x9786a9ef033308b49772ca08a1fc4b835fc25d79,No,1738946539,4.756
0x1afbcd54aff10fdf0c2e7de4cde86b3e75a3e4e7,No,1738946539,4.621
0x978a89b0178ea8054a99f5bddb0081ea6a3c27c3,No,1738946539,4.55
0xe5d067d8634e109c077192c34c972a10ee6fc731,No,1738946539,4.413
0x9e979ffff022bbbe891fb64c1cfc61e4447d049a,No,1738946539,4.277
0x4518cd6f9cd1085d0cc1eed7c8b3bcd98afafcd9,No,1738946539,4.277
0x28abd3190674dc57e4d3bebeec22f78d121810d5,No,1738946539,4.277
0x1f5fae0615ee87196f229ea19d726d58846bdc0e,No,1738946539,4.277
0x4d6caa3e0983fac7b514d60339ebb538c5a85aae,No,1738946539,4.277
0x25124024390ac79659ed699b087a3e748686df7b,No,1738946539,4.277
0x6fdb1e4206d119555c3ac61ac20c76eb818fa567,No,1738946539,4.277
0xcba986c46f6908be6ee07bf868bb812978c32e08,No,1738946539,4.277
0x9e8b306eea4d50090ac0af1eeac79fcd531eb159,No,1738946539,4.277
0xf94bfbd175219331f9ff323ea703ebd2a05fd33a,No,1738946539,4.277
0x001fe2cdbeeb0743679e958c0861dd8788b28b19,No,1738946539,4.277
0xf035561dce033ded865e15e69db06cffc88d9213,No,1738946539,4.277
0x9d9e26932d012b2ab21b974fe1552f4025b1e1cc,No,1738946539,4.277
0xe5dd78c224f26e306c84a9b1aa2def30bdf15835,No,1738946539,4.277
0x6841ccc2fa23efe3bbe98492f026756479e4a4ec,No,1738946539,4.277
0xd2c04f656448e78b178d6cc3b2ccf91de6ae7f39,No,1738946539,4.277
0x9fbcbfdc3c66562113daba8b501d0d7d55e84688,No,1738946539,4.277
0xf8d97b0de945bb3ec6d634e0fdc48b6a3b9fcb1f,No,1738946539,4.277
0xa63cb29de16607dd5ac18b6cb65bead58d04ac25,No,1738946539,4.277
0x8f8be6f1eac8432e3f0e460402fcb358311a86d4,No,1738946539,4.277
0x68c0dd2b5a5df00bca4f7df8ca9b1425fe817728,No,1738946539,4.277
0x23d2874d56bba76af9866604c76fc5347058aad7,No,1738946539,4.277
0x29397b5b81579504c446e8e86c88196491be5ec5,No,1738946539,4.277
0x8d4d39d2e3104876a0c5fa11efe02597613d2a79,No,1738946539,4.277
0x0eb682c54bb74e0fb37894e4f0b02127e5fb865f,No,1738946539,4.277
0x9ac5f8c48ade024a006206ca5ebd06f275f243ec,No,1738946539,4.277
0x4ca2a670bd5505b870b21331a53d9bb4ae6e2084,No,1738946539,4.277
0x1520ab7dd2ca282fca2810cb7df071c9de3e2f5c,No,1738946539,4.277
0x31287a933b2e153654105013d595dcbd6664fcf9,No,1738946539,4.277
0x7cd192ff8e2e3e5bf8b5e85f858c0f83e22f771d,No,1738946539,4.277
0xd2946cb43fd692f8776be5c91dc523aa3fe69f1d,No,1738946539,4.277
0x56f446074d3dc521786ea456e725775819e260cb,No,1738946539,4.277
0xe6a46ea30a1ef48e8ab2179a203c137702147073,No,1738946539,4.277
0x84d766fb6c86dd8983e5cab3d17e6630c278277e,No,1738946539,4.277
0xe69d81fad86ac5295a1261930c19e7ad009aa52e,No,1738946539,4.277
0xc7b6717c5c30a5645ba308afd2b0df42b850d8e3,No,1738946539,4.277
0xc7baf12d871f26b09dfa61a6e9e3b2eaef7a159a,No,1738946539,4.277
0xe3cd70be09c3a45b73ff5d7cfe37f8b5309ebbdc,No,1738946539,4.277
0x09a2aa22db9f97aabd3da897b156d944c8c50e0f,No,1738946539,4.277
0x75f04fbf12ed979873db692eab1a904abe1e2f32,No,1738946539,4.277
0x409ad638c059375de57d455b78520470ed13f282,No,1738946539,4.277
0x8c0733ba6295af19ae294c19b34e7d163acc7197,No,1738946539,4.277
0x75202586d58c8d2ed726b4abdcda3ecdd91c1e34,No,1738946539,4.277
0x91dc3d24895bb29033cbbf48ed6b5f7b0510d83c,No,1738946539,4.277
0x1d6b8e5fa836c7d5846fb76f188b008c10b67ba5,No,1738946539,4.277
0x5bf79c7bf66a6aa75f4fef4004bc7d527fdf8250,No,1738946539,4.277
0x74aadf1281a7f5546e13f17de5101a310a33bf3f,No,1738946539,4.277
0x683132fe975fac296f21919d625a94a4a86f6fa6,No,1738946539,4.277
0xb7806b30034cc8d13390aa0b713dc0c326cd4358,No,1738946539,4.277
0x31a026bbd8ddc0f95ad827c17c37c0d8fc25d3ff,No,1738946539,4.277
0x4ddcdfbef53747089cab9d775aa461e7a088ff3c,No,1738946539,4.277
0xd50ea36556e1c9abece88a1d9ad5b38261ab515b,No,1738946539,4.277
0x79cda2b2fa8b3c080da06ddce3416b8e4b7c1b14,No,1738946539,4.277
0x0182518980f999ad0c9527d864c15492ab3beeae,No,1738946539,4.277
0x9ac0605353f447a49845365ded45fc57e609a319,No,1738946539,4.277
0xd51aea4a4ba241ded4112c017d73c976a967139f,No,1738946539,4.277
0x3975f79ce2cae19b8d4d5e1f4b134e241bf6f10a,No,1738946539,4.277
0x327c7b1e4bcaa69afa029f042dda3722e3ed74c1,No,1738946539,4.277
0x15923b51ecc5de696d67a85d2a493908c750b237,No,1738946539,4.277
0xaeeb3b86314009f5ee315c49414646a1f5709d1c,No,1738946539,4.277
0x441e1e47a6fa2dbfd3cd9b54291e9ab3a58d7975,No,1738946539,4.277
0x82b1c5ffa4fe976869b4156c90073a8b719d671a,No,1738946539,4.277
0x380e7360085407892f33da521dfb01da82b5f2be,No,1738946539,4.277
0x68bf9733a1b5688feb430b1d200b2299c74885b1,No,1738946539,4.277
0x9c1a52b599cf652701b41bf137ae022a894b5ea3,No,1738946539,4.277
0xc0dd5675528d8d9f05afe601df6ebda59e2a6733,No,1738946539,4.277
0x431f2b6e43bed4d845ac5d9b5d030dfc8987691d,No,1738946539,4.277
0x6bc8679c27b49cc4be2c8faf9906bc0465727cf3,No,1738946539,4.277
0x5ac691d7b535cbb755de910123c656ac407f6f29,No,1738946539,4.277
0xf7d7d7dacb1215fba1f6cdd1361092796680cf4f,No,1738946539,4.277
0xc54c6380daf0b819f903238384b1699d59346658,No,1738946539,4.115
0x245bd6b5d8f494df8256ae44737a1e5d59769ab4,No,1738946539,3.696
0xece039bd21e3910187af408909b6529c629ec8e5,No,1738946539,3.59
0x3cbbdc5e6b615eaf094d41fd0f4422c72bcbe8ff,Yes,1738946539,3.533
0x224623eeb6fadb6ff76f5be4b570ee06ee282868,No,1738946539,3.421
0x9f1ae497afad289aa370f3f4ad038bc5e35f3c27,No,1738946539,2.789
0x801c4b062ccb8c7aee03fddfd14e3ff563e0e966,No,1738946539,2.719
0x90dafb210c44f4b72e591e7e2f583154290e5d83,No,1738946539,2.636
0xbd12aa424c207e90b66402c1f0aec357e8b1ded7,No,1738946539,2.228
0x8d831a71dd552ae2657d2c8ee4ceceb86a3dd779,No,1738946539,2.228
0x10c895bf7d9f895cd648448d35f89b23b15dd1a5,No,1738946539,2.228
0x04c1d8ca275434bdc1697eda44d1cade92459b34,No,1738946539,1.769
0xa7e93f5a0e718bddc654e525ea668c64fd572882,No,1738946539,1.728
0x9e4439fcf15fae67bd01a590e468912cb70b9c91,No,1738946539,1.711
0xb1dd59d6a9925d56f459012c5693279d2e95992d,No,1738946539,1.607
0xef364e390ff3f326e3153d0b9c4b944db42155e5,No,1738946539,1.394
0xa7cac6d048d42c48470cb93307e6898356a13320,No,1738946539,1.2
0xb972788fd94972d673eb3af068df1dfe11a2ec37,No,1738946539,0.859
0x33a0b5d7da5314594d2c163d448030b9f1cadcb2,No,1738946539,0.855
0x7ba8868efcc2f04bf9d1a9445d7843d7ae5dd1b4,No,1738946539,0.855
0xd2a6017179968d65ea6efaaea6f19d60e78314af,No,1738946539,0.832
0xfd1af514b8b2bf00d1999497668bff26ccdf4c8a,Yes,1738946539,0.762
0x206c5915856ef684d9f816f3747224c853933115,No,1738946539,0.753
0x4bb51eb3588358ba59e005b4c5474a2cff7355b7,Yes,1738946539,0.718
0xc3792470cee7e0d42c2be8e9552bd651766c5178,No,1738946539,0.67
0x911d9369874711363dd5ea1aa7a4d1d089b595a4,No,1738946539,0.654
0xde1f8a73aac5a18a04395b40fc6eee093964faf4,No,1738946539,0.565
0x2933a9010fa10368113d9e4071ddf8c6adcd81d2,No,1738946539,0.56
0xe7f13052fe2ba7d038dac18de5e730542e3979bc,Yes,1738946539,0.481
0x3b33e186573649c9a6c6380f45246c516c150ee1,No,1738946539,0.481
0xb1b5296bcc9f9de90a676d36485cb30ecc46f900,No,1738946539,0.481
0x1a15c730fe686ecf8ba44e3f9b21d5389b55bfbf,No,1738946539,0.481
0xd74f45334c0a754e8d834e1990dab588cdb39140,No,1738946539,0.481
0x478189dc3905a08e456c348905c1e5b03de8023d,No,1738946539,0.472
0x725bcf16bae966975170c4d98e646a518ae071d3,No,1738946539,0.43
0x70b0e653e50eff0109ba6b3b3d4f15453e49d311,No,1738946539,0.411
0x6555032a163641b5f7c9ba32f9543acef7a1559c,No,1738946539,0.344
0xc7b072b4368e7a221a2de74dac549edcef34cfa3,No,1738946539,0.31
0xcf3c78a77ff01b451a21301a522c48b92a029e70,Yes,1738946539,0.294
0x031778c7a1c08787aba7a2e0b5149feb5decabd7,No,1738946539,0.258
0x07dd329293000003a159153f6ed12ff7c3a23981,No,1738946539,0.257
0xbebcf3700f462a82061ff95295ab6ec7593c6c6c,No,1738946539,0.21
0x6b5e43cccab7cb3f45200d2a38c47a269dd011a8,No,1738946539,0.137
0x460a2319bf0adb90676b6bb5dd5ec8ef34df93cd,No,1738946539,0.094
0xa85f10fde0d65ed8d477fa59036b6eb254e36665,No,1738946539,0.094
0x3a42263bd22fa189072d06169a47ecfce955715f,No,1738946539,0.078
0x892bef8fe252b1678cdb581822727c2d4537826b,No,1738946539,0.077
0x541ef672f9d8626090ec6699c2a35f29742152a5,No,1738946539,0.068
0x3879e62972ec43713d296cfd5a9751b351269cf1,No,1738946539,0.068
0x6224dd3b4757446de11fca940400c162eb313757,No,1738946539,0.062
0xf2a38230ea2e92db69aa520182f368ceec2ed4cd,No,1738946539,0.06
0x409caec195e72ede0b27e4deb55524424c5d54a9,No,1738946539,0.044
0x2535c1d30f861cc09ddb961ddd14cc15a6ca4641,No,1738946539,0.029
0x16e2e9b9e6c097be009c0b10f8e78f4de99461be,No,1738946539,0.029
0x8b20880fbc214a5eb74ecee679c8971149a45415,No,1738946539,0.025
0xe2a0c03b1e7a698b63c9f7cf7c37eff577e890a7,No,1738946539,0.02
0x7d3a0da18e14ccb63375cdc250e8a8399997816f,No,1738946539,0.012
0x9f882451cf39314079a7773aa78feb9b6cfbf3ba,No,1738946539,0.012
0x969c6ba66e832cdbb56f9bef7d8f4ca98be6c006,No,1738946539,0.01
0xcc37ac58c61e76b941ae31beb93f819592139913,No,1738946539,0.01
0x1eb7458ae2d2509691de3514870c543bf1ba4813,No,1738946539,0.01
0x529070265656213bd739d9cfda525a31fd353b1a,No,1738946539,0.01
0x38d8c1e466dd5889cc8b029394f7dabd55a2e232,No,1738946539,0.01
0x64b1a10f3244a6803ee32902bb3f9d267b6577f7,No,1738946539,0.01
0xa147ad7eec422919920835011d47b51088bc606b,No,1738946539,0.009
0x7bc86a45410bd01a9c2c11c2b23b2afb2617f3ff,No,1738946539,0.009
0x79889e8cf01f940ac0773acfd019770547e54e20,No,1738946539,0.008
0xf8fb9316fa63e6401311ad1c861a569087ba3f60,No,1738946539,0.008
0x4e35004054b9195fab156c1b9307e9b569a5b930,No,1738946539,0.008
0x5ab7971c6e46f55367c1090b863746dc6b1ebb8c,No,1738946539,0.008
0x6e5191412f7d8fa741285a2f852aad0e00810140,No,1738946539,0.007
0xfc91d4275995db19d0bb9017ba667325ecdd8741,No,1738946539,0.007
0xa53158c126a6734db171f965d9abf66ce37f02fa,No,1738946539,0.007
0x26ad67c86e5693f8033766f589b868d2fe51496d,No,1738946539,0.007
0xab5937b9b3be8a568943617dfcbd9d55717c32ec,No,1738946539,0.006
0x1f39522caa631768b73d1ed8c8ca0eca8f543e85,No,1738946539,0.006
0x4eb299568aefa4de18136f52ba1564a2ccf28158,No,1738946539,0.006
0x0e44ff4b3ddfaa45dba672cadd5db41d080d6c11,No,1738946539,0.005
0xeb77a109a1adb1835f6f52a5da8055448e65b1e5,No,1738946539,0.005
0x1cca18430fa4ab078b8df5fd2e7a84ffd3858313,No,1738946539,0.005
0x134e71213b9d480c5df2b0a6916bec0eadcea8e6,No,1738946539,0.004
0x217d57904fc911d97fec7d323820bc312fb135d0,No,1738946539,0.004
0x790ddaa427923debe85932e6984f651fae7d832f,No,1738946539,0.004
0x8e0b3c2d675013e7ca84dfc044678133a6b7a36c,No,1738946539,0.004
0x278371008525f4b50547166da389b5fdb8ebce8e,No,1738946539,0.004
0x862a146180343638f12137084ac2fd7cc7a47224,No,1738946539,0.004
0x2a5a9951e1b4e4fcbfa1c23ee24c72e2b3c907d6,No,1738946539,0.003
0x83cccdd523e02d44d229b2b2ee59d69d3af03dd8,No,1738946539,0.003
0x34c263a565157c2c0fefda9c7d205fdbea8ee2ee,No,1738946539,0.003
0x55aa033bcbf561910503609f2a30f0cc6eba11ab,No,1738946539,0.003
0x9dadf18c8aec2a80be1473935b5b710b9ac6eaa2,No,1738946539,0.003
0xc9fdc4e87eff1a29bccbada939c6aca7590e1660,No,1738946539,0.002
0x229fd33073a9bfbea6214a71404ae86eec6eaa3f,No,1738946539,0.002
0xaa673648a822fcf4b143312b85f773f1d1b9f773,No,1738946539,0.002
0x949fd3a64f44b80bb13db2b6af0fabfcf727d354,No,1738946539,0.002
0xe24f35fcc986f94d4cd7c93920a62bafae497db1,No,1738946539,0.001
0x956b2e01e38e6a8db2de1e475f55886d51dc4fdf,No,1738946539,0.001
0x369493e33459d16ed0119526d08152b684e03c63,No,1738946539,0.001
0x1889af068f61c4376e337913bf4728ea20dff7a0,No,1738946539,0.001
0x49a8a44fc8ae002e096fba030791d3a3b7c008a6,No,1738946539,0.001
0xa989c0063511a9c773402c6e17d666da7c00f2b2,No,1738946539,0.001
0xcaf9ade1fddf1b31d490a4629ada638d104e9543,No,1738946539,0.001
0x56cf0ff00fd6cfb23ce964c6338b228b0fa76640,No,1739524158,"662,207.3"
0xfe13988736d95d052c2e45e5b4e1ef2e2750b7f4,No,1739524158,"181,847.799"
0x334f12afb7d8740868be04719639616533075234,No,1739524158,"164,262.891"
0x7b2e78d4dfaaba045a167a70da285e30e8fca196,No,1739524158,"100,120.834"
0x874e2b0af4570baf5d116f95744e2d1e5fb7dbb3,No,1739524158,"85,179.655"
0xe1d93f9a4982cf170baddf711ac93a9e10b1ec1e,No,1739524158,"54,143.896"
0x2ff064d951996c9fe70d6ba22d8684f37b2e24ec,No,1739524158,"53,582.566"
0x04a9edd12ed304efb5e5fe83109a65e8e84799c3,No,1739524158,"35,964.736"
0xd8ad1fea3fb40671a2ed0fd17f4f196a4be75fb4,No,1739524158,"21,759.284"
0xae25817e57d1be8c2c60ba911300f4fc45a9f8cb,No,1739524158,"17,051.569"
0xaa36deb402ccf0fee2aa09974552154a9564ae20,No,1739524158,"12,442.912"
0x4bc80d24598141f46455959f671155d5c5504872,No,1739524158,"11,029.486"
0x5ca22fe7ced86660aac7d90236f184fa857dc2ec,No,1739524158,"9,282.091"
0x9eb6d10f75b364662313ee3099173dc3ac4048c9,No,1739524158,"7,949.178"
0x494c439ef103f87b4d8f6b475cdbb8d07f940ff0,No,1739524158,"7,587.48"
0xc58598141a72db365e8ecd4d740a191913551d0f,No,1739524158,"4,507.471"
0x2ae5b63bc2f3b9087b8b1904591eaa92718e3174,No,1739524158,"4,306.135"
0x6464dd204ead251e0d767d60640cafc0c02a06de,No,1739524158,"4,072.188"
0xd18f8e0eff764a18f7d70c6c84340338dc79d9ff,No,1739524158,"3,679.806"
0x766727e57a00cf6179156225ea4be95c03721b9f,No,1739524158,"3,556.49"
0x15e4b073c44e90d4667c7add06ab7a0dbe7f4097,No,1739524158,"2,354.635"
0xa999ac5c4a1178b07adf249a7e48d2c7aec19d3d,No,1739524158,"2,353.887"
0x391f34fa842a35d124088b3f03d8eee263b56c0e,No,1739524158,"2,151.063"
0x26640ab4d4acc4a3b1b3e4ef361da6549df1266b,No,1739524158,"2,151.063"
0x900f2feaf13d922c56fbf8895b510df027d0443a,No,1739524158,"1,912.54"
0x8195fa0519d5f3ad3766e2ec5b3dfc088be03aab,No,1739524158,"1,856.74"
0x67ab5b66debc3217105ab356a219137a0bc07d3a,Yes,1739524158,"1,190.46"
0x95cde8b6ebddf03f5bd4ecc82a74664cd72cd87c,No,1739524158,934.744
0xec9048b59b3467415b1a38f63416407ea0c70fb8,No,1739524158,875.276
0x60abacfaa6f3bd4072707fce6f4eaaaae414847b,No,1739524158,799.789
0x2a7fc2c27546deaf1723dbc4e30e162941932450,No,1739524158,651.056
0x1b267d2fcb91d73e45db8135aa2e4741f94a2272,No,1739524158,556.229
0xbac525271fcf4deed00380e70b0c20ff1121d755,No,1739524158,528.596
0xe1d14a9f4679465a765364ea2fe32f5c38d38f5b,No,1739524158,498.095
0x159d726ab894970fb32387ae9cb072111fd4508e,No,1739524158,470.633
0xa5ac847fc0e14223395778d216f58501f138e9a2,No,1739524158,427.405
0x447b68dc638a582612b3f1443538211665461949,No,1739524158,419.065
0xb4b04564f56f4795ea4e14d566af78da54a99980,No,1739524158,405.996
0x9c2b07dd951edae10fbf58bb98a1448cde417f58,No,1739524158,333.646
0xfe3e4266c02fe56af770c080010a927da08bbcc2,No,1739524158,324.662
0x59fe26a06a036e487a3e8218786e8512362f37df,No,1739524158,320.332
0x4008f34b31204155ac77fc97c3f458c052672531,No,1739524158,265.963
0x983ced6e1d35718122f0b1f9b4eafc04185c1130,No,1739524158,226.358
0x20b69fda9379c8ae82cb78ea71d4d9e740e88196,No,1739524158,204.298
0x79ef6a46fb8ab365ae15613496ca3e5619edb5ad,No,1739524158,196.948
0xe4a982fa1f1e8ad1af238a7b1226b13b56bf5ccd,No,1739524158,195.469
0x5c16873795d083fab71d4cbf5b073d22cf38f659,Yes,1739524158,181.707
0x41222737c2dade698e5d1670fa25276674d1e522,No,1739524158,180.784
0xa83935efd1d09dbd0e09021036b6b79b211baf65,No,1739524158,173.09
0xe18ff9d58b4deb8c17ccba79a87fbed548ab06b3,No,1739524158,172.766
0x5e7b645d5bf86750cb1913122ba8a8545e2a9fd1,No,1739524158,171.731
0x6687c671980e65ebd722b9146fc61e2471558dd6,Yes,1739524158,171.44
0xbc9e9f2a49ea0f0619f79c0a0d8b4a19ba79cba7,No,1739524158,164.556
0x33d10de1e65e6193044e277a77c3fd02d59b1c3f,No,1739524158,162.592
0x8dff5ee9e094be20d2cd1bea46d6e1fe6c10c669,No,1739524158,150.672
0xa6e28a1c053295cc34d335efb5801d82204d8922,No,1739524158,147.638
0x7db90e374edd104077abcbed45d7117f734777a3,No,1739524158,135.423
0xa78677de2d0b9bf26488bb470ee3e8276b8ba509,No,1739524158,127.798
0xb6e5b0a2a363a326025f1c9ac1fe7b5ae2633f3f,No,1739524158,120.869
0x85c6737ada32ed46066f45d28a612b7647c66410,Yes,1739524158,119.559
0xeb2aec308e7b3340dea2e89d40187d2637c6c649,No,1739524158,101.316
0xd6a2a456b48836f38ace550c59c421ca24f1681a,No,1739524158,98.498
0x9008d19f58aabd9ed0d60971565aa8510560ab41,No,1739524158,84.468
0x56e665674d26a3ec69ea0e27f001d42481f7ff53,No,1739524158,84.145
0xb95d9b1bcb514cbb31fea317f472bf4858231f7e,No,1739524158,82.951
0x35d3cbcf2d75c82febfddf69b01d2dd78fd780eb,No,1739524158,65.274
0x187e0966046da5b110fdc986c9b94bd8416837af,No,1739524158,63.677
0x770569f85346b971114e11e4bb5f7ac776673469,No,1739524158,44.892
0xe082bda07536420401187ba7225ff5f56c30998b,No,1739524158,43.315
0x0a2a2e54997f5e32b70b3c294172bec86c747dd7,No,1739524158,41.991
0xc978f4364c03a00352e8c7d9619b42e26b6424ab,No,1739524158,36.51
0x6428178a1324896bd8ea897565d909945da33ee9,No,1739524158,33.747
0xea08fea6702fc34625bdb968689c497d33047ae5,No,1739524158,30.823
0x89c4acb8b5b5b8e5b2121934b9e143569a914c80,No,1739524158,26.748
0xfc9dcba32cc3c86cef07e69c3fae630db2785a9e,No,1739524158,25.131
0x1981d98ef489997f0611e10ba43d3d8c4c697923,No,1739524158,24.762
0xa7bd30c73549c7948e2ef5d46215a5ce95275b98,No,1739524158,24.395
0x41cd6228341ea33e8d9659f09bf0e5aadc54c5e7,Yes,1739524158,21.828
0xf28a1ff4cd9b579b55195cb9528ef8f7a8b10a33,No,1739524158,17.666
0x470ba0f3bc80d88d3cd9cfd28dd125da0e545993,No,1739524158,17.489
0x59512422af0709c7cab8285838975cd8d7c7ce7d,No,1739524158,17.404
0x131cf758d9ef6bca88928442dc715c8fdc113952,No,1739524158,17.323
0x461cbd5765360733a02d4571591d54c8b8a517ea,No,1739524158,16.783
0xdbd5e2bf0e87a6361bd0b587cc4c0b3fcf5dc259,No,1739524158,15.901
0xb9385eb2b944370adcdc22af45ace6140bda6225,No,1739524158,13.293
0x7809f0e94e247143313b97b02f8411bd41540677,No,1739524158,13.191
0xefb8e220f012241a00f5dae4a5b2c473a742a63a,No,1739524158,12.808
0x0c4f8ccbb4cf9c2ee568e33f21c807b1931726e4,No,1739524158,12.368
0x1ce34e220bd710d1a84a135f345b650cc7770e9f,No,1739524158,11.902
0xeaf1eb60c3359b12d501d23a372256846ddbff8d,No,1739524158,11.875
0x41aeb883a0073527e5f5653423cbd59339154a72,No,1739524158,11.849
0x5700f03f87db485fdb90e18b3100f00b235886f1,No,1739524158,11.702
0x23069f1978fe4d6ec88bf0b84bca2b39d3b285e1,No,1739524158,11.68
0x71044ae277bac65c4dfcd598d07a60fc6810fb8e,No,1739524158,10.98
0x7adba6c27fa12ec222690405a421bca26165d6e3,No,1739524158,10.971
0xef4d9e1f4e9e2dd9e747b53f4be3d04bfa935f2d,No,1739524158,10.212
0xca5c758a8b9892a3e1b745f2039efa9491c18f7a,No,1739524158,9.896
0x5bd07249115373c2f069da83592706fac4e70c66,No,1739524158,9.556
0x5ed3339ab4e90855ddb7f9e2905253e9d2ab59ed,No,1739524158,9.421
0xab06ff77044db8a5a48f1b49833d87abfaebad09,No,1739524158,9.042
0x5d4adb6eca975bab50d2490ccdfe5d9cd1bf4882,No,1739524158,8.837
0x38ef098f74393d219d92c5112055e618c6bde2d7,No,1739524158,8.834
0xf9c729054ed9691884a19334098378b399b469ea,No,1739524158,7.019
0x717f0a9ee93fde2ae196b61b51fda5b892c02b3d,No,1739524158,5.987
0x2fa0686be3b64f0e99a671cf4732bfcf72cd8bad,No,1739524158,5.831
0xc9534a59ef121516e5e1aead8d45d151e768e216,No,1739524158,5.786
0x29f3c8b6a90f10f96f269495f4af184c0988a594,No,1739524158,5.628
0xdfd13dcf4f90fa97057a34c512c9517de789c826,No,1739524158,5.547
0xd27cd4e2c3f168dbf9b4cfcd82664480973151e9,No,1739524158,5.339
0x6bb0bed604c3c43bb53b9fda53e431c982fc01be,No,1739524158,5.3
0xdfc2ad6492faa517b5572f9fa61716d4f9d121ed,No,1739524158,5.207
0x9786a9ef033308b49772ca08a1fc4b835fc25d79,No,1739524158,5.052
0x591f5162547dff90c185271726a5eb540d1395de,No,1739524158,4.995
0xe5c3aabac09838405b82b10b4ddae5a48ae57f9d,No,1739524158,4.975
0x9026a44fb446da394f5810fdb4708a7879cebe34,No,1739524158,4.931
0x96103652ef1d66d7a8f3b66060d126d82a456f47,No,1739524158,4.839
0xed6818c68496aff31f6064c880aa235ab99b3acb,No,1739524158,4.833
0x1afbcd54aff10fdf0c2e7de4cde86b3e75a3e4e7,No,1739524158,4.621
0x978a89b0178ea8054a99f5bddb0081ea6a3c27c3,No,1739524158,4.55
0xe5d067d8634e109c077192c34c972a10ee6fc731,No,1739524158,4.413
0xc54c6380daf0b819f903238384b1699d59346658,No,1739524158,4.371
0x9e979ffff022bbbe891fb64c1cfc61e4447d049a,No,1739524158,4.277
0x4518cd6f9cd1085d0cc1eed7c8b3bcd98afafcd9,No,1739524158,4.277
0x28abd3190674dc57e4d3bebeec22f78d121810d5,No,1739524158,4.277
0x1f5fae0615ee87196f229ea19d726d58846bdc0e,No,1739524158,4.277
0x4d6caa3e0983fac7b514d60339ebb538c5a85aae,No,1739524158,4.277
0x25124024390ac79659ed699b087a3e748686df7b,No,1739524158,4.277
0x6fdb1e4206d119555c3ac61ac20c76eb818fa567,No,1739524158,4.277
0xcba986c46f6908be6ee07bf868bb812978c32e08,No,1739524158,4.277
0x9e8b306eea4d50090ac0af1eeac79fcd531eb159,No,1739524158,4.277
0xf94bfbd175219331f9ff323ea703ebd2a05fd33a,No,1739524158,4.277
0x001fe2cdbeeb0743679e958c0861dd8788b28b19,No,1739524158,4.277
0xf035561dce033ded865e15e69db06cffc88d9213,No,1739524158,4.277
0x9d9e26932d012b2ab21b974fe1552f4025b1e1cc,No,1739524158,4.277
0xe5dd78c224f26e306c84a9b1aa2def30bdf15835,No,1739524158,4.277
0x6841ccc2fa23efe3bbe98492f026756479e4a4ec,No,1739524158,4.277
0xd2c04f656448e78b178d6cc3b2ccf91de6ae7f39,No,1739524158,4.277
0x9fbcbfdc3c66562113daba8b501d0d7d55e84688,No,1739524158,4.277
0xf8d97b0de945bb3ec6d634e0fdc48b6a3b9fcb1f,No,1739524158,4.277
0xa63cb29de16607dd5ac18b6cb65bead58d04ac25,No,1739524158,4.277
0x8f8be6f1eac8432e3f0e460402fcb358311a86d4,No,1739524158,4.277
0x68c0dd2b5a5df00bca4f7df8ca9b1425fe817728,No,1739524158,4.277
0x23d2874d56bba76af9866604c76fc5347058aad7,No,1739524158,4.277
0x29397b5b81579504c446e8e86c88196491be5ec5,No,1739524158,4.277
0x8d4d39d2e3104876a0c5fa11efe02597613d2a79,No,1739524158,4.277
0x0eb682c54bb74e0fb37894e4f0b02127e5fb865f,No,1739524158,4.277
0x9ac5f8c48ade024a006206ca5ebd06f275f243ec,No,1739524158,4.277
0x4ca2a670bd5505b870b21331a53d9bb4ae6e2084,No,1739524158,4.277
0x1520ab7dd2ca282fca2810cb7df071c9de3e2f5c,No,1739524158,4.277
0x31287a933b2e153654105013d595dcbd6664fcf9,No,1739524158,4.277
0x7cd192ff8e2e3e5bf8b5e85f858c0f83e22f771d,No,1739524158,4.277
0xd2946cb43fd692f8776be5c91dc523aa3fe69f1d,No,1739524158,4.277
0x56f446074d3dc521786ea456e725775819e260cb,No,1739524158,4.277
0xe6a46ea30a1ef48e8ab2179a203c137702147073,No,1739524158,4.277
0x84d766fb6c86dd8983e5cab3d17e6630c278277e,No,1739524158,4.277
0xe69d81fad86ac5295a1261930c19e7ad009aa52e,No,1739524158,4.277
0xc7b6717c5c30a5645ba308afd2b0df42b850d8e3,No,1739524158,4.277
0xc7baf12d871f26b09dfa61a6e9e3b2eaef7a159a,No,1739524158,4.277
0xe3cd70be09c3a45b73ff5d7cfe37f8b5309ebbdc,No,1739524158,4.277
0x09a2aa22db9f97aabd3da897b156d944c8c50e0f,No,1739524158,4.277
0x75f04fbf12ed979873db692eab1a904abe1e2f32,No,1739524158,4.277
0x409ad638c059375de57d455b78520470ed13f282,No,1739524158,4.277
0x8c0733ba6295af19ae294c19b34e7d163acc7197,No,1739524158,4.277
0x75202586d58c8d2ed726b4abdcda3ecdd91c1e34,No,1739524158,4.277
0x91dc3d24895bb29033cbbf48ed6b5f7b0510d83c,No,1739524158,4.277
0x1d6b8e5fa836c7d5846fb76f188b008c10b67ba5,No,1739524158,4.277
0x5bf79c7bf66a6aa75f4fef4004bc7d527fdf8250,No,1739524158,4.277
0x74aadf1281a7f5546e13f17de5101a310a33bf3f,No,1739524158,4.277
0x683132fe975fac296f21919d625a94a4a86f6fa6,No,1739524158,4.277
0xb7806b30034cc8d13390aa0b713dc0c326cd4358,No,1739524158,4.277
0x31a026bbd8ddc0f95ad827c17c37c0d8fc25d3ff,No,1739524158,4.277
0x4ddcdfbef53747089cab9d775aa461e7a088ff3c,No,1739524158,4.277
0xd50ea36556e1c9abece88a1d9ad5b38261ab515b,No,1739524158,4.277
0x79cda2b2fa8b3c080da06ddce3416b8e4b7c1b14,No,1739524158,4.277
0x0182518980f999ad0c9527d864c15492ab3beeae,No,1739524158,4.277
0x9ac0605353f447a49845365ded45fc57e609a319,No,1739524158,4.277
0xd51aea4a4ba241ded4112c017d73c976a967139f,No,1739524158,4.277
0x3975f79ce2cae19b8d4d5e1f4b134e241bf6f10a,No,1739524158,4.277
0x327c7b1e4bcaa69afa029f042dda3722e3ed74c1,No,1739524158,4.277
0x15923b51ecc5de696d67a85d2a493908c750b237,No,1739524158,4.277
0xaeeb3b86314009f5ee315c49414646a1f5709d1c,No,1739524158,4.277
0x441e1e47a6fa2dbfd3cd9b54291e9ab3a58d7975,No,1739524158,4.277
0x82b1c5ffa4fe976869b4156c90073a8b719d671a,No,1739524158,4.277
0x380e7360085407892f33da521dfb01da82b5f2be,No,1739524158,4.277
0x68bf9733a1b5688feb430b1d200b2299c74885b1,No,1739524158,4.277
0x9c1a52b599cf652701b41bf137ae022a894b5ea3,No,1739524158,4.277
0xc0dd5675528d8d9f05afe601df6ebda59e2a6733,No,1739524158,4.277
0x431f2b6e43bed4d845ac5d9b5d030dfc8987691d,No,1739524158,4.277
0x6bc8679c27b49cc4be2c8faf9906bc0465727cf3,No,1739524158,4.277
0x5ac691d7b535cbb755de910123c656ac407f6f29,No,1739524158,4.277
0xf7d7d7dacb1215fba1f6cdd1361092796680cf4f,No,1739524158,4.277
0x245bd6b5d8f494df8256ae44737a1e5d59769ab4,No,1739524158,3.702
0xece039bd21e3910187af408909b6529c629ec8e5,No,1739524158,3.59
0x3cbbdc5e6b615eaf094d41fd0f4422c72bcbe8ff,Yes,1739524158,3.533
0x224623eeb6fadb6ff76f5be4b570ee06ee282868,No,1739524158,3.421
0x9f1ae497afad289aa370f3f4ad038bc5e35f3c27,No,1739524158,2.789
0x801c4b062ccb8c7aee03fddfd14e3ff563e0e966,No,1739524158,2.719
0x90dafb210c44f4b72e591e7e2f583154290e5d83,No,1739524158,2.636
0xbd12aa424c207e90b66402c1f0aec357e8b1ded7,No,1739524158,2.228
0x8d831a71dd552ae2657d2c8ee4ceceb86a3dd779,No,1739524158,2.228
0x10c895bf7d9f895cd648448d35f89b23b15dd1a5,No,1739524158,2.228
0x04c1d8ca275434bdc1697eda44d1cade92459b34,No,1739524158,1.769
0xa7e93f5a0e718bddc654e525ea668c64fd572882,No,1739524158,1.728
0x9e4439fcf15fae67bd01a590e468912cb70b9c91,No,1739524158,1.711
0xb1dd59d6a9925d56f459012c5693279d2e95992d,No,1739524158,1.707
0xef364e390ff3f326e3153d0b9c4b944db42155e5,No,1739524158,1.394
0xa7cac6d048d42c48470cb93307e6898356a13320,No,1739524158,1.2
0xb972788fd94972d673eb3af068df1dfe11a2ec37,No,1739524158,0.859
0x33a0b5d7da5314594d2c163d448030b9f1cadcb2,No,1739524158,0.855
0x7ba8868efcc2f04bf9d1a9445d7843d7ae5dd1b4,No,1739524158,0.855
0xd2a6017179968d65ea6efaaea6f19d60e78314af,No,1739524158,0.832
0xfd1af514b8b2bf00d1999497668bff26ccdf4c8a,Yes,1739524158,0.762
0x206c5915856ef684d9f816f3747224c853933115,No,1739524158,0.753
0x4bb51eb3588358ba59e005b4c5474a2cff7355b7,Yes,1739524158,0.718
0xc3792470cee7e0d42c2be8e9552bd651766c5178,No,1739524158,0.67
0x911d9369874711363dd5ea1aa7a4d1d089b595a4,No,1739524158,0.654
0xde1f8a73aac5a18a04395b40fc6eee093964faf4,No,1739524158,0.565
0x2933a9010fa10368113d9e4071ddf8c6adcd81d2,No,1739524158,0.56
0x32aaba58de76bdba912fc14fcc11b8aa6227aee9,No,1739524158,0.5
0xe7f13052fe2ba7d038dac18de5e730542e3979bc,Yes,1739524158,0.481
0x3b33e186573649c9a6c6380f45246c516c150ee1,No,1739524158,0.481
0xb1b5296bcc9f9de90a676d36485cb30ecc46f900,No,1739524158,0.481
0x1a15c730fe686ecf8ba44e3f9b21d5389b55bfbf,No,1739524158,0.481
0xd74f45334c0a754e8d834e1990dab588cdb39140,No,1739524158,0.481
0x478189dc3905a08e456c348905c1e5b03de8023d,No,1739524158,0.472
0x725bcf16bae966975170c4d98e646a518ae071d3,No,1739524158,0.43
0x70b0e653e50eff0109ba6b3b3d4f15453e49d311,No,1739524158,0.411
0x6555032a163641b5f7c9ba32f9543acef7a1559c,No,1739524158,0.344
0xc7b072b4368e7a221a2de74dac549edcef34cfa3,No,1739524158,0.31
0xcf3c78a77ff01b451a21301a522c48b92a029e70,Yes,1739524158,0.294
0x031778c7a1c08787aba7a2e0b5149feb5decabd7,No,1739524158,0.272
0x07dd329293000003a159153f6ed12ff7c3a23981,No,1739524158,0.257
0xbebcf3700f462a82061ff95295ab6ec7593c6c6c,No,1739524158,0.21
0x6b5e43cccab7cb3f45200d2a38c47a269dd011a8,No,1739524158,0.137
0x460a2319bf0adb90676b6bb5dd5ec8ef34df93cd,No,1739524158,0.094
0xa85f10fde0d65ed8d477fa59036b6eb254e36665,No,1739524158,0.094
0x3a42263bd22fa189072d06169a47ecfce955715f,No,1739524158,0.078
0x892bef8fe252b1678cdb581822727c2d4537826b,No,1739524158,0.077
0x541ef672f9d8626090ec6699c2a35f29742152a5,No,1739524158,0.068
0x3879e62972ec43713d296cfd5a9751b351269cf1,No,1739524158,0.068
0x6224dd3b4757446de11fca940400c162eb313757,No,1739524158,0.062
0xf2a38230ea2e92db69aa520182f368ceec2ed4cd,No,1739524158,0.06
0x409caec195e72ede0b27e4deb55524424c5d54a9,No,1739524158,0.044
0x2535c1d30f861cc09ddb961ddd14cc15a6ca4641,No,1739524158,0.029
0x16e2e9b9e6c097be009c0b10f8e78f4de99461be,No,1739524158,0.029
0x8b20880fbc214a5eb74ecee679c8971149a45415,No,1739524158,0.025
0xe2a0c03b1e7a698b63c9f7cf7c37eff577e890a7,No,1739524158,0.02
0x7d3a0da18e14ccb63375cdc250e8a8399997816f,No,1739524158,0.012
0x9f882451cf39314079a7773aa78feb9b6cfbf3ba,No,1739524158,0.012
0x969c6ba66e832cdbb56f9bef7d8f4ca98be6c006,No,1739524158,0.01
0xcc37ac58c61e76b941ae31beb93f819592139913,No,1739524158,0.01
0x1eb7458ae2d2509691de3514870c543bf1ba4813,No,1739524158,0.01
0x529070265656213bd739d9cfda525a31fd353b1a,No,1739524158,0.01
0x38d8c1e466dd5889cc8b029394f7dabd55a2e232,No,1739524158,0.01
0x64b1a10f3244a6803ee32902bb3f9d267b6577f7,No,1739524158,0.01
0xa147ad7eec422919920835011d47b51088bc606b,No,1739524158,0.009
0x6e5191412f7d8fa741285a2f852aad0e00810140,No,1739524158,0.009
0xe2515fa79dbab71d1b015dc5cea40a4d795be9cb,No,1739524158,0.009
0x7bc86a45410bd01a9c2c11c2b23b2afb2617f3ff,No,1739524158,0.009
0x79889e8cf01f940ac0773acfd019770547e54e20,No,1739524158,0.008
0x4e35004054b9195fab156c1b9307e9b569a5b930,No,1739524158,0.008
0xa53158c126a6734db171f965d9abf66ce37f02fa,No,1739524158,0.008
0xf8fb9316fa63e6401311ad1c861a569087ba3f60,No,1739524158,0.008
0x5ab7971c6e46f55367c1090b863746dc6b1ebb8c,No,1739524158,0.008
0xfc91d4275995db19d0bb9017ba667325ecdd8741,No,1739524158,0.007
0xd08c3627600c05e979ae936686736e602c8e6bb2,No,1739524158,0.007
0x26ad67c86e5693f8033766f589b868d2fe51496d,No,1739524158,0.007
0xab5937b9b3be8a568943617dfcbd9d55717c32ec,No,1739524158,0.006
0x4eb299568aefa4de18136f52ba1564a2ccf28158,No,1739524158,0.006
0x1f39522caa631768b73d1ed8c8ca0eca8f543e85,No,1739524158,0.005
0x0e44ff4b3ddfaa45dba672cadd5db41d080d6c11,No,1739524158,0.005
0xeb77a109a1adb1835f6f52a5da8055448e65b1e5,No,1739524158,0.005
0x1cca18430fa4ab078b8df5fd2e7a84ffd3858313,No,1739524158,0.005
0x217d57904fc911d97fec7d323820bc312fb135d0,No,1739524158,0.005
0x134e71213b9d480c5df2b0a6916bec0eadcea8e6,No,1739524158,0.004
0x790ddaa427923debe85932e6984f651fae7d832f,No,1739524158,0.004
0x8e0b3c2d675013e7ca84dfc044678133a6b7a36c,No,1739524158,0.004
0x278371008525f4b50547166da389b5fdb8ebce8e,No,1739524158,0.004
0x862a146180343638f12137084ac2fd7cc7a47224,No,1739524158,0.004
0x2a5a9951e1b4e4fcbfa1c23ee24c72e2b3c907d6,No,1739524158,0.003
0x83cccdd523e02d44d229b2b2ee59d69d3af03dd8,No,1739524158,0.003
0x34c263a565157c2c0fefda9c7d205fdbea8ee2ee,No,1739524158,0.003
0x55aa033bcbf561910503609f2a30f0cc6eba11ab,No,1739524158,0.003
0x9dadf18c8aec2a80be1473935b5b710b9ac6eaa2,No,1739524158,0.003
0xc9fdc4e87eff1a29bccbada939c6aca7590e1660,No,1739524158,0.002
0x229fd33073a9bfbea6214a71404ae86eec6eaa3f,No,1739524158,0.002
0xaa673648a822fcf4b143312b85f773f1d1b9f773,No,1739524158,0.002
0x949fd3a64f44b80bb13db2b6af0fabfcf727d354,No,1739524158,0.002
0x9e042629bad86c08bd29b56a53917d1527bb63c9,No,1739524158,0.002
0xe24f35fcc986f94d4cd7c93920a62bafae497db1,No,1739524158,0.001
0x956b2e01e38e6a8db2de1e475f55886d51dc4fdf,No,1739524158,0.001
0x369493e33459d16ed0119526d08152b684e03c63,No,1739524158,0.001
0x1889af068f61c4376e337913bf4728ea20dff7a0,No,1739524158,0.001
0x49a8a44fc8ae002e096fba030791d3a3b7c008a6,No,1739524158,0.001
0xa989c0063511a9c773402c6e17d666da7c00f2b2,No,1739524158,0.001
0xcaf9ade1fddf1b31d490a4629ada638d104e9543,No,1739524158,0.001
0x56cf0ff00fd6cfb23ce964c6338b228b0fa76640,No,1739962888,"636,287.434"
0xfe13988736d95d052c2e45e5b4e1ef2e2750b7f4,No,1739962888,"181,854.341"
0x334f12afb7d8740868be04719639616533075234,No,1739962888,"164,262.891"
0x7b2e78d4dfaaba045a167a70da285e30e8fca196,No,1739962888,"100,121.702"
0x874e2b0af4570baf5d116f95744e2d1e5fb7dbb3,No,1739962888,"85,179.655"
0x2ff064d951996c9fe70d6ba22d8684f37b2e24ec,No,1739962888,"55,413.419"
0xe1d93f9a4982cf170baddf711ac93a9e10b1ec1e,No,1739962888,"54,144.399"
0x04a9edd12ed304efb5e5fe83109a65e8e84799c3,No,1739962888,"22,103.158"
0xd8ad1fea3fb40671a2ed0fd17f4f196a4be75fb4,No,1739962888,"21,767.898"
0xae25817e57d1be8c2c60ba911300f4fc45a9f8cb,No,1739962888,"17,061.67"
0xaa36deb402ccf0fee2aa09974552154a9564ae20,No,1739962888,"14,472.445"
0x4bc80d24598141f46455959f671155d5c5504872,No,1739962888,"12,088.668"
0x5ca22fe7ced86660aac7d90236f184fa857dc2ec,No,1739962888,"9,282.091"
0x9eb6d10f75b364662313ee3099173dc3ac4048c9,No,1739962888,"7,963.57"
0x494c439ef103f87b4d8f6b475cdbb8d07f940ff0,No,1739962888,"7,587.48"
0xc58598141a72db365e8ecd4d740a191913551d0f,No,1739962888,"4,507.471"
0x2ae5b63bc2f3b9087b8b1904591eaa92718e3174,No,1739962888,"4,306.135"
0xd18f8e0eff764a18f7d70c6c84340338dc79d9ff,No,1739962888,"3,679.806"
0x766727e57a00cf6179156225ea4be95c03721b9f,No,1739962888,"3,556.49"
0x6464dd204ead251e0d767d60640cafc0c02a06de,No,1739962888,"3,449.248"
0x8195fa0519d5f3ad3766e2ec5b3dfc088be03aab,No,1739962888,"2,532.975"
0x15e4b073c44e90d4667c7add06ab7a0dbe7f4097,No,1739962888,"2,354.635"
0xa999ac5c4a1178b07adf249a7e48d2c7aec19d3d,No,1739962888,"2,353.887"
0x391f34fa842a35d124088b3f03d8eee263b56c0e,No,1739962888,"2,151.063"
0x900f2feaf13d922c56fbf8895b510df027d0443a,No,1739962888,"1,912.54"
0x67ab5b66debc3217105ab356a219137a0bc07d3a,Yes,1739962888,"1,190.51"
0x95cde8b6ebddf03f5bd4ecc82a74664cd72cd87c,No,1739962888,958.942
0xec9048b59b3467415b1a38f63416407ea0c70fb8,No,1739962888,875.276
0x9afd4d90c7ba73aa68e24b14223c8c43c677505d,No,1739962888,839.278
0x60abacfaa6f3bd4072707fce6f4eaaaae414847b,No,1739962888,772.115
0x7acd208c00d3f6da3581192d981d6985bab5287d,No,1739962888,672.283
0x2a7fc2c27546deaf1723dbc4e30e162941932450,No,1739962888,648.623
0xbac525271fcf4deed00380e70b0c20ff1121d755,No,1739962888,528.596
0xe1d14a9f4679465a765364ea2fe32f5c38d38f5b,No,1739962888,498.095
0xa5ac847fc0e14223395778d216f58501f138e9a2,No,1739962888,427.405
0x447b68dc638a582612b3f1443538211665461949,No,1739962888,419.065
0xb4b04564f56f4795ea4e14d566af78da54a99980,No,1739962888,405.996
0x9c2b07dd951edae10fbf58bb98a1448cde417f58,No,1739962888,385.844
0x9fd1e583b7c9a56b2c36fb67a03872d749341a43,No,1739962888,357.708
0xfe3e4266c02fe56af770c080010a927da08bbcc2,No,1739962888,324.662
0x59fe26a06a036e487a3e8218786e8512362f37df,No,1739962888,320.332
0x1b267d2fcb91d73e45db8135aa2e4741f94a2272,No,1739962888,316.001
0x4008f34b31204155ac77fc97c3f458c052672531,No,1739962888,253.67
0x983ced6e1d35718122f0b1f9b4eafc04185c1130,No,1739962888,226.358
0x41222737c2dade698e5d1670fa25276674d1e522,No,1739962888,209.068
0x20b69fda9379c8ae82cb78ea71d4d9e740e88196,No,1739962888,204.298
0xa83935efd1d09dbd0e09021036b6b79b211baf65,No,1739962888,200.17
0x5e7b645d5bf86750cb1913122ba8a8545e2a9fd1,No,1739962888,197.661
0x79ef6a46fb8ab365ae15613496ca3e5619edb5ad,No,1739962888,196.948
0xe4a982fa1f1e8ad1af238a7b1226b13b56bf5ccd,No,1739962888,195.469
0x5c16873795d083fab71d4cbf5b073d22cf38f659,Yes,1739962888,184.564
0x6687c671980e65ebd722b9146fc61e2471558dd6,Yes,1739962888,163.112
0x33d10de1e65e6193044e277a77c3fd02d59b1c3f,No,1739962888,162.592
0xbc9e9f2a49ea0f0619f79c0a0d8b4a19ba79cba7,No,1739962888,162.099
0x159d726ab894970fb32387ae9cb072111fd4508e,No,1739962888,158.51
0x8dff5ee9e094be20d2cd1bea46d6e1fe6c10c669,No,1739962888,150.672
0xa6e28a1c053295cc34d335efb5801d82204d8922,No,1739962888,147.638
0x7db90e374edd104077abcbed45d7117f734777a3,No,1739962888,135.423
0xa78677de2d0b9bf26488bb470ee3e8276b8ba509,No,1739962888,127.798
0x85c6737ada32ed46066f45d28a612b7647c66410,Yes,1739962888,119.559
0xe18ff9d58b4deb8c17ccba79a87fbed548ab06b3,No,1739962888,106.836
0xeb2aec308e7b3340dea2e89d40187d2637c6c649,No,1739962888,101.316
0xd6a2a456b48836f38ace550c59c421ca24f1681a,No,1739962888,100.223
0xb95d9b1bcb514cbb31fea317f472bf4858231f7e,No,1739962888,84.605
0x9008d19f58aabd9ed0d60971565aa8510560ab41,No,1739962888,84.479
0x56e665674d26a3ec69ea0e27f001d42481f7ff53,No,1739962888,84.145
0x187e0966046da5b110fdc986c9b94bd8416837af,No,1739962888,61.93
0x770569f85346b971114e11e4bb5f7ac776673469,No,1739962888,44.892
0xe082bda07536420401187ba7225ff5f56c30998b,No,1739962888,43.315
0x0a2a2e54997f5e32b70b3c294172bec86c747dd7,No,1739962888,41.991
0x35d3cbcf2d75c82febfddf69b01d2dd78fd780eb,No,1739962888,37.083
0xc978f4364c03a00352e8c7d9619b42e26b6424ab,No,1739962888,36.51
0x6428178a1324896bd8ea897565d909945da33ee9,No,1739962888,33.747
0xea08fea6702fc34625bdb968689c497d33047ae5,No,1739962888,30.823
0x89c4acb8b5b5b8e5b2121934b9e143569a914c80,No,1739962888,26.748
0xfc9dcba32cc3c86cef07e69c3fae630db2785a9e,No,1739962888,25.131
0xa7bd30c73549c7948e2ef5d46215a5ce95275b98,No,1739962888,24.395
0x41cd6228341ea33e8d9659f09bf0e5aadc54c5e7,Yes,1739962888,21.828
0xf28a1ff4cd9b579b55195cb9528ef8f7a8b10a33,No,1739962888,17.666
0x59512422af0709c7cab8285838975cd8d7c7ce7d,No,1739962888,17.632
0x470ba0f3bc80d88d3cd9cfd28dd125da0e545993,No,1739962888,17.489
0x131cf758d9ef6bca88928442dc715c8fdc113952,No,1739962888,17.324
0x461cbd5765360733a02d4571591d54c8b8a517ea,No,1739962888,16.783
0xdbd5e2bf0e87a6361bd0b587cc4c0b3fcf5dc259,No,1739962888,15.901
0xb9385eb2b944370adcdc22af45ace6140bda6225,No,1739962888,14.704
0x5700f03f87db485fdb90e18b3100f00b235886f1,No,1739962888,13.402
0x7809f0e94e247143313b97b02f8411bd41540677,No,1739962888,13.191
0x1ce34e220bd710d1a84a135f345b650cc7770e9f,No,1739962888,13.095
0xeaf1eb60c3359b12d501d23a372256846ddbff8d,No,1739962888,13.064
0x41aeb883a0073527e5f5653423cbd59339154a72,No,1739962888,13.034
0xefb8e220f012241a00f5dae4a5b2c473a742a63a,No,1739962888,12.525
0x0c4f8ccbb4cf9c2ee568e33f21c807b1931726e4,No,1739962888,12.368
0x7adba6c27fa12ec222690405a421bca26165d6e3,No,1739962888,11.726
0x23069f1978fe4d6ec88bf0b84bca2b39d3b285e1,No,1739962888,11.68
0x71044ae277bac65c4dfcd598d07a60fc6810fb8e,No,1739962888,10.98
0xef4d9e1f4e9e2dd9e747b53f4be3d04bfa935f2d,No,1739962888,10.212
0xca5c758a8b9892a3e1b745f2039efa9491c18f7a,No,1739962888,9.896
0x5bd07249115373c2f069da83592706fac4e70c66,No,1739962888,9.556
0x5ed3339ab4e90855ddb7f9e2905253e9d2ab59ed,No,1739962888,9.421
0xab06ff77044db8a5a48f1b49833d87abfaebad09,No,1739962888,9.042
0x5d4adb6eca975bab50d2490ccdfe5d9cd1bf4882,No,1739962888,8.837
0x38ef098f74393d219d92c5112055e618c6bde2d7,No,1739962888,8.834
0xf9c729054ed9691884a19334098378b399b469ea,No,1739962888,7.019
0xb1998487b4cd187b4c4d1ad81a957ccbc10a0f85,No,1739962888,6.214
0x717f0a9ee93fde2ae196b61b51fda5b892c02b3d,No,1739962888,5.987
0xdfd13dcf4f90fa97057a34c512c9517de789c826,No,1739962888,5.929
0x2fa0686be3b64f0e99a671cf4732bfcf72cd8bad,No,1739962888,5.831
0xc9534a59ef121516e5e1aead8d45d151e768e216,No,1739962888,5.786
0x29f3c8b6a90f10f96f269495f4af184c0988a594,No,1739962888,5.628
0x111f08c1e58ad604f6fdc5b1d0d3dd9a89d0dc2f,No,1739962888,5.609
0xd27cd4e2c3f168dbf9b4cfcd82664480973151e9,No,1739962888,5.339
0x6bb0bed604c3c43bb53b9fda53e431c982fc01be,No,1739962888,5.3
0xdfc2ad6492faa517b5572f9fa61716d4f9d121ed,No,1739962888,5.207
0x591f5162547dff90c185271726a5eb540d1395de,No,1739962888,4.995
0xe5c3aabac09838405b82b10b4ddae5a48ae57f9d,No,1739962888,4.975
0x9026a44fb446da394f5810fdb4708a7879cebe34,No,1739962888,4.931
0x96103652ef1d66d7a8f3b66060d126d82a456f47,No,1739962888,4.839
0x1afbcd54aff10fdf0c2e7de4cde86b3e75a3e4e7,No,1739962888,4.621
0x978a89b0178ea8054a99f5bddb0081ea6a3c27c3,No,1739962888,4.55
0xe5d067d8634e109c077192c34c972a10ee6fc731,No,1739962888,4.413
0x9e979ffff022bbbe891fb64c1cfc61e4447d049a,No,1739962888,4.277
0x4518cd6f9cd1085d0cc1eed7c8b3bcd98afafcd9,No,1739962888,4.277
0x28abd3190674dc57e4d3bebeec22f78d121810d5,No,1739962888,4.277
0x1f5fae0615ee87196f229ea19d726d58846bdc0e,No,1739962888,4.277
0x4d6caa3e0983fac7b514d60339ebb538c5a85aae,No,1739962888,4.277
0x25124024390ac79659ed699b087a3e748686df7b,No,1739962888,4.277
0x6fdb1e4206d119555c3ac61ac20c76eb818fa567,No,1739962888,4.277
0xcba986c46f6908be6ee07bf868bb812978c32e08,No,1739962888,4.277
0x9e8b306eea4d50090ac0af1eeac79fcd531eb159,No,1739962888,4.277
0xf94bfbd175219331f9ff323ea703ebd2a05fd33a,No,1739962888,4.277
0x001fe2cdbeeb0743679e958c0861dd8788b28b19,No,1739962888,4.277
0xf035561dce033ded865e15e69db06cffc88d9213,No,1739962888,4.277
0x9d9e26932d012b2ab21b974fe1552f4025b1e1cc,No,1739962888,4.277
0xe5dd78c224f26e306c84a9b1aa2def30bdf15835,No,1739962888,4.277
0x6841ccc2fa23efe3bbe98492f026756479e4a4ec,No,1739962888,4.277
0xd2c04f656448e78b178d6cc3b2ccf91de6ae7f39,No,1739962888,4.277
0x9fbcbfdc3c66562113daba8b501d0d7d55e84688,No,1739962888,4.277
0xf8d97b0de945bb3ec6d634e0fdc48b6a3b9fcb1f,No,1739962888,4.277
0xa63cb29de16607dd5ac18b6cb65bead58d04ac25,No,1739962888,4.277
0x8f8be6f1eac8432e3f0e460402fcb358311a86d4,No,1739962888,4.277
0x68c0dd2b5a5df00bca4f7df8ca9b1425fe817728,No,1739962888,4.277
0x23d2874d56bba76af9866604c76fc5347058aad7,No,1739962888,4.277
0x29397b5b81579504c446e8e86c88196491be5ec5,No,1739962888,4.277
0x8d4d39d2e3104876a0c5fa11efe02597613d2a79,No,1739962888,4.277
0x0eb682c54bb74e0fb37894e4f0b02127e5fb865f,No,1739962888,4.277
0x9ac5f8c48ade024a006206ca5ebd06f275f243ec,No,1739962888,4.277
0x4ca2a670bd5505b870b21331a53d9bb4ae6e2084,No,1739962888,4.277
0x1520ab7dd2ca282fca2810cb7df071c9de3e2f5c,No,1739962888,4.277
0x31287a933b2e153654105013d595dcbd6664fcf9,No,1739962888,4.277
0x7cd192ff8e2e3e5bf8b5e85f858c0f83e22f771d,No,1739962888,4.277
0xd2946cb43fd692f8776be5c91dc523aa3fe69f1d,No,1739962888,4.277
0x56f446074d3dc521786ea456e725775819e260cb,No,1739962888,4.277
0xe6a46ea30a1ef48e8ab2179a203c137702147073,No,1739962888,4.277
0x84d766fb6c86dd8983e5cab3d17e6630c278277e,No,1739962888,4.277
0xe69d81fad86ac5295a1261930c19e7ad009aa52e,No,1739962888,4.277
0xc7b6717c5c30a5645ba308afd2b0df42b850d8e3,No,1739962888,4.277
0xc7baf12d871f26b09dfa61a6e9e3b2eaef7a159a,No,1739962888,4.277
0xe3cd70be09c3a45b73ff5d7cfe37f8b5309ebbdc,No,1739962888,4.277
0x09a2aa22db9f97aabd3da897b156d944c8c50e0f,No,1739962888,4.277
0x75f04fbf12ed979873db692eab1a904abe1e2f32,No,1739962888,4.277
0x409ad638c059375de57d455b78520470ed13f282,No,1739962888,4.277
0x8c0733ba6295af19ae294c19b34e7d163acc7197,No,1739962888,4.277
0x75202586d58c8d2ed726b4abdcda3ecdd91c1e34,No,1739962888,4.277
0x91dc3d24895bb29033cbbf48ed6b5f7b0510d83c,No,1739962888,4.277
0x1d6b8e5fa836c7d5846fb76f188b008c10b67ba5,No,1739962888,4.277
0x5bf79c7bf66a6aa75f4fef4004bc7d527fdf8250,No,1739962888,4.277
0x74aadf1281a7f5546e13f17de5101a310a33bf3f,No,1739962888,4.277
0x683132fe975fac296f21919d625a94a4a86f6fa6,No,1739962888,4.277
0xb7806b30034cc8d13390aa0b713dc0c326cd4358,No,1739962888,4.277
0x31a026bbd8ddc0f95ad827c17c37c0d8fc25d3ff,No,1739962888,4.277
0x4ddcdfbef53747089cab9d775aa461e7a088ff3c,No,1739962888,4.277
0xd50ea36556e1c9abece88a1d9ad5b38261ab515b,No,1739962888,4.277
0x79cda2b2fa8b3c080da06ddce3416b8e4b7c1b14,No,1739962888,4.277
0x0182518980f999ad0c9527d864c15492ab3beeae,No,1739962888,4.277
0x9ac0605353f447a49845365ded45fc57e609a319,No,1739962888,4.277
0xd51aea4a4ba241ded4112c017d73c976a967139f,No,1739962888,4.277
0x3975f79ce2cae19b8d4d5e1f4b134e241bf6f10a,No,1739962888,4.277
0x327c7b1e4bcaa69afa029f042dda3722e3ed74c1,No,1739962888,4.277
0x15923b51ecc5de696d67a85d2a493908c750b237,No,1739962888,4.277
0xaeeb3b86314009f5ee315c49414646a1f5709d1c,No,1739962888,4.277
0x441e1e47a6fa2dbfd3cd9b54291e9ab3a58d7975,No,1739962888,4.277
0x82b1c5ffa4fe976869b4156c90073a8b719d671a,No,1739962888,4.277
0x380e7360085407892f33da521dfb01da82b5f2be,No,1739962888,4.277
0x68bf9733a1b5688feb430b1d200b2299c74885b1,No,1739962888,4.277
0x9c1a52b599cf652701b41bf137ae022a894b5ea3,No,1739962888,4.277
0xc0dd5675528d8d9f05afe601df6ebda59e2a6733,No,1739962888,4.277
0x431f2b6e43bed4d845ac5d9b5d030dfc8987691d,No,1739962888,4.277
0x6bc8679c27b49cc4be2c8faf9906bc0465727cf3,No,1739962888,4.277
0x5ac691d7b535cbb755de910123c656ac407f6f29,No,1739962888,4.277
0xf7d7d7dacb1215fba1f6cdd1361092796680cf4f,No,1739962888,4.277
0x245bd6b5d8f494df8256ae44737a1e5d59769ab4,No,1739962888,3.702
0xece039bd21e3910187af408909b6529c629ec8e5,No,1739962888,3.59
0x3cbbdc5e6b615eaf094d41fd0f4422c72bcbe8ff,Yes,1739962888,3.533
0x224623eeb6fadb6ff76f5be4b570ee06ee282868,No,1739962888,3.421
0x9f1ae497afad289aa370f3f4ad038bc5e35f3c27,No,1739962888,2.789
0x801c4b062ccb8c7aee03fddfd14e3ff563e0e966,No,1739962888,2.719
0x90dafb210c44f4b72e591e7e2f583154290e5d83,No,1739962888,2.636
0xbd12aa424c207e90b66402c1f0aec357e8b1ded7,No,1739962888,2.228
0x8d831a71dd552ae2657d2c8ee4ceceb86a3dd779,No,1739962888,2.228
0x10c895bf7d9f895cd648448d35f89b23b15dd1a5,No,1739962888,2.228
0x26640ab4d4acc4a3b1b3e4ef361da6549df1266b,No,1739962888,2.027
0x04c1d8ca275434bdc1697eda44d1cade92459b34,No,1739962888,1.769
0xa7e93f5a0e718bddc654e525ea668c64fd572882,No,1739962888,1.728
0x9e4439fcf15fae67bd01a590e468912cb70b9c91,No,1739962888,1.711
0xef364e390ff3f326e3153d0b9c4b944db42155e5,No,1739962888,1.394
0xa7cac6d048d42c48470cb93307e6898356a13320,No,1739962888,1.2
0xb972788fd94972d673eb3af068df1dfe11a2ec37,No,1739962888,0.859
0x33a0b5d7da5314594d2c163d448030b9f1cadcb2,No,1739962888,0.855
0x7ba8868efcc2f04bf9d1a9445d7843d7ae5dd1b4,No,1739962888,0.855
0xd2a6017179968d65ea6efaaea6f19d60e78314af,No,1739962888,0.832
0xfd1af514b8b2bf00d1999497668bff26ccdf4c8a,Yes,1739962888,0.762
0x206c5915856ef684d9f816f3747224c853933115,No,1739962888,0.753
0x4bb51eb3588358ba59e005b4c5474a2cff7355b7,Yes,1739962888,0.718
0xc3792470cee7e0d42c2be8e9552bd651766c5178,No,1739962888,0.67
0x911d9369874711363dd5ea1aa7a4d1d089b595a4,No,1739962888,0.654
0xde1f8a73aac5a18a04395b40fc6eee093964faf4,No,1739962888,0.565
0x2933a9010fa10368113d9e4071ddf8c6adcd81d2,No,1739962888,0.56
0x32aaba58de76bdba912fc14fcc11b8aa6227aee9,No,1739962888,0.5
0xe7f13052fe2ba7d038dac18de5e730542e3979bc,Yes,1739962888,0.481
0x3b33e186573649c9a6c6380f45246c516c150ee1,No,1739962888,0.481
0xb1b5296bcc9f9de90a676d36485cb30ecc46f900,No,1739962888,0.481
0x1a15c730fe686ecf8ba44e3f9b21d5389b55bfbf,No,1739962888,0.481
0xd74f45334c0a754e8d834e1990dab588cdb39140,No,1739962888,0.481
0x478189dc3905a08e456c348905c1e5b03de8023d,No,1739962888,0.444
0x725bcf16bae966975170c4d98e646a518ae071d3,No,1739962888,0.43
0x70b0e653e50eff0109ba6b3b3d4f15453e49d311,No,1739962888,0.411
0x6555032a163641b5f7c9ba32f9543acef7a1559c,No,1739962888,0.344
0x031778c7a1c08787aba7a2e0b5149feb5decabd7,No,1739962888,0.3
0xcf3c78a77ff01b451a21301a522c48b92a029e70,Yes,1739962888,0.294
0x07dd329293000003a159153f6ed12ff7c3a23981,No,1739962888,0.257
0xc7b072b4368e7a221a2de74dac549edcef34cfa3,No,1739962888,0.254
0xbebcf3700f462a82061ff95295ab6ec7593c6c6c,No,1739962888,0.21
0x6b5e43cccab7cb3f45200d2a38c47a269dd011a8,No,1739962888,0.137
0xa85f10fde0d65ed8d477fa59036b6eb254e36665,No,1739962888,0.097
0x460a2319bf0adb90676b6bb5dd5ec8ef34df93cd,No,1739962888,0.092
0x3a42263bd22fa189072d06169a47ecfce955715f,No,1739962888,0.078
0x892bef8fe252b1678cdb581822727c2d4537826b,No,1739962888,0.077
0x3879e62972ec43713d296cfd5a9751b351269cf1,No,1739962888,0.068
0x6224dd3b4757446de11fca940400c162eb313757,No,1739962888,0.061
0xf2a38230ea2e92db69aa520182f368ceec2ed4cd,No,1739962888,0.061
0x409caec195e72ede0b27e4deb55524424c5d54a9,No,1739962888,0.042
0x16e2e9b9e6c097be009c0b10f8e78f4de99461be,No,1739962888,0.031
0x2535c1d30f861cc09ddb961ddd14cc15a6ca4641,No,1739962888,0.029
0x8b20880fbc214a5eb74ecee679c8971149a45415,No,1739962888,0.026
0xe2a0c03b1e7a698b63c9f7cf7c37eff577e890a7,No,1739962888,0.02
0x7d3a0da18e14ccb63375cdc250e8a8399997816f,No,1739962888,0.012
0x9f882451cf39314079a7773aa78feb9b6cfbf3ba,No,1739962888,0.012
0x969c6ba66e832cdbb56f9bef7d8f4ca98be6c006,No,1739962888,0.01
0xcc37ac58c61e76b941ae31beb93f819592139913,No,1739962888,0.01
0x1eb7458ae2d2509691de3514870c543bf1ba4813,No,1739962888,0.01
0x529070265656213bd739d9cfda525a31fd353b1a,No,1739962888,0.01
0x38d8c1e466dd5889cc8b029394f7dabd55a2e232,No,1739962888,0.01
0x64b1a10f3244a6803ee32902bb3f9d267b6577f7,No,1739962888,0.01
0xa147ad7eec422919920835011d47b51088bc606b,No,1739962888,0.009
0x6e5191412f7d8fa741285a2f852aad0e00810140,No,1739962888,0.009
0xf8fb9316fa63e6401311ad1c861a569087ba3f60,No,1739962888,0.009
0xe2515fa79dbab71d1b015dc5cea40a4d795be9cb,No,1739962888,0.009
0x7bc86a45410bd01a9c2c11c2b23b2afb2617f3ff,No,1739962888,0.009
0x8d85878ca04fe8eee31dcbf53a2aed86b379c93a,No,1739962888,0.008
0x79889e8cf01f940ac0773acfd019770547e54e20,No,1739962888,0.008
0x4ef83cb2e76f460431921111a166a3acd8af8c06,No,1739962888,0.008
0x4e35004054b9195fab156c1b9307e9b569a5b930,No,1739962888,0.008
0xa53158c126a6734db171f965d9abf66ce37f02fa,No,1739962888,0.008
0x5ab7971c6e46f55367c1090b863746dc6b1ebb8c,No,1739962888,0.008
0xfc91d4275995db19d0bb9017ba667325ecdd8741,No,1739962888,0.007
0xd08c3627600c05e979ae936686736e602c8e6bb2,No,1739962888,0.007
0x26ad67c86e5693f8033766f589b868d2fe51496d,No,1739962888,0.007
0xb475f0220afbeb603b287867e4429abe81041472,No,1739962888,0.007
0xab5937b9b3be8a568943617dfcbd9d55717c32ec,No,1739962888,0.006
0x4eb299568aefa4de18136f52ba1564a2ccf28158,No,1739962888,0.006
0x1f39522caa631768b73d1ed8c8ca0eca8f543e85,No,1739962888,0.005
0xb2a2ce3d9be9fc12c98fff2a1c358277be66aa66,No,1739962888,0.005
0x0e44ff4b3ddfaa45dba672cadd5db41d080d6c11,No,1739962888,0.005
0xeb77a109a1adb1835f6f52a5da8055448e65b1e5,No,1739962888,0.005
0x217d57904fc911d97fec7d323820bc312fb135d0,No,1739962888,0.005
0x1cca18430fa4ab078b8df5fd2e7a84ffd3858313,No,1739962888,0.005
0x134e71213b9d480c5df2b0a6916bec0eadcea8e6,No,1739962888,0.004
0x790ddaa427923debe85932e6984f651fae7d832f,No,1739962888,0.004
0x9e042629bad86c08bd29b56a53917d1527bb63c9,No,1739962888,0.004
0x8e0b3c2d675013e7ca84dfc044678133a6b7a36c,No,1739962888,0.004
0x278371008525f4b50547166da389b5fdb8ebce8e,No,1739962888,0.004
0x862a146180343638f12137084ac2fd7cc7a47224,No,1739962888,0.004
0x2a5a9951e1b4e4fcbfa1c23ee24c72e2b3c907d6,No,1739962888,0.003
0x83cccdd523e02d44d229b2b2ee59d69d3af03dd8,No,1739962888,0.003
0x34c263a565157c2c0fefda9c7d205fdbea8ee2ee,No,1739962888,0.003
0x9dadf18c8aec2a80be1473935b5b710b9ac6eaa2,No,1739962888,0.003
0x229fd33073a9bfbea6214a71404ae86eec6eaa3f,No,1739962888,0.002
0xaa673648a822fcf4b143312b85f773f1d1b9f773,No,1739962888,0.002
0x949fd3a64f44b80bb13db2b6af0fabfcf727d354,No,1739962888,0.002
0x55aa033bcbf561910503609f2a30f0cc6eba11ab,No,1739962888,0.002
0xe24f35fcc986f94d4cd7c93920a62bafae497db1,No,1739962888,0.001
0x956b2e01e38e6a8db2de1e475f55886d51dc4fdf,No,1739962888,0.001
0xc9fdc4e87eff1a29bccbada939c6aca7590e1660,No,1739962888,0.001
0x369493e33459d16ed0119526d08152b684e03c63,No,1739962888,0.001
0x1889af068f61c4376e337913bf4728ea20dff7a0,No,1739962888,0.001
0x49a8a44fc8ae002e096fba030791d3a3b7c008a6,No,1739962888,0.001
0xa989c0063511a9c773402c6e17d666da7c00f2b2,No,1739962888,0.001
0xcaf9ade1fddf1b31d490a4629ada638d104e9543,No,1739962888,0.001
0x56cf0ff00fd6cfb23ce964c6338b228b0fa76640,No,1740387183,"566,550.146"
0xfe13988736d95d052c2e45e5b4e1ef2e2750b7f4,No,1740387183,"185,209.452"
0x334f12afb7d8740868be04719639616533075234,No,1740387183,"104,244.608"
0x7b2e78d4dfaaba045a167a70da285e30e8fca196,No,1740387183,"97,595.697"
0x874e2b0af4570baf5d116f95744e2d1e5fb7dbb3,No,1740387183,"85,179.655"
0x2ff064d951996c9fe70d6ba22d8684f37b2e24ec,No,1740387183,"58,951.278"
0x04a9edd12ed304efb5e5fe83109a65e8e84799c3,No,1740387183,"20,249.099"
0xaa36deb402ccf0fee2aa09974552154a9564ae20,No,1740387183,"15,191.195"
0x9eb6d10f75b364662313ee3099173dc3ac4048c9,No,1740387183,"5,778.776"
0xd18f8e0eff764a18f7d70c6c84340338dc79d9ff,No,1740387183,"3,679.806"
0x6464dd204ead251e0d767d60640cafc0c02a06de,No,1740387183,"3,449.248"
0x8195fa0519d5f3ad3766e2ec5b3dfc088be03aab,No,1740387183,"2,552.774"
0xa999ac5c4a1178b07adf249a7e48d2c7aec19d3d,No,1740387183,"2,353.887"
0x900f2feaf13d922c56fbf8895b510df027d0443a,No,1740387183,"1,912.54"
0x67ab5b66debc3217105ab356a219137a0bc07d3a,Yes,1740387183,"1,211.1"
0x95cde8b6ebddf03f5bd4ecc82a74664cd72cd87c,No,1740387183,970.774
0x9afd4d90c7ba73aa68e24b14223c8c43c677505d,No,1740387183,839.278
0x60abacfaa6f3bd4072707fce6f4eaaaae414847b,No,1740387183,772.115
0x7acd208c00d3f6da3581192d981d6985bab5287d,No,1740387183,672.283
0x2a7fc2c27546deaf1723dbc4e30e162941932450,No,1740387183,648.623
0xbac525271fcf4deed00380e70b0c20ff1121d755,No,1740387183,528.596
0xd8ad1fea3fb40671a2ed0fd17f4f196a4be75fb4,No,1740387183,521.878
0xe1d14a9f4679465a765364ea2fe32f5c38d38f5b,No,1740387183,498.095
0xa5ac847fc0e14223395778d216f58501f138e9a2,No,1740387183,427.405
0xb4b04564f56f4795ea4e14d566af78da54a99980,No,1740387183,405.996
0xe1d93f9a4982cf170baddf711ac93a9e10b1ec1e,No,1740387183,397.442
0x9c2b07dd951edae10fbf58bb98a1448cde417f58,No,1740387183,388.86
0x447b68dc638a582612b3f1443538211665461949,No,1740387183,374.9
0xec9048b59b3467415b1a38f63416407ea0c70fb8,No,1740387183,371.982
0x9fd1e583b7c9a56b2c36fb67a03872d749341a43,No,1740387183,357.708
0xfe3e4266c02fe56af770c080010a927da08bbcc2,No,1740387183,324.662
0x1b267d2fcb91d73e45db8135aa2e4741f94a2272,No,1740387183,321.867
0x59fe26a06a036e487a3e8218786e8512362f37df,No,1740387183,320.332
0x4008f34b31204155ac77fc97c3f458c052672531,No,1740387183,253.67
0x79ef6a46fb8ab365ae15613496ca3e5619edb5ad,No,1740387183,228.384
0x983ced6e1d35718122f0b1f9b4eafc04185c1130,No,1740387183,226.358
0x41222737c2dade698e5d1670fa25276674d1e522,No,1740387183,210.702
0x20b69fda9379c8ae82cb78ea71d4d9e740e88196,No,1740387183,204.298
0xa83935efd1d09dbd0e09021036b6b79b211baf65,No,1740387183,201.735
0x5e7b645d5bf86750cb1913122ba8a8545e2a9fd1,No,1740387183,195.716
0xe4a982fa1f1e8ad1af238a7b1226b13b56bf5ccd,No,1740387183,195.469
0x5c16873795d083fab71d4cbf5b073d22cf38f659,Yes,1740387183,184.564
0x6687c671980e65ebd722b9146fc61e2471558dd6,Yes,1740387183,173.92
0xbc9e9f2a49ea0f0619f79c0a0d8b4a19ba79cba7,No,1740387183,162.529
0x33d10de1e65e6193044e277a77c3fd02d59b1c3f,No,1740387183,162.13
0xe082bda07536420401187ba7225ff5f56c30998b,No,1740387183,152.776
0x494c439ef103f87b4d8f6b475cdbb8d07f940ff0,No,1740387183,150.73
0x8dff5ee9e094be20d2cd1bea46d6e1fe6c10c669,No,1740387183,150.672
0xa6e28a1c053295cc34d335efb5801d82204d8922,No,1740387183,147.638
0x159d726ab894970fb32387ae9cb072111fd4508e,No,1740387183,139.71
0x7db90e374edd104077abcbed45d7117f734777a3,No,1740387183,135.423
0xa78677de2d0b9bf26488bb470ee3e8276b8ba509,No,1740387183,127.798
0x85c6737ada32ed46066f45d28a612b7647c66410,Yes,1740387183,119.067
0xe18ff9d58b4deb8c17ccba79a87fbed548ab06b3,No,1740387183,110.306
0xeb2aec308e7b3340dea2e89d40187d2637c6c649,No,1740387183,101.316
0xd6a2a456b48836f38ace550c59c421ca24f1681a,No,1740387183,99.382
0x9008d19f58aabd9ed0d60971565aa8510560ab41,No,1740387183,85.669
0x56e665674d26a3ec69ea0e27f001d42481f7ff53,No,1740387183,84.145
0xb95d9b1bcb514cbb31fea317f472bf4858231f7e,No,1740387183,80.755
0x0a2a2e54997f5e32b70b3c294172bec86c747dd7,No,1740387183,41.991
0x35d3cbcf2d75c82febfddf69b01d2dd78fd780eb,No,1740387183,37.772
0x187e0966046da5b110fdc986c9b94bd8416837af,No,1740387183,37.562
0xc978f4364c03a00352e8c7d9619b42e26b6424ab,No,1740387183,36.51
0x923bfbcf199afcdf2071d60a811132ce4b747984,No,1740387183,31.485
0xea08fea6702fc34625bdb968689c497d33047ae5,No,1740387183,30.823
0xfc9dcba32cc3c86cef07e69c3fae630db2785a9e,No,1740387183,25.131
0xa7bd30c73549c7948e2ef5d46215a5ce95275b98,No,1740387183,24.395
0xc58598141a72db365e8ecd4d740a191913551d0f,No,1740387183,22.477
0xab06ff77044db8a5a48f1b49833d87abfaebad09,No,1740387183,21.899
0x41cd6228341ea33e8d9659f09bf0e5aadc54c5e7,Yes,1740387183,19.369
0x131cf758d9ef6bca88928442dc715c8fdc113952,No,1740387183,17.655
0x59512422af0709c7cab8285838975cd8d7c7ce7d,No,1740387183,17.632
0x6428178a1324896bd8ea897565d909945da33ee9,No,1740387183,14.342
0x7809f0e94e247143313b97b02f8411bd41540677,No,1740387183,13.191
0x5700f03f87db485fdb90e18b3100f00b235886f1,No,1740387183,13.02
0xb9385eb2b944370adcdc22af45ace6140bda6225,No,1740387183,12.327
0x89c4acb8b5b5b8e5b2121934b9e143569a914c80,No,1740387183,11.943
0xae25817e57d1be8c2c60ba911300f4fc45a9f8cb,No,1740387183,10.924
0x1ce34e220bd710d1a84a135f345b650cc7770e9f,No,1740387183,10.705
0xeaf1eb60c3359b12d501d23a372256846ddbff8d,No,1740387183,10.674
0x41aeb883a0073527e5f5653423cbd59339154a72,No,1740387183,10.643
0xef4d9e1f4e9e2dd9e747b53f4be3d04bfa935f2d,No,1740387183,10.212
0x5ed3339ab4e90855ddb7f9e2905253e9d2ab59ed,No,1740387183,9.421
0x7adba6c27fa12ec222690405a421bca26165d6e3,No,1740387183,9.268
0xf28a1ff4cd9b579b55195cb9528ef8f7a8b10a33,No,1740387183,7.508
0x470ba0f3bc80d88d3cd9cfd28dd125da0e545993,No,1740387183,7.433
0x461cbd5765360733a02d4571591d54c8b8a517ea,No,1740387183,7.133
0xf9c729054ed9691884a19334098378b399b469ea,No,1740387183,7.019
0xefb8e220f012241a00f5dae4a5b2c473a742a63a,No,1740387183,6.825
0xdbd5e2bf0e87a6361bd0b587cc4c0b3fcf5dc259,No,1740387183,6.758
0xb1998487b4cd187b4c4d1ad81a957ccbc10a0f85,No,1740387183,6.214
0xdfd13dcf4f90fa97057a34c512c9517de789c826,No,1740387183,6.012
0x2fa0686be3b64f0e99a671cf4732bfcf72cd8bad,No,1740387183,5.831
0x29f3c8b6a90f10f96f269495f4af184c0988a594,No,1740387183,5.628
0x111f08c1e58ad604f6fdc5b1d0d3dd9a89d0dc2f,No,1740387183,5.609
0x0c4f8ccbb4cf9c2ee568e33f21c807b1931726e4,No,1740387183,5.256
0x23069f1978fe4d6ec88bf0b84bca2b39d3b285e1,No,1740387183,4.964
0xed6818c68496aff31f6064c880aa235ab99b3acb,No,1740387183,4.831
0x71044ae277bac65c4dfcd598d07a60fc6810fb8e,No,1740387183,4.667
0x5bd07249115373c2f069da83592706fac4e70c66,No,1740387183,4.389
0xca5c758a8b9892a3e1b745f2039efa9491c18f7a,No,1740387183,4.206
0x5d4adb6eca975bab50d2490ccdfe5d9cd1bf4882,No,1740387183,3.756
0x38ef098f74393d219d92c5112055e618c6bde2d7,No,1740387183,3.755
0x55aae08c2913c4b582f860031e3afdc2ca0ba063,No,1740387183,3.012
0x9f1ae497afad289aa370f3f4ad038bc5e35f3c27,No,1740387183,2.789
0x801c4b062ccb8c7aee03fddfd14e3ff563e0e966,No,1740387183,2.719
0x245bd6b5d8f494df8256ae44737a1e5d59769ab4,No,1740387183,2.712
0x5ae31b437851b57a491603d6c7a845b61c88f1f5,No,1740387183,2.579
0x717f0a9ee93fde2ae196b61b51fda5b892c02b3d,No,1740387183,2.545
0xc9534a59ef121516e5e1aead8d45d151e768e216,No,1740387183,2.459
0xd27cd4e2c3f168dbf9b4cfcd82664480973151e9,No,1740387183,2.269
0x6bb0bed604c3c43bb53b9fda53e431c982fc01be,No,1740387183,2.252
0xbd12aa424c207e90b66402c1f0aec357e8b1ded7,No,1740387183,2.228
0x8d831a71dd552ae2657d2c8ee4ceceb86a3dd779,No,1740387183,2.228
0xdfc2ad6492faa517b5572f9fa61716d4f9d121ed,No,1740387183,2.213
0x591f5162547dff90c185271726a5eb540d1395de,No,1740387183,2.123
0xe5c3aabac09838405b82b10b4ddae5a48ae57f9d,No,1740387183,2.114
0x9026a44fb446da394f5810fdb4708a7879cebe34,No,1740387183,2.096
0x96103652ef1d66d7a8f3b66060d126d82a456f47,No,1740387183,2.056
0x1afbcd54aff10fdf0c2e7de4cde86b3e75a3e4e7,No,1740387183,1.964
0x978a89b0178ea8054a99f5bddb0081ea6a3c27c3,No,1740387183,1.934
0xe5d067d8634e109c077192c34c972a10ee6fc731,No,1740387183,1.876
0x9e979ffff022bbbe891fb64c1cfc61e4447d049a,No,1740387183,1.818
0x4518cd6f9cd1085d0cc1eed7c8b3bcd98afafcd9,No,1740387183,1.818
0x28abd3190674dc57e4d3bebeec22f78d121810d5,No,1740387183,1.818
0x1f5fae0615ee87196f229ea19d726d58846bdc0e,No,1740387183,1.818
0x4d6caa3e0983fac7b514d60339ebb538c5a85aae,No,1740387183,1.818
0x25124024390ac79659ed699b087a3e748686df7b,No,1740387183,1.818
0x6fdb1e4206d119555c3ac61ac20c76eb818fa567,No,1740387183,1.818
0xcba986c46f6908be6ee07bf868bb812978c32e08,No,1740387183,1.818
0x9e8b306eea4d50090ac0af1eeac79fcd531eb159,No,1740387183,1.818
0xf94bfbd175219331f9ff323ea703ebd2a05fd33a,No,1740387183,1.818
0x001fe2cdbeeb0743679e958c0861dd8788b28b19,No,1740387183,1.818
0xf035561dce033ded865e15e69db06cffc88d9213,No,1740387183,1.818
0x9d9e26932d012b2ab21b974fe1552f4025b1e1cc,No,1740387183,1.818
0xe5dd78c224f26e306c84a9b1aa2def30bdf15835,No,1740387183,1.818
0x6841ccc2fa23efe3bbe98492f026756479e4a4ec,No,1740387183,1.818
0xd2c04f656448e78b178d6cc3b2ccf91de6ae7f39,No,1740387183,1.818
0x9fbcbfdc3c66562113daba8b501d0d7d55e84688,No,1740387183,1.818
0xf8d97b0de945bb3ec6d634e0fdc48b6a3b9fcb1f,No,1740387183,1.818
0xa63cb29de16607dd5ac18b6cb65bead58d04ac25,No,1740387183,1.818
0x8f8be6f1eac8432e3f0e460402fcb358311a86d4,No,1740387183,1.818
0x68c0dd2b5a5df00bca4f7df8ca9b1425fe817728,No,1740387183,1.818
0x23d2874d56bba76af9866604c76fc5347058aad7,No,1740387183,1.818
0x29397b5b81579504c446e8e86c88196491be5ec5,No,1740387183,1.818
0x8d4d39d2e3104876a0c5fa11efe02597613d2a79,No,1740387183,1.818
0x0eb682c54bb74e0fb37894e4f0b02127e5fb865f,No,1740387183,1.818
0x9ac5f8c48ade024a006206ca5ebd06f275f243ec,No,1740387183,1.818
0x4ca2a670bd5505b870b21331a53d9bb4ae6e2084,No,1740387183,1.818
0x1520ab7dd2ca282fca2810cb7df071c9de3e2f5c,No,1740387183,1.818
0x31287a933b2e153654105013d595dcbd6664fcf9,No,1740387183,1.818
0x7cd192ff8e2e3e5bf8b5e85f858c0f83e22f771d,No,1740387183,1.818
0xd2946cb43fd692f8776be5c91dc523aa3fe69f1d,No,1740387183,1.818
0x56f446074d3dc521786ea456e725775819e260cb,No,1740387183,1.818
0xe6a46ea30a1ef48e8ab2179a203c137702147073,No,1740387183,1.818
0x84d766fb6c86dd8983e5cab3d17e6630c278277e,No,1740387183,1.818
0xe69d81fad86ac5295a1261930c19e7ad009aa52e,No,1740387183,1.818
0xc7b6717c5c30a5645ba308afd2b0df42b850d8e3,No,1740387183,1.818
0xc7baf12d871f26b09dfa61a6e9e3b2eaef7a159a,No,1740387183,1.818
0xe3cd70be09c3a45b73ff5d7cfe37f8b5309ebbdc,No,1740387183,1.818
0x09a2aa22db9f97aabd3da897b156d944c8c50e0f,No,1740387183,1.818
0x75f04fbf12ed979873db692eab1a904abe1e2f32,No,1740387183,1.818
0x409ad638c059375de57d455b78520470ed13f282,No,1740387183,1.818
0x8c0733ba6295af19ae294c19b34e7d163acc7197,No,1740387183,1.818
0x75202586d58c8d2ed726b4abdcda3ecdd91c1e34,No,1740387183,1.818
0x91dc3d24895bb29033cbbf48ed6b5f7b0510d83c,No,1740387183,1.818
0x1d6b8e5fa836c7d5846fb76f188b008c10b67ba5,No,1740387183,1.818
0x5bf79c7bf66a6aa75f4fef4004bc7d527fdf8250,No,1740387183,1.818
0x74aadf1281a7f5546e13f17de5101a310a33bf3f,No,1740387183,1.818
0x683132fe975fac296f21919d625a94a4a86f6fa6,No,1740387183,1.818
0xb7806b30034cc8d13390aa0b713dc0c326cd4358,No,1740387183,1.818
0x31a026bbd8ddc0f95ad827c17c37c0d8fc25d3ff,No,1740387183,1.818
0x4ddcdfbef53747089cab9d775aa461e7a088ff3c,No,1740387183,1.818
0xd50ea36556e1c9abece88a1d9ad5b38261ab515b,No,1740387183,1.818
0x79cda2b2fa8b3c080da06ddce3416b8e4b7c1b14,No,1740387183,1.818
0x0182518980f999ad0c9527d864c15492ab3beeae,No,1740387183,1.818
0x9ac0605353f447a49845365ded45fc57e609a319,No,1740387183,1.818
0xd51aea4a4ba241ded4112c017d73c976a967139f,No,1740387183,1.818
0x3975f79ce2cae19b8d4d5e1f4b134e241bf6f10a,No,1740387183,1.818
0x327c7b1e4bcaa69afa029f042dda3722e3ed74c1,No,1740387183,1.818
0x15923b51ecc5de696d67a85d2a493908c750b237,No,1740387183,1.818
0xaeeb3b86314009f5ee315c49414646a1f5709d1c,No,1740387183,1.818
0x441e1e47a6fa2dbfd3cd9b54291e9ab3a58d7975,No,1740387183,1.818
0x82b1c5ffa4fe976869b4156c90073a8b719d671a,No,1740387183,1.818
0x380e7360085407892f33da521dfb01da82b5f2be,No,1740387183,1.818
0x68bf9733a1b5688feb430b1d200b2299c74885b1,No,1740387183,1.818
0x9c1a52b599cf652701b41bf137ae022a894b5ea3,No,1740387183,1.818
0xc0dd5675528d8d9f05afe601df6ebda59e2a6733,No,1740387183,1.818
0x431f2b6e43bed4d845ac5d9b5d030dfc8987691d,No,1740387183,1.818
0x6bc8679c27b49cc4be2c8faf9906bc0465727cf3,No,1740387183,1.818
0x5ac691d7b535cbb755de910123c656ac407f6f29,No,1740387183,1.818
0xf7d7d7dacb1215fba1f6cdd1361092796680cf4f,No,1740387183,1.818
0xa7e93f5a0e718bddc654e525ea668c64fd572882,No,1740387183,1.728
0xece039bd21e3910187af408909b6529c629ec8e5,No,1740387183,1.526
0x3cbbdc5e6b615eaf094d41fd0f4422c72bcbe8ff,Yes,1740387183,1.502
0x224623eeb6fadb6ff76f5be4b570ee06ee282868,No,1740387183,1.454
0xef364e390ff3f326e3153d0b9c4b944db42155e5,No,1740387183,1.394
0x90dafb210c44f4b72e591e7e2f583154290e5d83,No,1740387183,1.12
0xeb77a109a1adb1835f6f52a5da8055448e65b1e5,No,1740387183,1.023
0x10c895bf7d9f895cd648448d35f89b23b15dd1a5,No,1740387183,0.947
0xd2a6017179968d65ea6efaaea6f19d60e78314af,No,1740387183,0.832
0x04c1d8ca275434bdc1697eda44d1cade92459b34,No,1740387183,0.752
0x9e4439fcf15fae67bd01a590e468912cb70b9c91,No,1740387183,0.727
0xc3792470cee7e0d42c2be8e9552bd651766c5178,No,1740387183,0.67
0xde1f8a73aac5a18a04395b40fc6eee093964faf4,No,1740387183,0.565
0xb972788fd94972d673eb3af068df1dfe11a2ec37,No,1740387183,0.564
0x2933a9010fa10368113d9e4071ddf8c6adcd81d2,No,1740387183,0.56
0x32aaba58de76bdba912fc14fcc11b8aa6227aee9,No,1740387183,0.51
0xa7cac6d048d42c48470cb93307e6898356a13320,No,1740387183,0.51
0x725bcf16bae966975170c4d98e646a518ae071d3,No,1740387183,0.43
0x33a0b5d7da5314594d2c163d448030b9f1cadcb2,No,1740387183,0.364
0x7ba8868efcc2f04bf9d1a9445d7843d7ae5dd1b4,No,1740387183,0.364
0xfd1af514b8b2bf00d1999497668bff26ccdf4c8a,Yes,1740387183,0.324
0x206c5915856ef684d9f816f3747224c853933115,No,1740387183,0.32
0x4bb51eb3588358ba59e005b4c5474a2cff7355b7,Yes,1740387183,0.305
0x031778c7a1c08787aba7a2e0b5149feb5decabd7,No,1740387183,0.3
0xcf3c78a77ff01b451a21301a522c48b92a029e70,Yes,1740387183,0.294
0x911d9369874711363dd5ea1aa7a4d1d089b595a4,No,1740387183,0.278
0xc7b072b4368e7a221a2de74dac549edcef34cfa3,No,1740387183,0.255
0x478189dc3905a08e456c348905c1e5b03de8023d,No,1740387183,0.248
0xbebcf3700f462a82061ff95295ab6ec7593c6c6c,No,1740387183,0.21
0xe7f13052fe2ba7d038dac18de5e730542e3979bc,Yes,1740387183,0.204
0x3b33e186573649c9a6c6380f45246c516c150ee1,No,1740387183,0.204
0xb1b5296bcc9f9de90a676d36485cb30ecc46f900,No,1740387183,0.204
0x1a15c730fe686ecf8ba44e3f9b21d5389b55bfbf,No,1740387183,0.204
0xd74f45334c0a754e8d834e1990dab588cdb39140,No,1740387183,0.204
0x70b0e653e50eff0109ba6b3b3d4f15453e49d311,No,1740387183,0.175
0x6555032a163641b5f7c9ba32f9543acef7a1559c,No,1740387183,0.146
0x07dd329293000003a159153f6ed12ff7c3a23981,No,1740387183,0.109
0xa85f10fde0d65ed8d477fa59036b6eb254e36665,No,1740387183,0.097
0x460a2319bf0adb90676b6bb5dd5ec8ef34df93cd,No,1740387183,0.092
0x3a42263bd22fa189072d06169a47ecfce955715f,No,1740387183,0.078
0x541ef672f9d8626090ec6699c2a35f29742152a5,No,1740387183,0.072
0x3879e62972ec43713d296cfd5a9751b351269cf1,No,1740387183,0.067
0x6224dd3b4757446de11fca940400c162eb313757,No,1740387183,0.061
0xf2a38230ea2e92db69aa520182f368ceec2ed4cd,No,1740387183,0.061
0x6b5e43cccab7cb3f45200d2a38c47a269dd011a8,No,1740387183,0.058
0x409caec195e72ede0b27e4deb55524424c5d54a9,No,1740387183,0.042
0x892bef8fe252b1678cdb581822727c2d4537826b,No,1740387183,0.033
0x16e2e9b9e6c097be009c0b10f8e78f4de99461be,No,1740387183,0.031
0x2535c1d30f861cc09ddb961ddd14cc15a6ca4641,No,1740387183,0.029
0x8b20880fbc214a5eb74ecee679c8971149a45415,No,1740387183,0.027
0xe2a0c03b1e7a698b63c9f7cf7c37eff577e890a7,No,1740387183,0.02
0x7d3a0da18e14ccb63375cdc250e8a8399997816f,No,1740387183,0.012
0x9f882451cf39314079a7773aa78feb9b6cfbf3ba,No,1740387183,0.012
0x1eb7458ae2d2509691de3514870c543bf1ba4813,No,1740387183,0.01
0x969c6ba66e832cdbb56f9bef7d8f4ca98be6c006,No,1740387183,0.01
0xcc37ac58c61e76b941ae31beb93f819592139913,No,1740387183,0.01
0x64b1a10f3244a6803ee32902bb3f9d267b6577f7,No,1740387183,0.01
0x529070265656213bd739d9cfda525a31fd353b1a,No,1740387183,0.01
0x38d8c1e466dd5889cc8b029394f7dabd55a2e232,No,1740387183,0.01
0xf8fb9316fa63e6401311ad1c861a569087ba3f60,No,1740387183,0.009
0x6e5191412f7d8fa741285a2f852aad0e00810140,No,1740387183,0.009
0xa147ad7eec422919920835011d47b51088bc606b,No,1740387183,0.009
0xe2515fa79dbab71d1b015dc5cea40a4d795be9cb,No,1740387183,0.009
0x8d85878ca04fe8eee31dcbf53a2aed86b379c93a,No,1740387183,0.008
0x79889e8cf01f940ac0773acfd019770547e54e20,No,1740387183,0.008
0x4ef83cb2e76f460431921111a166a3acd8af8c06,No,1740387183,0.008
0x4e35004054b9195fab156c1b9307e9b569a5b930,No,1740387183,0.008
0xa53158c126a6734db171f965d9abf66ce37f02fa,No,1740387183,0.008
0x5ab7971c6e46f55367c1090b863746dc6b1ebb8c,No,1740387183,0.008
0xfc91d4275995db19d0bb9017ba667325ecdd8741,No,1740387183,0.007
0xd08c3627600c05e979ae936686736e602c8e6bb2,No,1740387183,0.007
0x26ad67c86e5693f8033766f589b868d2fe51496d,No,1740387183,0.007
0xb475f0220afbeb603b287867e4429abe81041472,No,1740387183,0.007
0xab5937b9b3be8a568943617dfcbd9d55717c32ec,No,1740387183,0.006
0x4eb299568aefa4de18136f52ba1564a2ccf28158,No,1740387183,0.006
0x1f39522caa631768b73d1ed8c8ca0eca8f543e85,No,1740387183,0.005
0xb2a2ce3d9be9fc12c98fff2a1c358277be66aa66,No,1740387183,0.005
0x0e44ff4b3ddfaa45dba672cadd5db41d080d6c11,No,1740387183,0.005
0x217d57904fc911d97fec7d323820bc312fb135d0,No,1740387183,0.005
0x1cca18430fa4ab078b8df5fd2e7a84ffd3858313,No,1740387183,0.005
0x134e71213b9d480c5df2b0a6916bec0eadcea8e6,No,1740387183,0.004
0x9e042629bad86c08bd29b56a53917d1527bb63c9,No,1740387183,0.004
0x790ddaa427923debe85932e6984f651fae7d832f,No,1740387183,0.004
0x8e0b3c2d675013e7ca84dfc044678133a6b7a36c,No,1740387183,0.004
0x278371008525f4b50547166da389b5fdb8ebce8e,No,1740387183,0.004
0x7bc86a45410bd01a9c2c11c2b23b2afb2617f3ff,No,1740387183,0.004
0x862a146180343638f12137084ac2fd7cc7a47224,No,1740387183,0.004
0x83cccdd523e02d44d229b2b2ee59d69d3af03dd8,No,1740387183,0.003
0x34c263a565157c2c0fefda9c7d205fdbea8ee2ee,No,1740387183,0.003
0x2a5a9951e1b4e4fcbfa1c23ee24c72e2b3c907d6,No,1740387183,0.003
0x9dadf18c8aec2a80be1473935b5b710b9ac6eaa2,No,1740387183,0.003
0x229fd33073a9bfbea6214a71404ae86eec6eaa3f,No,1740387183,0.002
0xaa673648a822fcf4b143312b85f773f1d1b9f773,No,1740387183,0.002
0x949fd3a64f44b80bb13db2b6af0fabfcf727d354,No,1740387183,0.002
0x55aa033bcbf561910503609f2a30f0cc6eba11ab,No,1740387183,0.002
0xc9fdc4e87eff1a29bccbada939c6aca7590e1660,No,1740387183,0.001
0x956b2e01e38e6a8db2de1e475f55886d51dc4fdf,No,1740387183,0.001
0x369493e33459d16ed0119526d08152b684e03c63,No,1740387183,0.001
0x1889af068f61c4376e337913bf4728ea20dff7a0,No,1740387183,0.001
0x49a8a44fc8ae002e096fba030791d3a3b7c008a6,No,1740387183,0.001
0xa989c0063511a9c773402c6e17d666da7c00f2b2,No,1740387183,0.001
0xe24f35fcc986f94d4cd7c93920a62bafae497db1,No,1740387183,0.001
0x56cf0ff00fd6cfb23ce964c6338b228b0fa76640,No,1741265260,"666,464.112"
0xfe13988736d95d052c2e45e5b4e1ef2e2750b7f4,No,1741265260,"181,860.025"
0x334f12afb7d8740868be04719639616533075234,No,1741265260,"104,244.608"
0x7b2e78d4dfaaba045a167a70da285e30e8fca196,No,1741265260,"95,728.674"
0x874e2b0af4570baf5d116f95744e2d1e5fb7dbb3,No,1741265260,"85,179.655"
0xe1d14a9f4679465a765364ea2fe32f5c38d38f5b,No,1741265260,"59,514.269"
0x2ff064d951996c9fe70d6ba22d8684f37b2e24ec,No,1741265260,"58,620.891"
0x2a7fc2c27546deaf1723dbc4e30e162941932450,No,1741265260,"31,762.542"
0x04a9edd12ed304efb5e5fe83109a65e8e84799c3,No,1741265260,"31,321.792"
0xaa36deb402ccf0fee2aa09974552154a9564ae20,No,1741265260,"17,136.735"
0x8dff5ee9e094be20d2cd1bea46d6e1fe6c10c669,No,1741265260,"13,754.783"
0xa78677de2d0b9bf26488bb470ee3e8276b8ba509,No,1741265260,"13,735.79"
0x9afd4d90c7ba73aa68e24b14223c8c43c677505d,No,1741265260,"13,223.733"
0xb95d9b1bcb514cbb31fea317f472bf4858231f7e,No,1741265260,"10,946.145"
0x7571bb9487211f09624fbfa71134e255c1699b69,No,1741265260,"7,631.43"
0x9eb6d10f75b364662313ee3099173dc3ac4048c9,No,1741265260,"4,858.412"
0x6464dd204ead251e0d767d60640cafc0c02a06de,No,1741265260,"4,581.284"
0x35a22f96e541f395a319a321f20d739021e7c8c8,No,1741265260,"4,568.068"
0xd18f8e0eff764a18f7d70c6c84340338dc79d9ff,No,1741265260,"3,679.806"
0x8195fa0519d5f3ad3766e2ec5b3dfc088be03aab,No,1741265260,"2,678.375"
0x745c611731dabbf4db50707f95d9eb4eb3258877,No,1741265260,"2,559.929"
0xa999ac5c4a1178b07adf249a7e48d2c7aec19d3d,No,1741265260,"2,343.75"
0x900f2feaf13d922c56fbf8895b510df027d0443a,No,1741265260,"1,912.54"
0x67ab5b66debc3217105ab356a219137a0bc07d3a,Yes,1741265260,"1,190.547"
0x95cde8b6ebddf03f5bd4ecc82a74664cd72cd87c,No,1741265260,"1,053.273"
0x3f5bd70412cccb1516c8970c3e5a5873a45b9934,No,1741265260,990.033
0x60abacfaa6f3bd4072707fce6f4eaaaae414847b,No,1741265260,757.474
0x7acd208c00d3f6da3581192d981d6985bab5287d,No,1741265260,672.283
0xb4b04564f56f4795ea4e14d566af78da54a99980,No,1741265260,623.805
0xd8ad1fea3fb40671a2ed0fd17f4f196a4be75fb4,No,1741265260,561.644
0xbac525271fcf4deed00380e70b0c20ff1121d755,No,1741265260,528.596
0x1b267d2fcb91d73e45db8135aa2e4741f94a2272,No,1741265260,513.693
0xe082bda07536420401187ba7225ff5f56c30998b,No,1741265260,484.781
0xe1d93f9a4982cf170baddf711ac93a9e10b1ec1e,No,1741265260,459.871
0xa5ac847fc0e14223395778d216f58501f138e9a2,No,1741265260,427.405
0xfe3e4266c02fe56af770c080010a927da08bbcc2,No,1741265260,422.256
0x9c2b07dd951edae10fbf58bb98a1448cde417f58,No,1741265260,407.992
0xec9048b59b3467415b1a38f63416407ea0c70fb8,No,1741265260,371.982
0x9fd1e583b7c9a56b2c36fb67a03872d749341a43,No,1741265260,357.708
0x59fe26a06a036e487a3e8218786e8512362f37df,No,1741265260,320.332
0x4008f34b31204155ac77fc97c3f458c052672531,No,1741265260,309.393
0x42fa2ab9869e129c34f816c0b0c0eae33b1536b5,No,1741265260,295.32
0x6687c671980e65ebd722b9146fc61e2471558dd6,Yes,1741265260,248.965
0xe18ff9d58b4deb8c17ccba79a87fbed548ab06b3,No,1741265260,231.809
0x79ef6a46fb8ab365ae15613496ca3e5619edb5ad,No,1741265260,228.384
0x983ced6e1d35718122f0b1f9b4eafc04185c1130,No,1741265260,226.358
0x41222737c2dade698e5d1670fa25276674d1e522,No,1741265260,221.069
0xa83935efd1d09dbd0e09021036b6b79b211baf65,No,1741265260,211.66
0x5e7b645d5bf86750cb1913122ba8a8545e2a9fd1,No,1741265260,205.221
0x20b69fda9379c8ae82cb78ea71d4d9e740e88196,No,1741265260,196.65
0xe4a982fa1f1e8ad1af238a7b1226b13b56bf5ccd,No,1741265260,195.469
0x5c16873795d083fab71d4cbf5b073d22cf38f659,Yes,1741265260,186.063
0x7db90e374edd104077abcbed45d7117f734777a3,No,1741265260,178.547
0xbc9e9f2a49ea0f0619f79c0a0d8b4a19ba79cba7,No,1741265260,166.521
0x33d10de1e65e6193044e277a77c3fd02d59b1c3f,No,1741265260,162.274
0x494c439ef103f87b4d8f6b475cdbb8d07f940ff0,No,1741265260,150.73
0xa6e28a1c053295cc34d335efb5801d82204d8922,No,1741265260,147.638
0x447b68dc638a582612b3f1443538211665461949,No,1741265260,141.809
0x85c6737ada32ed46066f45d28a612b7647c66410,Yes,1741265260,119.067
0x7adba6c27fa12ec222690405a421bca26165d6e3,No,1741265260,95.772
0xeb2aec308e7b3340dea2e89d40187d2637c6c649,No,1741265260,94.105
0x56e665674d26a3ec69ea0e27f001d42481f7ff53,No,1741265260,84.636
0x9008d19f58aabd9ed0d60971565aa8510560ab41,No,1741265260,84.444
0x35d3cbcf2d75c82febfddf69b01d2dd78fd780eb,No,1741265260,60.283
0xdfd13dcf4f90fa97057a34c512c9517de789c826,No,1741265260,56.686
0x0a2a2e54997f5e32b70b3c294172bec86c747dd7,No,1741265260,41.991
0x187e0966046da5b110fdc986c9b94bd8416837af,No,1741265260,40.898
0xc978f4364c03a00352e8c7d9619b42e26b6424ab,No,1741265260,36.51
0x923bfbcf199afcdf2071d60a811132ce4b747984,No,1741265260,31.485
0xea08fea6702fc34625bdb968689c497d33047ae5,No,1741265260,30.823
0xd6a2a456b48836f38ace550c59c421ca24f1681a,No,1741265260,25.521
0xfc9dcba32cc3c86cef07e69c3fae630db2785a9e,No,1741265260,25.131
0xa7bd30c73549c7948e2ef5d46215a5ce95275b98,No,1741265260,24.395
0xc58598141a72db365e8ecd4d740a191913551d0f,No,1741265260,22.477
0xab06ff77044db8a5a48f1b49833d87abfaebad09,No,1741265260,21.899
0x159d726ab894970fb32387ae9cb072111fd4508e,No,1741265260,17.878
0x59512422af0709c7cab8285838975cd8d7c7ce7d,No,1741265260,17.751
0x131cf758d9ef6bca88928442dc715c8fdc113952,No,1741265260,17.325
0x41cd6228341ea33e8d9659f09bf0e5aadc54c5e7,Yes,1741265260,16.915
0x6428178a1324896bd8ea897565d909945da33ee9,No,1741265260,14.342
0x725bcf16bae966975170c4d98e646a518ae071d3,No,1741265260,13.792
0x5700f03f87db485fdb90e18b3100f00b235886f1,No,1741265260,13.643
0x7809f0e94e247143313b97b02f8411bd41540677,No,1741265260,13.191
0xb9385eb2b944370adcdc22af45ace6140bda6225,No,1741265260,12.844
0x89c4acb8b5b5b8e5b2121934b9e143569a914c80,No,1741265260,11.943
0x1ce34e220bd710d1a84a135f345b650cc7770e9f,No,1741265260,11.142
0xeaf1eb60c3359b12d501d23a372256846ddbff8d,No,1741265260,11.11
0x41aeb883a0073527e5f5653423cbd59339154a72,No,1741265260,11.077
0xae25817e57d1be8c2c60ba911300f4fc45a9f8cb,No,1741265260,10.924
0x5ed3339ab4e90855ddb7f9e2905253e9d2ab59ed,No,1741265260,9.421
0xef4d9e1f4e9e2dd9e747b53f4be3d04bfa935f2d,No,1741265260,8.789
0xf28a1ff4cd9b579b55195cb9528ef8f7a8b10a33,No,1741265260,7.508
0x470ba0f3bc80d88d3cd9cfd28dd125da0e545993,No,1741265260,7.433
0x461cbd5765360733a02d4571591d54c8b8a517ea,No,1741265260,7.133
0xf9c729054ed9691884a19334098378b399b469ea,No,1741265260,7.019
0xdbd5e2bf0e87a6361bd0b587cc4c0b3fcf5dc259,No,1741265260,6.758
0xb1998487b4cd187b4c4d1ad81a957ccbc10a0f85,No,1741265260,6.152
0x29f3c8b6a90f10f96f269495f4af184c0988a594,No,1741265260,5.628
0x111f08c1e58ad604f6fdc5b1d0d3dd9a89d0dc2f,No,1741265260,5.609
0x0c4f8ccbb4cf9c2ee568e33f21c807b1931726e4,No,1741265260,5.256
0x23069f1978fe4d6ec88bf0b84bca2b39d3b285e1,No,1741265260,4.964
0xed6818c68496aff31f6064c880aa235ab99b3acb,No,1741265260,4.831
0x71044ae277bac65c4dfcd598d07a60fc6810fb8e,No,1741265260,4.667
0xca5c758a8b9892a3e1b745f2039efa9491c18f7a,No,1741265260,4.206
0x5ae31b437851b57a491603d6c7a845b61c88f1f5,No,1741265260,4.117
0x5bd07249115373c2f069da83592706fac4e70c66,No,1741265260,4.114
0x5d4adb6eca975bab50d2490ccdfe5d9cd1bf4882,No,1741265260,3.756
0x38ef098f74393d219d92c5112055e618c6bde2d7,No,1741265260,3.755
0x55aae08c2913c4b582f860031e3afdc2ca0ba063,No,1741265260,3.161
0x9f1ae497afad289aa370f3f4ad038bc5e35f3c27,No,1741265260,2.789
0x801c4b062ccb8c7aee03fddfd14e3ff563e0e966,No,1741265260,2.719
0x245bd6b5d8f494df8256ae44737a1e5d59769ab4,No,1741265260,2.712
0x717f0a9ee93fde2ae196b61b51fda5b892c02b3d,No,1741265260,2.545
0xefb8e220f012241a00f5dae4a5b2c473a742a63a,No,1741265260,2.463
0xc9534a59ef121516e5e1aead8d45d151e768e216,No,1741265260,2.459
0xd27cd4e2c3f168dbf9b4cfcd82664480973151e9,No,1741265260,2.269
0x6bb0bed604c3c43bb53b9fda53e431c982fc01be,No,1741265260,2.252
0xbd12aa424c207e90b66402c1f0aec357e8b1ded7,No,1741265260,2.228
0x8d831a71dd552ae2657d2c8ee4ceceb86a3dd779,No,1741265260,2.228
0xdfc2ad6492faa517b5572f9fa61716d4f9d121ed,No,1741265260,2.213
0x591f5162547dff90c185271726a5eb540d1395de,No,1741265260,2.123
0xe5c3aabac09838405b82b10b4ddae5a48ae57f9d,No,1741265260,2.114
0x9026a44fb446da394f5810fdb4708a7879cebe34,No,1741265260,2.096
0x96103652ef1d66d7a8f3b66060d126d82a456f47,No,1741265260,2.056
0x1afbcd54aff10fdf0c2e7de4cde86b3e75a3e4e7,No,1741265260,1.964
0x978a89b0178ea8054a99f5bddb0081ea6a3c27c3,No,1741265260,1.934
0xe5d067d8634e109c077192c34c972a10ee6fc731,No,1741265260,1.876
0x9e979ffff022bbbe891fb64c1cfc61e4447d049a,No,1741265260,1.818
0x4518cd6f9cd1085d0cc1eed7c8b3bcd98afafcd9,No,1741265260,1.818
0x28abd3190674dc57e4d3bebeec22f78d121810d5,No,1741265260,1.818
0x1f5fae0615ee87196f229ea19d726d58846bdc0e,No,1741265260,1.818
0x4d6caa3e0983fac7b514d60339ebb538c5a85aae,No,1741265260,1.818
0x25124024390ac79659ed699b087a3e748686df7b,No,1741265260,1.818
0x6fdb1e4206d119555c3ac61ac20c76eb818fa567,No,1741265260,1.818
0xcba986c46f6908be6ee07bf868bb812978c32e08,No,1741265260,1.818
0x9e8b306eea4d50090ac0af1eeac79fcd531eb159,No,1741265260,1.818
0xf94bfbd175219331f9ff323ea703ebd2a05fd33a,No,1741265260,1.818
0x001fe2cdbeeb0743679e958c0861dd8788b28b19,No,1741265260,1.818
0xf035561dce033ded865e15e69db06cffc88d9213,No,1741265260,1.818
0x9d9e26932d012b2ab21b974fe1552f4025b1e1cc,No,1741265260,1.818
0xe5dd78c224f26e306c84a9b1aa2def30bdf15835,No,1741265260,1.818
0x6841ccc2fa23efe3bbe98492f026756479e4a4ec,No,1741265260,1.818
0xd2c04f656448e78b178d6cc3b2ccf91de6ae7f39,No,1741265260,1.818
0x9fbcbfdc3c66562113daba8b501d0d7d55e84688,No,1741265260,1.818
0xf8d97b0de945bb3ec6d634e0fdc48b6a3b9fcb1f,No,1741265260,1.818
0xa63cb29de16607dd5ac18b6cb65bead58d04ac25,No,1741265260,1.818
0x8f8be6f1eac8432e3f0e460402fcb358311a86d4,No,1741265260,1.818
0x68c0dd2b5a5df00bca4f7df8ca9b1425fe817728,No,1741265260,1.818
0x23d2874d56bba76af9866604c76fc5347058aad7,No,1741265260,1.818
0x29397b5b81579504c446e8e86c88196491be5ec5,No,1741265260,1.818
0x8d4d39d2e3104876a0c5fa11efe02597613d2a79,No,1741265260,1.818
0x0eb682c54bb74e0fb37894e4f0b02127e5fb865f,No,1741265260,1.818
0x9ac5f8c48ade024a006206ca5ebd06f275f243ec,No,1741265260,1.818
0x4ca2a670bd5505b870b21331a53d9bb4ae6e2084,No,1741265260,1.818
0x1520ab7dd2ca282fca2810cb7df071c9de3e2f5c,No,1741265260,1.818
0x31287a933b2e153654105013d595dcbd6664fcf9,No,1741265260,1.818
0x7cd192ff8e2e3e5bf8b5e85f858c0f83e22f771d,No,1741265260,1.818
0xd2946cb43fd692f8776be5c91dc523aa3fe69f1d,No,1741265260,1.818
0x56f446074d3dc521786ea456e725775819e260cb,No,1741265260,1.818
0xe6a46ea30a1ef48e8ab2179a203c137702147073,No,1741265260,1.818
0x84d766fb6c86dd8983e5cab3d17e6630c278277e,No,1741265260,1.818
0xe69d81fad86ac5295a1261930c19e7ad009aa52e,No,1741265260,1.818
0xc7b6717c5c30a5645ba308afd2b0df42b850d8e3,No,1741265260,1.818
0xc7baf12d871f26b09dfa61a6e9e3b2eaef7a159a,No,1741265260,1.818
0xe3cd70be09c3a45b73ff5d7cfe37f8b5309ebbdc,No,1741265260,1.818
0x09a2aa22db9f97aabd3da897b156d944c8c50e0f,No,1741265260,1.818
0x75f04fbf12ed979873db692eab1a904abe1e2f32,No,1741265260,1.818
0x409ad638c059375de57d455b78520470ed13f282,No,1741265260,1.818
0x8c0733ba6295af19ae294c19b34e7d163acc7197,No,1741265260,1.818
0x75202586d58c8d2ed726b4abdcda3ecdd91c1e34,No,1741265260,1.818
0x91dc3d24895bb29033cbbf48ed6b5f7b0510d83c,No,1741265260,1.818
0x1d6b8e5fa836c7d5846fb76f188b008c10b67ba5,No,1741265260,1.818
0x5bf79c7bf66a6aa75f4fef4004bc7d527fdf8250,No,1741265260,1.818
0x74aadf1281a7f5546e13f17de5101a310a33bf3f,No,1741265260,1.818
0x683132fe975fac296f21919d625a94a4a86f6fa6,No,1741265260,1.818
0xb7806b30034cc8d13390aa0b713dc0c326cd4358,No,1741265260,1.818
0x31a026bbd8ddc0f95ad827c17c37c0d8fc25d3ff,No,1741265260,1.818
0x4ddcdfbef53747089cab9d775aa461e7a088ff3c,No,1741265260,1.818
0xd50ea36556e1c9abece88a1d9ad5b38261ab515b,No,1741265260,1.818
0x79cda2b2fa8b3c080da06ddce3416b8e4b7c1b14,No,1741265260,1.818
0x0182518980f999ad0c9527d864c15492ab3beeae,No,1741265260,1.818
0x9ac0605353f447a49845365ded45fc57e609a319,No,1741265260,1.818
0xd51aea4a4ba241ded4112c017d73c976a967139f,No,1741265260,1.818
0x3975f79ce2cae19b8d4d5e1f4b134e241bf6f10a,No,1741265260,1.818
0x327c7b1e4bcaa69afa029f042dda3722e3ed74c1,No,1741265260,1.818
0x15923b51ecc5de696d67a85d2a493908c750b237,No,1741265260,1.818
0xaeeb3b86314009f5ee315c49414646a1f5709d1c,No,1741265260,1.818
0x441e1e47a6fa2dbfd3cd9b54291e9ab3a58d7975,No,1741265260,1.818
0x82b1c5ffa4fe976869b4156c90073a8b719d671a,No,1741265260,1.818
0x380e7360085407892f33da521dfb01da82b5f2be,No,1741265260,1.818
0x68bf9733a1b5688feb430b1d200b2299c74885b1,No,1741265260,1.818
0x9c1a52b599cf652701b41bf137ae022a894b5ea3,No,1741265260,1.818
0xc0dd5675528d8d9f05afe601df6ebda59e2a6733,No,1741265260,1.818
0x431f2b6e43bed4d845ac5d9b5d030dfc8987691d,No,1741265260,1.818
0x6bc8679c27b49cc4be2c8faf9906bc0465727cf3,No,1741265260,1.818
0x5ac691d7b535cbb755de910123c656ac407f6f29,No,1741265260,1.818
0xf7d7d7dacb1215fba1f6cdd1361092796680cf4f,No,1741265260,1.818
0xa7e93f5a0e718bddc654e525ea668c64fd572882,No,1741265260,1.728
0x9f22ac105351964957b649f562c4a41268965382,No,1741265260,1.716
0xece039bd21e3910187af408909b6529c629ec8e5,No,1741265260,1.526
0x3cbbdc5e6b615eaf094d41fd0f4422c72bcbe8ff,Yes,1741265260,1.502
0x224623eeb6fadb6ff76f5be4b570ee06ee282868,No,1741265260,1.454
0xef364e390ff3f326e3153d0b9c4b944db42155e5,No,1741265260,1.394
0x90dafb210c44f4b72e591e7e2f583154290e5d83,No,1741265260,1.12
0xeb77a109a1adb1835f6f52a5da8055448e65b1e5,No,1741265260,1.023
0x10c895bf7d9f895cd648448d35f89b23b15dd1a5,No,1741265260,0.947
0x51e14dcb7d6ed4d5fcb62143636df837a2437db3,No,1741265260,0.865
0xd2a6017179968d65ea6efaaea6f19d60e78314af,No,1741265260,0.832
0x04c1d8ca275434bdc1697eda44d1cade92459b34,No,1741265260,0.752
0x9e4439fcf15fae67bd01a590e468912cb70b9c91,No,1741265260,0.727
0xde1f8a73aac5a18a04395b40fc6eee093964faf4,No,1741265260,0.565
0xb972788fd94972d673eb3af068df1dfe11a2ec37,No,1741265260,0.564
0x2933a9010fa10368113d9e4071ddf8c6adcd81d2,No,1741265260,0.56
0xa7cac6d048d42c48470cb93307e6898356a13320,No,1741265260,0.51
0x32aaba58de76bdba912fc14fcc11b8aa6227aee9,No,1741265260,0.5
0x33a0b5d7da5314594d2c163d448030b9f1cadcb2,No,1741265260,0.364
0x7ba8868efcc2f04bf9d1a9445d7843d7ae5dd1b4,No,1741265260,0.364
0xcf3c78a77ff01b451a21301a522c48b92a029e70,Yes,1741265260,0.33
0xfd1af514b8b2bf00d1999497668bff26ccdf4c8a,Yes,1741265260,0.324
0x206c5915856ef684d9f816f3747224c853933115,No,1741265260,0.32
0xc7b072b4368e7a221a2de74dac549edcef34cfa3,No,1741265260,0.312
0x031778c7a1c08787aba7a2e0b5149feb5decabd7,No,1741265260,0.309
0x4bb51eb3588358ba59e005b4c5474a2cff7355b7,Yes,1741265260,0.305
0x911d9369874711363dd5ea1aa7a4d1d089b595a4,No,1741265260,0.278
0x478189dc3905a08e456c348905c1e5b03de8023d,No,1741265260,0.276
0xbebcf3700f462a82061ff95295ab6ec7593c6c6c,No,1741265260,0.21
0xe7f13052fe2ba7d038dac18de5e730542e3979bc,Yes,1741265260,0.204
0x3b33e186573649c9a6c6380f45246c516c150ee1,No,1741265260,0.204
0xb1b5296bcc9f9de90a676d36485cb30ecc46f900,No,1741265260,0.204
0x1a15c730fe686ecf8ba44e3f9b21d5389b55bfbf,No,1741265260,0.204
0xd74f45334c0a754e8d834e1990dab588cdb39140,No,1741265260,0.204
0x70b0e653e50eff0109ba6b3b3d4f15453e49d311,No,1741265260,0.175
0x6555032a163641b5f7c9ba32f9543acef7a1559c,No,1741265260,0.146
0x07dd329293000003a159153f6ed12ff7c3a23981,No,1741265260,0.109
0xa85f10fde0d65ed8d477fa59036b6eb254e36665,No,1741265260,0.097
0x460a2319bf0adb90676b6bb5dd5ec8ef34df93cd,No,1741265260,0.092
0x3a42263bd22fa189072d06169a47ecfce955715f,No,1741265260,0.078
0x541ef672f9d8626090ec6699c2a35f29742152a5,No,1741265260,0.072
0x3879e62972ec43713d296cfd5a9751b351269cf1,No,1741265260,0.07
0x6224dd3b4757446de11fca940400c162eb313757,No,1741265260,0.061
0xf2a38230ea2e92db69aa520182f368ceec2ed4cd,No,1741265260,0.061
0x6b5e43cccab7cb3f45200d2a38c47a269dd011a8,No,1741265260,0.058
0x409caec195e72ede0b27e4deb55524424c5d54a9,No,1741265260,0.047
0x16e2e9b9e6c097be009c0b10f8e78f4de99461be,No,1741265260,0.035
0x892bef8fe252b1678cdb581822727c2d4537826b,No,1741265260,0.033
0x2535c1d30f861cc09ddb961ddd14cc15a6ca4641,No,1741265260,0.029
0x8b20880fbc214a5eb74ecee679c8971149a45415,No,1741265260,0.026
0xe2a0c03b1e7a698b63c9f7cf7c37eff577e890a7,No,1741265260,0.023
0x7d3a0da18e14ccb63375cdc250e8a8399997816f,No,1741265260,0.012
0xcc37ac58c61e76b941ae31beb93f819592139913,No,1741265260,0.01
0x1eb7458ae2d2509691de3514870c543bf1ba4813,No,1741265260,0.01
0x969c6ba66e832cdbb56f9bef7d8f4ca98be6c006,No,1741265260,0.01
0xf8fb9316fa63e6401311ad1c861a569087ba3f60,No,1741265260,0.01
0x529070265656213bd739d9cfda525a31fd353b1a,No,1741265260,0.01
0x38d8c1e466dd5889cc8b029394f7dabd55a2e232,No,1741265260,0.01
0x64b1a10f3244a6803ee32902bb3f9d267b6577f7,No,1741265260,0.01
0x6e5191412f7d8fa741285a2f852aad0e00810140,No,1741265260,0.009
0xa147ad7eec422919920835011d47b51088bc606b,No,1741265260,0.009
0xe2515fa79dbab71d1b015dc5cea40a4d795be9cb,No,1741265260,0.009
0x8d85878ca04fe8eee31dcbf53a2aed86b379c93a,No,1741265260,0.008
0x4ef83cb2e76f460431921111a166a3acd8af8c06,No,1741265260,0.008
0x4e35004054b9195fab156c1b9307e9b569a5b930,No,1741265260,0.008
0xa53158c126a6734db171f965d9abf66ce37f02fa,No,1741265260,0.008
0x5ab7971c6e46f55367c1090b863746dc6b1ebb8c,No,1741265260,0.008
0xfc91d4275995db19d0bb9017ba667325ecdd8741,No,1741265260,0.007
0x79889e8cf01f940ac0773acfd019770547e54e20,No,1741265260,0.007
0xd08c3627600c05e979ae936686736e602c8e6bb2,No,1741265260,0.007
0x26ad67c86e5693f8033766f589b868d2fe51496d,No,1741265260,0.007
0xb475f0220afbeb603b287867e4429abe81041472,No,1741265260,0.007
0xab5937b9b3be8a568943617dfcbd9d55717c32ec,No,1741265260,0.006
0x63e85080e96f90a7d5ed5666985f35b953fe9dcb,No,1741265260,0.006
0xf01afb9d83006ba5a12267ea8595836e086305e9,No,1741265260,0.006
0x4eb299568aefa4de18136f52ba1564a2ccf28158,No,1741265260,0.006
0x862a146180343638f12137084ac2fd7cc7a47224,No,1741265260,0.005
0x1f39522caa631768b73d1ed8c8ca0eca8f543e85,No,1741265260,0.005
0xb2a2ce3d9be9fc12c98fff2a1c358277be66aa66,No,1741265260,0.005
0x0e44ff4b3ddfaa45dba672cadd5db41d080d6c11,No,1741265260,0.005
0x1cca18430fa4ab078b8df5fd2e7a84ffd3858313,No,1741265260,0.005
0x134e71213b9d480c5df2b0a6916bec0eadcea8e6,No,1741265260,0.004
0x790ddaa427923debe85932e6984f651fae7d832f,No,1741265260,0.004
0x3ae4972c49f2634c3753c186a1b68ed72d404ddf,No,1741265260,0.004
0x217d57904fc911d97fec7d323820bc312fb135d0,No,1741265260,0.004
0x9e042629bad86c08bd29b56a53917d1527bb63c9,No,1741265260,0.004
0x8e0b3c2d675013e7ca84dfc044678133a6b7a36c,No,1741265260,0.004
0x278371008525f4b50547166da389b5fdb8ebce8e,No,1741265260,0.004
0x7bc86a45410bd01a9c2c11c2b23b2afb2617f3ff,No,1741265260,0.004
0x83cccdd523e02d44d229b2b2ee59d69d3af03dd8,No,1741265260,0.003
0x34c263a565157c2c0fefda9c7d205fdbea8ee2ee,No,1741265260,0.003
0x9dadf18c8aec2a80be1473935b5b710b9ac6eaa2,No,1741265260,0.003
0x55aa033bcbf561910503609f2a30f0cc6eba11ab,No,1741265260,0.003
0x229fd33073a9bfbea6214a71404ae86eec6eaa3f,No,1741265260,0.002
0xaa673648a822fcf4b143312b85f773f1d1b9f773,No,1741265260,0.002
0xc9fdc4e87eff1a29bccbada939c6aca7590e1660,No,1741265260,0.002
0x1404ee36a48b524159412da85e7a7d2a7bcef935,No,1741265260,0.002
0x2a5a9951e1b4e4fcbfa1c23ee24c72e2b3c907d6,No,1741265260,0.002
0x949fd3a64f44b80bb13db2b6af0fabfcf727d354,No,1741265260,0.002
0x956b2e01e38e6a8db2de1e475f55886d51dc4fdf,No,1741265260,0.001
0x369493e33459d16ed0119526d08152b684e03c63,No,1741265260,0.001
0x1889af068f61c4376e337913bf4728ea20dff7a0,No,1741265260,0.001
0x49a8a44fc8ae002e096fba030791d3a3b7c008a6,No,1741265260,0.001
0xa989c0063511a9c773402c6e17d666da7c00f2b2,No,1741265260,0.001
0xe24f35fcc986f94d4cd7c93920a62bafae497db1,No,1741265260,0.001
0x56cf0ff00fd6cfb23ce964c6338b228b0fa76640,No,1742338958,"607,586.501"
0x334f12afb7d8740868be04719639616533075234,No,1742338958,"104,013.079"
0x7b2e78d4dfaaba045a167a70da285e30e8fca196,No,1742338958,"95,728.674"
0xfe13988736d95d052c2e45e5b4e1ef2e2750b7f4,No,1742338958,"91,845.617"
0x874e2b0af4570baf5d116f95744e2d1e5fb7dbb3,No,1742338958,"85,262.896"
0xe1d14a9f4679465a765364ea2fe32f5c38d38f5b,No,1742338958,"59,514.269"
0x2a7fc2c27546deaf1723dbc4e30e162941932450,No,1742338958,"31,762.542"
0x04a9edd12ed304efb5e5fe83109a65e8e84799c3,No,1742338958,"18,995.207"
0x2ff064d951996c9fe70d6ba22d8684f37b2e24ec,No,1742338958,"18,924.711"
0xaa36deb402ccf0fee2aa09974552154a9564ae20,No,1742338958,"17,948.832"
0x8dff5ee9e094be20d2cd1bea46d6e1fe6c10c669,No,1742338958,"13,754.783"
0xa78677de2d0b9bf26488bb470ee3e8276b8ba509,No,1742338958,"13,735.79"
0x9afd4d90c7ba73aa68e24b14223c8c43c677505d,No,1742338958,"13,223.733"
0xb95d9b1bcb514cbb31fea317f472bf4858231f7e,No,1742338958,"10,946.145"
0x7571bb9487211f09624fbfa71134e255c1699b69,No,1742338958,"7,631.43"
0x6464dd204ead251e0d767d60640cafc0c02a06de,No,1742338958,"4,581.284"
0x35a22f96e541f395a319a321f20d739021e7c8c8,No,1742338958,"4,571.482"
0xd18f8e0eff764a18f7d70c6c84340338dc79d9ff,No,1742338958,"3,679.806"
0x9eb6d10f75b364662313ee3099173dc3ac4048c9,No,1742338958,"3,632.67"
0x745c611731dabbf4db50707f95d9eb4eb3258877,No,1742338958,"2,559.929"
0xa999ac5c4a1178b07adf249a7e48d2c7aec19d3d,No,1742338958,"2,343.75"
0x900f2feaf13d922c56fbf8895b510df027d0443a,No,1742338958,"1,907.434"
0x7adba6c27fa12ec222690405a421bca26165d6e3,No,1742338958,"1,886.373"
0xdfd13dcf4f90fa97057a34c512c9517de789c826,No,1742338958,"1,777.822"
0x67ab5b66debc3217105ab356a219137a0bc07d3a,Yes,1742338958,"1,116.602"
0x3f5bd70412cccb1516c8970c3e5a5873a45b9934,No,1742338958,990.199
0x95cde8b6ebddf03f5bd4ecc82a74664cd72cd87c,No,1742338958,911.502
0x60abacfaa6f3bd4072707fce6f4eaaaae414847b,No,1742338958,727.517
0x7acd208c00d3f6da3581192d981d6985bab5287d,No,1742338958,677.658
0xb4b04564f56f4795ea4e14d566af78da54a99980,No,1742338958,657.518
0xd8ad1fea3fb40671a2ed0fd17f4f196a4be75fb4,No,1742338958,561.644
0xbac525271fcf4deed00380e70b0c20ff1121d755,No,1742338958,528.596
0xe1d93f9a4982cf170baddf711ac93a9e10b1ec1e,No,1742338958,459.871
0xa5ac847fc0e14223395778d216f58501f138e9a2,No,1742338958,427.405
0xfe3e4266c02fe56af770c080010a927da08bbcc2,No,1742338958,422.256
0x4a33863614b5c8f851917f3746ec2cc2a51ea46e,No,1742338958,400.045
0xec9048b59b3467415b1a38f63416407ea0c70fb8,No,1742338958,371.982
0xe082bda07536420401187ba7225ff5f56c30998b,No,1742338958,366.742
0x45a22924a6353058d383583c940a16e75cda155a,No,1742338958,357.853
0x9fd1e583b7c9a56b2c36fb67a03872d749341a43,No,1742338958,342.553
0x59fe26a06a036e487a3e8218786e8512362f37df,No,1742338958,320.332
0x4008f34b31204155ac77fc97c3f458c052672531,No,1742338958,309.393
0x983ced6e1d35718122f0b1f9b4eafc04185c1130,No,1742338958,242.695
0x6687c671980e65ebd722b9146fc61e2471558dd6,Yes,1742338958,230.918
0x20b69fda9379c8ae82cb78ea71d4d9e740e88196,No,1742338958,229.754
0x41222737c2dade698e5d1670fa25276674d1e522,No,1742338958,221.069
0xa83935efd1d09dbd0e09021036b6b79b211baf65,No,1742338958,211.66
0x79ef6a46fb8ab365ae15613496ca3e5619edb5ad,No,1742338958,211.638
0x5e7b645d5bf86750cb1913122ba8a8545e2a9fd1,No,1742338958,205.221
0xe4a982fa1f1e8ad1af238a7b1226b13b56bf5ccd,No,1742338958,195.469
0x5c16873795d083fab71d4cbf5b073d22cf38f659,Yes,1742338958,189.104
0xe18ff9d58b4deb8c17ccba79a87fbed548ab06b3,No,1742338958,178.859
0x7db90e374edd104077abcbed45d7117f734777a3,No,1742338958,178.547
0xbc9e9f2a49ea0f0619f79c0a0d8b4a19ba79cba7,No,1742338958,163.653
0x33d10de1e65e6193044e277a77c3fd02d59b1c3f,No,1742338958,161.197
0x494c439ef103f87b4d8f6b475cdbb8d07f940ff0,No,1742338958,150.73
0xd08c3627600c05e979ae936686736e602c8e6bb2,No,1742338958,148.465
0xa6e28a1c053295cc34d335efb5801d82204d8922,No,1742338958,147.638
0x9008d19f58aabd9ed0d60971565aa8510560ab41,No,1742338958,84.451
0x165604b4240a6970acc4dfe314938e0361b0166d,No,1742338958,78.403
0x923bfbcf199afcdf2071d60a811132ce4b747984,No,1742338958,73.822
0x56e665674d26a3ec69ea0e27f001d42481f7ff53,No,1742338958,73.146
0xb7f2947c23c18eb67141829014472df9244f6f9b,No,1742338958,51.385
0x447b68dc638a582612b3f1443538211665461949,No,1742338958,47.998
0x0a2a2e54997f5e32b70b3c294172bec86c747dd7,No,1742338958,41.991
0x187e0966046da5b110fdc986c9b94bd8416837af,No,1742338958,37.606
0xc978f4364c03a00352e8c7d9619b42e26b6424ab,No,1742338958,36.51
0x35d3cbcf2d75c82febfddf69b01d2dd78fd780eb,No,1742338958,35.262
0xd6a2a456b48836f38ace550c59c421ca24f1681a,No,1742338958,25.512
0xfc9dcba32cc3c86cef07e69c3fae630db2785a9e,No,1742338958,25.131
0xa7bd30c73549c7948e2ef5d46215a5ce95275b98,No,1742338958,24.395
0xc58598141a72db365e8ecd4d740a191913551d0f,No,1742338958,22.477
0xab06ff77044db8a5a48f1b49833d87abfaebad09,No,1742338958,21.899
0x97e55df556254ddb9298abb16307c5c378b74cca,No,1742338958,20.988
0x59512422af0709c7cab8285838975cd8d7c7ce7d,No,1742338958,17.991
0x159d726ab894970fb32387ae9cb072111fd4508e,No,1742338958,17.878
0x131cf758d9ef6bca88928442dc715c8fdc113952,No,1742338958,17.325
0x41cd6228341ea33e8d9659f09bf0e5aadc54c5e7,Yes,1742338958,16.915
0x6428178a1324896bd8ea897565d909945da33ee9,No,1742338958,14.342
0x7809f0e94e247143313b97b02f8411bd41540677,No,1742338958,13.191
0x89c4acb8b5b5b8e5b2121934b9e143569a914c80,No,1742338958,10.942
0xae25817e57d1be8c2c60ba911300f4fc45a9f8cb,No,1742338958,10.924
0x5ed3339ab4e90855ddb7f9e2905253e9d2ab59ed,No,1742338958,9.421
0xef4d9e1f4e9e2dd9e747b53f4be3d04bfa935f2d,No,1742338958,8.789
0xf28a1ff4cd9b579b55195cb9528ef8f7a8b10a33,No,1742338958,7.508
0x470ba0f3bc80d88d3cd9cfd28dd125da0e545993,No,1742338958,7.433
0x461cbd5765360733a02d4571591d54c8b8a517ea,No,1742338958,7.133
0xf9c729054ed9691884a19334098378b399b469ea,No,1742338958,7.019
0xdbd5e2bf0e87a6361bd0b587cc4c0b3fcf5dc259,No,1742338958,6.758
0xb1998487b4cd187b4c4d1ad81a957ccbc10a0f85,No,1742338958,6.152
0xde2a93da4b0a34b878e00718f6e079e022f276f1,No,1742338958,6.039
0x29f3c8b6a90f10f96f269495f4af184c0988a594,No,1742338958,5.628
0x111f08c1e58ad604f6fdc5b1d0d3dd9a89d0dc2f,No,1742338958,5.609
0x0c4f8ccbb4cf9c2ee568e33f21c807b1931726e4,No,1742338958,5.256
0x23069f1978fe4d6ec88bf0b84bca2b39d3b285e1,No,1742338958,4.964
0xed6818c68496aff31f6064c880aa235ab99b3acb,No,1742338958,4.831
0x71044ae277bac65c4dfcd598d07a60fc6810fb8e,No,1742338958,4.667
0xca5c758a8b9892a3e1b745f2039efa9491c18f7a,No,1742338958,4.206
0x5bd07249115373c2f069da83592706fac4e70c66,No,1742338958,3.827
0x5d4adb6eca975bab50d2490ccdfe5d9cd1bf4882,No,1742338958,3.756
0x38ef098f74393d219d92c5112055e618c6bde2d7,No,1742338958,3.755
0x725bcf16bae966975170c4d98e646a518ae071d3,No,1742338958,3.333
0x55aae08c2913c4b582f860031e3afdc2ca0ba063,No,1742338958,3.161
0x9f1ae497afad289aa370f3f4ad038bc5e35f3c27,No,1742338958,2.789
0x801c4b062ccb8c7aee03fddfd14e3ff563e0e966,No,1742338958,2.719
0x245bd6b5d8f494df8256ae44737a1e5d59769ab4,No,1742338958,2.712
0x717f0a9ee93fde2ae196b61b51fda5b892c02b3d,No,1742338958,2.545
0xc9534a59ef121516e5e1aead8d45d151e768e216,No,1742338958,2.459
0xefb8e220f012241a00f5dae4a5b2c473a742a63a,No,1742338958,2.43
0x5ae31b437851b57a491603d6c7a845b61c88f1f5,No,1742338958,2.408
0xd27cd4e2c3f168dbf9b4cfcd82664480973151e9,No,1742338958,2.269
0x6bb0bed604c3c43bb53b9fda53e431c982fc01be,No,1742338958,2.252
0xbd12aa424c207e90b66402c1f0aec357e8b1ded7,No,1742338958,2.228
0x8d831a71dd552ae2657d2c8ee4ceceb86a3dd779,No,1742338958,2.228
0xdfc2ad6492faa517b5572f9fa61716d4f9d121ed,No,1742338958,2.213
0x591f5162547dff90c185271726a5eb540d1395de,No,1742338958,2.123
0xe5c3aabac09838405b82b10b4ddae5a48ae57f9d,No,1742338958,2.114
0x9026a44fb446da394f5810fdb4708a7879cebe34,No,1742338958,2.096
0x96103652ef1d66d7a8f3b66060d126d82a456f47,No,1742338958,2.056
0x1afbcd54aff10fdf0c2e7de4cde86b3e75a3e4e7,No,1742338958,1.964
0x978a89b0178ea8054a99f5bddb0081ea6a3c27c3,No,1742338958,1.934
0xe5d067d8634e109c077192c34c972a10ee6fc731,No,1742338958,1.876
0x9e979ffff022bbbe891fb64c1cfc61e4447d049a,No,1742338958,1.818
0x4518cd6f9cd1085d0cc1eed7c8b3bcd98afafcd9,No,1742338958,1.818
0x28abd3190674dc57e4d3bebeec22f78d121810d5,No,1742338958,1.818
0x1f5fae0615ee87196f229ea19d726d58846bdc0e,No,1742338958,1.818
0x4d6caa3e0983fac7b514d60339ebb538c5a85aae,No,1742338958,1.818
0x25124024390ac79659ed699b087a3e748686df7b,No,1742338958,1.818
0x6fdb1e4206d119555c3ac61ac20c76eb818fa567,No,1742338958,1.818
0xcba986c46f6908be6ee07bf868bb812978c32e08,No,1742338958,1.818
0x9e8b306eea4d50090ac0af1eeac79fcd531eb159,No,1742338958,1.818
0xf94bfbd175219331f9ff323ea703ebd2a05fd33a,No,1742338958,1.818
0x001fe2cdbeeb0743679e958c0861dd8788b28b19,No,1742338958,1.818
0xf035561dce033ded865e15e69db06cffc88d9213,No,1742338958,1.818
0x9d9e26932d012b2ab21b974fe1552f4025b1e1cc,No,1742338958,1.818
0xe5dd78c224f26e306c84a9b1aa2def30bdf15835,No,1742338958,1.818
0x6841ccc2fa23efe3bbe98492f026756479e4a4ec,No,1742338958,1.818
0xd2c04f656448e78b178d6cc3b2ccf91de6ae7f39,No,1742338958,1.818
0x9fbcbfdc3c66562113daba8b501d0d7d55e84688,No,1742338958,1.818
0xf8d97b0de945bb3ec6d634e0fdc48b6a3b9fcb1f,No,1742338958,1.818
0xa63cb29de16607dd5ac18b6cb65bead58d04ac25,No,1742338958,1.818
0x8f8be6f1eac8432e3f0e460402fcb358311a86d4,No,1742338958,1.818
0x68c0dd2b5a5df00bca4f7df8ca9b1425fe817728,No,1742338958,1.818
0x23d2874d56bba76af9866604c76fc5347058aad7,No,1742338958,1.818
0x29397b5b81579504c446e8e86c88196491be5ec5,No,1742338958,1.818
0x8d4d39d2e3104876a0c5fa11efe02597613d2a79,No,1742338958,1.818
0x0eb682c54bb74e0fb37894e4f0b02127e5fb865f,No,1742338958,1.818
0x9ac5f8c48ade024a006206ca5ebd06f275f243ec,No,1742338958,1.818
0x4ca2a670bd5505b870b21331a53d9bb4ae6e2084,No,1742338958,1.818
0x1520ab7dd2ca282fca2810cb7df071c9de3e2f5c,No,1742338958,1.818
0x31287a933b2e153654105013d595dcbd6664fcf9,No,1742338958,1.818
0x7cd192ff8e2e3e5bf8b5e85f858c0f83e22f771d,No,1742338958,1.818
0xd2946cb43fd692f8776be5c91dc523aa3fe69f1d,No,1742338958,1.818
0x56f446074d3dc521786ea456e725775819e260cb,No,1742338958,1.818
0xe6a46ea30a1ef48e8ab2179a203c137702147073,No,1742338958,1.818
0x84d766fb6c86dd8983e5cab3d17e6630c278277e,No,1742338958,1.818
0xe69d81fad86ac5295a1261930c19e7ad009aa52e,No,1742338958,1.818
0xc7b6717c5c30a5645ba308afd2b0df42b850d8e3,No,1742338958,1.818
0xc7baf12d871f26b09dfa61a6e9e3b2eaef7a159a,No,1742338958,1.818
0xe3cd70be09c3a45b73ff5d7cfe37f8b5309ebbdc,No,1742338958,1.818
0x09a2aa22db9f97aabd3da897b156d944c8c50e0f,No,1742338958,1.818
0x75f04fbf12ed979873db692eab1a904abe1e2f32,No,1742338958,1.818
0x409ad638c059375de57d455b78520470ed13f282,No,1742338958,1.818
0x8c0733ba6295af19ae294c19b34e7d163acc7197,No,1742338958,1.818
0x75202586d58c8d2ed726b4abdcda3ecdd91c1e34,No,1742338958,1.818
0x91dc3d24895bb29033cbbf48ed6b5f7b0510d83c,No,1742338958,1.818
0x1d6b8e5fa836c7d5846fb76f188b008c10b67ba5,No,1742338958,1.818
0x5bf79c7bf66a6aa75f4fef4004bc7d527fdf8250,No,1742338958,1.818
0x74aadf1281a7f5546e13f17de5101a310a33bf3f,No,1742338958,1.818
0x683132fe975fac296f21919d625a94a4a86f6fa6,No,1742338958,1.818
0xb7806b30034cc8d13390aa0b713dc0c326cd4358,No,1742338958,1.818
0x31a026bbd8ddc0f95ad827c17c37c0d8fc25d3ff,No,1742338958,1.818
0x4ddcdfbef53747089cab9d775aa461e7a088ff3c,No,1742338958,1.818
0xd50ea36556e1c9abece88a1d9ad5b38261ab515b,No,1742338958,1.818
0x79cda2b2fa8b3c080da06ddce3416b8e4b7c1b14,No,1742338958,1.818
0x0182518980f999ad0c9527d864c15492ab3beeae,No,1742338958,1.818
0x9ac0605353f447a49845365ded45fc57e609a319,No,1742338958,1.818
0xd51aea4a4ba241ded4112c017d73c976a967139f,No,1742338958,1.818
0x3975f79ce2cae19b8d4d5e1f4b134e241bf6f10a,No,1742338958,1.818
0x327c7b1e4bcaa69afa029f042dda3722e3ed74c1,No,1742338958,1.818
0x15923b51ecc5de696d67a85d2a493908c750b237,No,1742338958,1.818
0xaeeb3b86314009f5ee315c49414646a1f5709d1c,No,1742338958,1.818
0x441e1e47a6fa2dbfd3cd9b54291e9ab3a58d7975,No,1742338958,1.818
0x82b1c5ffa4fe976869b4156c90073a8b719d671a,No,1742338958,1.818
0xb9385eb2b944370adcdc22af45ace6140bda6225,No,1742338958,1.818
0x380e7360085407892f33da521dfb01da82b5f2be,No,1742338958,1.818
0x1ce34e220bd710d1a84a135f345b650cc7770e9f,No,1742338958,1.818
0xeaf1eb60c3359b12d501d23a372256846ddbff8d,No,1742338958,1.818
0x68bf9733a1b5688feb430b1d200b2299c74885b1,No,1742338958,1.818
0x9c1a52b599cf652701b41bf137ae022a894b5ea3,No,1742338958,1.818
0xc0dd5675528d8d9f05afe601df6ebda59e2a6733,No,1742338958,1.818
0x41aeb883a0073527e5f5653423cbd59339154a72,No,1742338958,1.818
0x431f2b6e43bed4d845ac5d9b5d030dfc8987691d,No,1742338958,1.818
0x6bc8679c27b49cc4be2c8faf9906bc0465727cf3,No,1742338958,1.818
0x5ac691d7b535cbb755de910123c656ac407f6f29,No,1742338958,1.818
0xf7d7d7dacb1215fba1f6cdd1361092796680cf4f,No,1742338958,1.818
0xa7e93f5a0e718bddc654e525ea668c64fd572882,No,1742338958,1.728
0x9f22ac105351964957b649f562c4a41268965382,No,1742338958,1.716
0xece039bd21e3910187af408909b6529c629ec8e5,No,1742338958,1.526
0x3cbbdc5e6b615eaf094d41fd0f4422c72bcbe8ff,Yes,1742338958,1.502
0x224623eeb6fadb6ff76f5be4b570ee06ee282868,No,1742338958,1.454
0xef364e390ff3f326e3153d0b9c4b944db42155e5,No,1742338958,1.394
0x90dafb210c44f4b72e591e7e2f583154290e5d83,No,1742338958,1.12
0xeb77a109a1adb1835f6f52a5da8055448e65b1e5,No,1742338958,1.023
0x10c895bf7d9f895cd648448d35f89b23b15dd1a5,No,1742338958,0.947
0x51e14dcb7d6ed4d5fcb62143636df837a2437db3,No,1742338958,0.879
0xd2a6017179968d65ea6efaaea6f19d60e78314af,No,1742338958,0.832
0x04c1d8ca275434bdc1697eda44d1cade92459b34,No,1742338958,0.752
0x9e4439fcf15fae67bd01a590e468912cb70b9c91,No,1742338958,0.727
0xde1f8a73aac5a18a04395b40fc6eee093964faf4,No,1742338958,0.565
0xb972788fd94972d673eb3af068df1dfe11a2ec37,No,1742338958,0.563
0x2933a9010fa10368113d9e4071ddf8c6adcd81d2,No,1742338958,0.56
0xa7cac6d048d42c48470cb93307e6898356a13320,No,1742338958,0.51
0x32aaba58de76bdba912fc14fcc11b8aa6227aee9,No,1742338958,0.5
0x85c6737ada32ed46066f45d28a612b7647c66410,Yes,1742338958,0.364
0x33a0b5d7da5314594d2c163d448030b9f1cadcb2,No,1742338958,0.364
0x7ba8868efcc2f04bf9d1a9445d7843d7ae5dd1b4,No,1742338958,0.364
0x5700f03f87db485fdb90e18b3100f00b235886f1,No,1742338958,0.355
0xfd1af514b8b2bf00d1999497668bff26ccdf4c8a,Yes,1742338958,0.324
0x206c5915856ef684d9f816f3747224c853933115,No,1742338958,0.32
0x031778c7a1c08787aba7a2e0b5149feb5decabd7,No,1742338958,0.308
0x4bb51eb3588358ba59e005b4c5474a2cff7355b7,Yes,1742338958,0.305
0x911d9369874711363dd5ea1aa7a4d1d089b595a4,No,1742338958,0.278
0x478189dc3905a08e456c348905c1e5b03de8023d,No,1742338958,0.218
0xe7f13052fe2ba7d038dac18de5e730542e3979bc,Yes,1742338958,0.204
0x3b33e186573649c9a6c6380f45246c516c150ee1,No,1742338958,0.204
0xb1b5296bcc9f9de90a676d36485cb30ecc46f900,No,1742338958,0.204
0x1a15c730fe686ecf8ba44e3f9b21d5389b55bfbf,No,1742338958,0.204
0xd74f45334c0a754e8d834e1990dab588cdb39140,No,1742338958,0.204
0xc7b072b4368e7a221a2de74dac549edcef34cfa3,No,1742338958,0.184
0x70b0e653e50eff0109ba6b3b3d4f15453e49d311,No,1742338958,0.175
0x6555032a163641b5f7c9ba32f9543acef7a1559c,No,1742338958,0.146
0xcf3c78a77ff01b451a21301a522c48b92a029e70,Yes,1742338958,0.137
0x07dd329293000003a159153f6ed12ff7c3a23981,No,1742338958,0.109
0x3a42263bd22fa189072d06169a47ecfce955715f,No,1742338958,0.078
0x541ef672f9d8626090ec6699c2a35f29742152a5,No,1742338958,0.072
0x6224dd3b4757446de11fca940400c162eb313757,No,1742338958,0.061
0xf2a38230ea2e92db69aa520182f368ceec2ed4cd,No,1742338958,0.061
0x6b5e43cccab7cb3f45200d2a38c47a269dd011a8,No,1742338958,0.058
0x3879e62972ec43713d296cfd5a9751b351269cf1,No,1742338958,0.053
0x892bef8fe252b1678cdb581822727c2d4537826b,No,1742338958,0.033
0x409caec195e72ede0b27e4deb55524424c5d54a9,No,1742338958,0.03
0x2535c1d30f861cc09ddb961ddd14cc15a6ca4641,No,1742338958,0.029
0x8b20880fbc214a5eb74ecee679c8971149a45415,No,1742338958,0.026
0x16e2e9b9e6c097be009c0b10f8e78f4de99461be,No,1742338958,0.024
0x7d3a0da18e14ccb63375cdc250e8a8399997816f,No,1742338958,0.012
0xcc37ac58c61e76b941ae31beb93f819592139913,No,1742338958,0.01
0x1eb7458ae2d2509691de3514870c543bf1ba4813,No,1742338958,0.01
0x969c6ba66e832cdbb56f9bef7d8f4ca98be6c006,No,1742338958,0.01
0xf8fb9316fa63e6401311ad1c861a569087ba3f60,No,1742338958,0.01
0x529070265656213bd739d9cfda525a31fd353b1a,No,1742338958,0.01
0x38d8c1e466dd5889cc8b029394f7dabd55a2e232,No,1742338958,0.01
0x64b1a10f3244a6803ee32902bb3f9d267b6577f7,No,1742338958,0.01
0xe2a0c03b1e7a698b63c9f7cf7c37eff577e890a7,No,1742338958,0.009
0xa147ad7eec422919920835011d47b51088bc606b,No,1742338958,0.009
0x6e5191412f7d8fa741285a2f852aad0e00810140,No,1742338958,0.009
0xe2515fa79dbab71d1b015dc5cea40a4d795be9cb,No,1742338958,0.009
0x4e35004054b9195fab156c1b9307e9b569a5b930,No,1742338958,0.008
0x8d85878ca04fe8eee31dcbf53a2aed86b379c93a,No,1742338958,0.008
0x4ef83cb2e76f460431921111a166a3acd8af8c06,No,1742338958,0.008
0xa53158c126a6734db171f965d9abf66ce37f02fa,No,1742338958,0.008
0xfc91d4275995db19d0bb9017ba667325ecdd8741,No,1742338958,0.007
0x79889e8cf01f940ac0773acfd019770547e54e20,No,1742338958,0.007
0xb475f0220afbeb603b287867e4429abe81041472,No,1742338958,0.007
0x26ad67c86e5693f8033766f589b868d2fe51496d,No,1742338958,0.007
0xab5937b9b3be8a568943617dfcbd9d55717c32ec,No,1742338958,0.006
0x63e85080e96f90a7d5ed5666985f35b953fe9dcb,No,1742338958,0.006
0xf01afb9d83006ba5a12267ea8595836e086305e9,No,1742338958,0.006
0x4eb299568aefa4de18136f52ba1564a2ccf28158,No,1742338958,0.005
0x862a146180343638f12137084ac2fd7cc7a47224,No,1742338958,0.005
0x1f39522caa631768b73d1ed8c8ca0eca8f543e85,No,1742338958,0.005
0xb2a2ce3d9be9fc12c98fff2a1c358277be66aa66,No,1742338958,0.005
0x0e44ff4b3ddfaa45dba672cadd5db41d080d6c11,No,1742338958,0.005
0x1cca18430fa4ab078b8df5fd2e7a84ffd3858313,No,1742338958,0.005
0x134e71213b9d480c5df2b0a6916bec0eadcea8e6,No,1742338958,0.004
0x790ddaa427923debe85932e6984f651fae7d832f,No,1742338958,0.004
0x3ae4972c49f2634c3753c186a1b68ed72d404ddf,No,1742338958,0.004
0x217d57904fc911d97fec7d323820bc312fb135d0,No,1742338958,0.004
0x9e042629bad86c08bd29b56a53917d1527bb63c9,No,1742338958,0.004
0x8e0b3c2d675013e7ca84dfc044678133a6b7a36c,No,1742338958,0.004
0x278371008525f4b50547166da389b5fdb8ebce8e,No,1742338958,0.004
0x7bc86a45410bd01a9c2c11c2b23b2afb2617f3ff,No,1742338958,0.004
0x83cccdd523e02d44d229b2b2ee59d69d3af03dd8,No,1742338958,0.003
0x34c263a565157c2c0fefda9c7d205fdbea8ee2ee,No,1742338958,0.003
0x9dadf18c8aec2a80be1473935b5b710b9ac6eaa2,No,1742338958,0.003
0x229fd33073a9bfbea6214a71404ae86eec6eaa3f,No,1742338958,0.002
0xaa673648a822fcf4b143312b85f773f1d1b9f773,No,1742338958,0.002
0x1404ee36a48b524159412da85e7a7d2a7bcef935,No,1742338958,0.002
0x949fd3a64f44b80bb13db2b6af0fabfcf727d354,No,1742338958,0.002
0x55aa033bcbf561910503609f2a30f0cc6eba11ab,No,1742338958,0.001
0x956b2e01e38e6a8db2de1e475f55886d51dc4fdf,No,1742338958,0.001
0x369493e33459d16ed0119526d08152b684e03c63,No,1742338958,0.001
0xc9fdc4e87eff1a29bccbada939c6aca7590e1660,No,1742338958,0.001
0x1889af068f61c4376e337913bf4728ea20dff7a0,No,1742338958,0.001
0x49a8a44fc8ae002e096fba030791d3a3b7c008a6,No,1742338958,0.001
0xa989c0063511a9c773402c6e17d666da7c00f2b2,No,1742338958,0.001
0xe24f35fcc986f94d4cd7c93920a62bafae497db1,No,1742338958,0.001
0x56cf0ff00fd6cfb23ce964c6338b228b0fa76640,No,1742368756,"679,744.47"
0x334f12afb7d8740868be04719639616533075234,No,1742368756,"104,013.079"
0x7b2e78d4dfaaba045a167a70da285e30e8fca196,No,1742368756,"95,728.674"
0xfe13988736d95d052c2e45e5b4e1ef2e2750b7f4,No,1742368756,"91,845.617"
0x874e2b0af4570baf5d116f95744e2d1e5fb7dbb3,No,1742368756,"85,262.896"
0xe1d14a9f4679465a765364ea2fe32f5c38d38f5b,No,1742368756,"59,514.269"
0x04a9edd12ed304efb5e5fe83109a65e8e84799c3,No,1742368756,"51,985.548"
0x2a7fc2c27546deaf1723dbc4e30e162941932450,No,1742368756,"31,762.542"
0x2ff064d951996c9fe70d6ba22d8684f37b2e24ec,No,1742368756,"19,338.883"
0xaa36deb402ccf0fee2aa09974552154a9564ae20,No,1742368756,"17,948.832"
0x8dff5ee9e094be20d2cd1bea46d6e1fe6c10c669,No,1742368756,"13,754.783"
0xa78677de2d0b9bf26488bb470ee3e8276b8ba509,No,1742368756,"13,735.79"
0x9afd4d90c7ba73aa68e24b14223c8c43c677505d,No,1742368756,"13,223.733"
0xb95d9b1bcb514cbb31fea317f472bf4858231f7e,No,1742368756,"10,946.145"
0x7571bb9487211f09624fbfa71134e255c1699b69,No,1742368756,"7,631.43"
0x6464dd204ead251e0d767d60640cafc0c02a06de,No,1742368756,"4,581.284"
0x35a22f96e541f395a319a321f20d739021e7c8c8,No,1742368756,"4,571.482"
0x9eb6d10f75b364662313ee3099173dc3ac4048c9,No,1742368756,"3,944.668"
0xd18f8e0eff764a18f7d70c6c84340338dc79d9ff,No,1742368756,"3,679.806"
0x745c611731dabbf4db50707f95d9eb4eb3258877,No,1742368756,"2,559.929"
0xa999ac5c4a1178b07adf249a7e48d2c7aec19d3d,No,1742368756,"2,343.75"
0x900f2feaf13d922c56fbf8895b510df027d0443a,No,1742368756,"1,907.434"
0x7adba6c27fa12ec222690405a421bca26165d6e3,No,1742368756,"1,886.373"
0xdfd13dcf4f90fa97057a34c512c9517de789c826,No,1742368756,"1,777.822"
0xe082bda07536420401187ba7225ff5f56c30998b,No,1742368756,"1,246.464"
0x67ab5b66debc3217105ab356a219137a0bc07d3a,Yes,1742368756,"1,116.602"
0x3f5bd70412cccb1516c8970c3e5a5873a45b9934,No,1742368756,990.199
0x95cde8b6ebddf03f5bd4ecc82a74664cd72cd87c,No,1742368756,967.24
0x60abacfaa6f3bd4072707fce6f4eaaaae414847b,No,1742368756,727.517
0x7acd208c00d3f6da3581192d981d6985bab5287d,No,1742368756,677.658
0xb4b04564f56f4795ea4e14d566af78da54a99980,No,1742368756,657.518
0xd8ad1fea3fb40671a2ed0fd17f4f196a4be75fb4,No,1742368756,561.644
0xbac525271fcf4deed00380e70b0c20ff1121d755,No,1742368756,528.596
0xe1d93f9a4982cf170baddf711ac93a9e10b1ec1e,No,1742368756,459.871
0xa5ac847fc0e14223395778d216f58501f138e9a2,No,1742368756,427.405
0xfe3e4266c02fe56af770c080010a927da08bbcc2,No,1742368756,422.256
0x4a33863614b5c8f851917f3746ec2cc2a51ea46e,No,1742368756,400.045
0xec9048b59b3467415b1a38f63416407ea0c70fb8,No,1742368756,371.982
0x45a22924a6353058d383583c940a16e75cda155a,No,1742368756,357.853
0x9fd1e583b7c9a56b2c36fb67a03872d749341a43,No,1742368756,342.553
0xe18ff9d58b4deb8c17ccba79a87fbed548ab06b3,No,1742368756,335.741
0x59fe26a06a036e487a3e8218786e8512362f37df,No,1742368756,320.332
0x4008f34b31204155ac77fc97c3f458c052672531,No,1742368756,309.393
0x6687c671980e65ebd722b9146fc61e2471558dd6,Yes,1742368756,280.171
0x983ced6e1d35718122f0b1f9b4eafc04185c1130,No,1742368756,242.695
0x20b69fda9379c8ae82cb78ea71d4d9e740e88196,No,1742368756,225.967
0x41222737c2dade698e5d1670fa25276674d1e522,No,1742368756,221.069
0xa83935efd1d09dbd0e09021036b6b79b211baf65,No,1742368756,211.66
0x79ef6a46fb8ab365ae15613496ca3e5619edb5ad,No,1742368756,211.638
0x5e7b645d5bf86750cb1913122ba8a8545e2a9fd1,No,1742368756,205.221
0xe4a982fa1f1e8ad1af238a7b1226b13b56bf5ccd,No,1742368756,195.469
0x5c16873795d083fab71d4cbf5b073d22cf38f659,Yes,1742368756,189.104
0x7db90e374edd104077abcbed45d7117f734777a3,No,1742368756,178.547
0x33d10de1e65e6193044e277a77c3fd02d59b1c3f,No,1742368756,161.364
0xbc9e9f2a49ea0f0619f79c0a0d8b4a19ba79cba7,No,1742368756,153.001
0x494c439ef103f87b4d8f6b475cdbb8d07f940ff0,No,1742368756,150.73
0xd08c3627600c05e979ae936686736e602c8e6bb2,No,1742368756,148.465
0xa6e28a1c053295cc34d335efb5801d82204d8922,No,1742368756,147.638
0x35d3cbcf2d75c82febfddf69b01d2dd78fd780eb,No,1742368756,102.344
0x9008d19f58aabd9ed0d60971565aa8510560ab41,No,1742368756,84.452
0x165604b4240a6970acc4dfe314938e0361b0166d,No,1742368756,78.403
0x56e665674d26a3ec69ea0e27f001d42481f7ff53,No,1742368756,78.171
0x923bfbcf199afcdf2071d60a811132ce4b747984,No,1742368756,73.822
0xb7f2947c23c18eb67141829014472df9244f6f9b,No,1742368756,51.385
0x447b68dc638a582612b3f1443538211665461949,No,1742368756,47.998
0x187e0966046da5b110fdc986c9b94bd8416837af,No,1742368756,44.929
0x0a2a2e54997f5e32b70b3c294172bec86c747dd7,No,1742368756,41.991
0xc978f4364c03a00352e8c7d9619b42e26b6424ab,No,1742368756,36.51
0xd6a2a456b48836f38ace550c59c421ca24f1681a,No,1742368756,25.512
0xfc9dcba32cc3c86cef07e69c3fae630db2785a9e,No,1742368756,25.131
0xa7bd30c73549c7948e2ef5d46215a5ce95275b98,No,1742368756,24.395
0xc58598141a72db365e8ecd4d740a191913551d0f,No,1742368756,22.477
0xab06ff77044db8a5a48f1b49833d87abfaebad09,No,1742368756,21.899
0x97e55df556254ddb9298abb16307c5c378b74cca,No,1742368756,20.988
0x59512422af0709c7cab8285838975cd8d7c7ce7d,No,1742368756,17.991
0x159d726ab894970fb32387ae9cb072111fd4508e,No,1742368756,17.878
0x131cf758d9ef6bca88928442dc715c8fdc113952,No,1742368756,17.325
0x41cd6228341ea33e8d9659f09bf0e5aadc54c5e7,Yes,1742368756,16.915
0x6428178a1324896bd8ea897565d909945da33ee9,No,1742368756,14.342
0x7809f0e94e247143313b97b02f8411bd41540677,No,1742368756,13.191
0x89c4acb8b5b5b8e5b2121934b9e143569a914c80,No,1742368756,10.942
0xae25817e57d1be8c2c60ba911300f4fc45a9f8cb,No,1742368756,10.924
0x5ed3339ab4e90855ddb7f9e2905253e9d2ab59ed,No,1742368756,9.421
0xef4d9e1f4e9e2dd9e747b53f4be3d04bfa935f2d,No,1742368756,8.789
0xf28a1ff4cd9b579b55195cb9528ef8f7a8b10a33,No,1742368756,7.508
0x470ba0f3bc80d88d3cd9cfd28dd125da0e545993,No,1742368756,7.433
0x461cbd5765360733a02d4571591d54c8b8a517ea,No,1742368756,7.133
0xf9c729054ed9691884a19334098378b399b469ea,No,1742368756,7.019
0x5ae31b437851b57a491603d6c7a845b61c88f1f5,No,1742368756,6.989
0xdbd5e2bf0e87a6361bd0b587cc4c0b3fcf5dc259,No,1742368756,6.758
0xb1998487b4cd187b4c4d1ad81a957ccbc10a0f85,No,1742368756,6.152
0xde2a93da4b0a34b878e00718f6e079e022f276f1,No,1742368756,6.039
0x29f3c8b6a90f10f96f269495f4af184c0988a594,No,1742368756,5.628
0x111f08c1e58ad604f6fdc5b1d0d3dd9a89d0dc2f,No,1742368756,5.609
0x0c4f8ccbb4cf9c2ee568e33f21c807b1931726e4,No,1742368756,5.256
0x23069f1978fe4d6ec88bf0b84bca2b39d3b285e1,No,1742368756,4.964
0xed6818c68496aff31f6064c880aa235ab99b3acb,No,1742368756,4.831
0x71044ae277bac65c4dfcd598d07a60fc6810fb8e,No,1742368756,4.667
0xca5c758a8b9892a3e1b745f2039efa9491c18f7a,No,1742368756,4.206
0x5bd07249115373c2f069da83592706fac4e70c66,No,1742368756,3.827
0x5d4adb6eca975bab50d2490ccdfe5d9cd1bf4882,No,1742368756,3.756
0x38ef098f74393d219d92c5112055e618c6bde2d7,No,1742368756,3.755
0x725bcf16bae966975170c4d98e646a518ae071d3,No,1742368756,3.333
0x55aae08c2913c4b582f860031e3afdc2ca0ba063,No,1742368756,3.161
0x9f1ae497afad289aa370f3f4ad038bc5e35f3c27,No,1742368756,2.789
0x801c4b062ccb8c7aee03fddfd14e3ff563e0e966,No,1742368756,2.719
0x245bd6b5d8f494df8256ae44737a1e5d59769ab4,No,1742368756,2.712
0xefb8e220f012241a00f5dae4a5b2c473a742a63a,No,1742368756,2.578
0x717f0a9ee93fde2ae196b61b51fda5b892c02b3d,No,1742368756,2.545
0xc9534a59ef121516e5e1aead8d45d151e768e216,No,1742368756,2.459
0xd27cd4e2c3f168dbf9b4cfcd82664480973151e9,No,1742368756,2.269
0x6bb0bed604c3c43bb53b9fda53e431c982fc01be,No,1742368756,2.252
0xbd12aa424c207e90b66402c1f0aec357e8b1ded7,No,1742368756,2.228
0x8d831a71dd552ae2657d2c8ee4ceceb86a3dd779,No,1742368756,2.228
0xdfc2ad6492faa517b5572f9fa61716d4f9d121ed,No,1742368756,2.213
0x591f5162547dff90c185271726a5eb540d1395de,No,1742368756,2.123
0xe5c3aabac09838405b82b10b4ddae5a48ae57f9d,No,1742368756,2.114
0x9026a44fb446da394f5810fdb4708a7879cebe34,No,1742368756,2.096
0x96103652ef1d66d7a8f3b66060d126d82a456f47,No,1742368756,2.056
0x1afbcd54aff10fdf0c2e7de4cde86b3e75a3e4e7,No,1742368756,1.964
0x978a89b0178ea8054a99f5bddb0081ea6a3c27c3,No,1742368756,1.934
0xe5d067d8634e109c077192c34c972a10ee6fc731,No,1742368756,1.876
0x9e979ffff022bbbe891fb64c1cfc61e4447d049a,No,1742368756,1.818
0x4518cd6f9cd1085d0cc1eed7c8b3bcd98afafcd9,No,1742368756,1.818
0x28abd3190674dc57e4d3bebeec22f78d121810d5,No,1742368756,1.818
0x1f5fae0615ee87196f229ea19d726d58846bdc0e,No,1742368756,1.818
0x4d6caa3e0983fac7b514d60339ebb538c5a85aae,No,1742368756,1.818
0x25124024390ac79659ed699b087a3e748686df7b,No,1742368756,1.818
0x6fdb1e4206d119555c3ac61ac20c76eb818fa567,No,1742368756,1.818
0xcba986c46f6908be6ee07bf868bb812978c32e08,No,1742368756,1.818
0x9e8b306eea4d50090ac0af1eeac79fcd531eb159,No,1742368756,1.818
0xf94bfbd175219331f9ff323ea703ebd2a05fd33a,No,1742368756,1.818
0x001fe2cdbeeb0743679e958c0861dd8788b28b19,No,1742368756,1.818
0xf035561dce033ded865e15e69db06cffc88d9213,No,1742368756,1.818
0x9d9e26932d012b2ab21b974fe1552f4025b1e1cc,No,1742368756,1.818
0xe5dd78c224f26e306c84a9b1aa2def30bdf15835,No,1742368756,1.818
0x6841ccc2fa23efe3bbe98492f026756479e4a4ec,No,1742368756,1.818
0xd2c04f656448e78b178d6cc3b2ccf91de6ae7f39,No,1742368756,1.818
0x9fbcbfdc3c66562113daba8b501d0d7d55e84688,No,1742368756,1.818
0xf8d97b0de945bb3ec6d634e0fdc48b6a3b9fcb1f,No,1742368756,1.818
0xa63cb29de16607dd5ac18b6cb65bead58d04ac25,No,1742368756,1.818
0x8f8be6f1eac8432e3f0e460402fcb358311a86d4,No,1742368756,1.818
0x68c0dd2b5a5df00bca4f7df8ca9b1425fe817728,No,1742368756,1.818
0x23d2874d56bba76af9866604c76fc5347058aad7,No,1742368756,1.818
0x29397b5b81579504c446e8e86c88196491be5ec5,No,1742368756,1.818
0x8d4d39d2e3104876a0c5fa11efe02597613d2a79,No,1742368756,1.818
0x0eb682c54bb74e0fb37894e4f0b02127e5fb865f,No,1742368756,1.818
0x9ac5f8c48ade024a006206ca5ebd06f275f243ec,No,1742368756,1.818
0x4ca2a670bd5505b870b21331a53d9bb4ae6e2084,No,1742368756,1.818
0x1520ab7dd2ca282fca2810cb7df071c9de3e2f5c,No,1742368756,1.818
0x31287a933b2e153654105013d595dcbd6664fcf9,No,1742368756,1.818
0x7cd192ff8e2e3e5bf8b5e85f858c0f83e22f771d,No,1742368756,1.818
0xd2946cb43fd692f8776be5c91dc523aa3fe69f1d,No,1742368756,1.818
0x56f446074d3dc521786ea456e725775819e260cb,No,1742368756,1.818
0xe6a46ea30a1ef48e8ab2179a203c137702147073,No,1742368756,1.818
0x84d766fb6c86dd8983e5cab3d17e6630c278277e,No,1742368756,1.818
0xe69d81fad86ac5295a1261930c19e7ad009aa52e,No,1742368756,1.818
0xc7b6717c5c30a5645ba308afd2b0df42b850d8e3,No,1742368756,1.818
0xc7baf12d871f26b09dfa61a6e9e3b2eaef7a159a,No,1742368756,1.818
0xe3cd70be09c3a45b73ff5d7cfe37f8b5309ebbdc,No,1742368756,1.818
0x09a2aa22db9f97aabd3da897b156d944c8c50e0f,No,1742368756,1.818
0x75f04fbf12ed979873db692eab1a904abe1e2f32,No,1742368756,1.818
0x409ad638c059375de57d455b78520470ed13f282,No,1742368756,1.818
0x8c0733ba6295af19ae294c19b34e7d163acc7197,No,1742368756,1.818
0x75202586d58c8d2ed726b4abdcda3ecdd91c1e34,No,1742368756,1.818
0x91dc3d24895bb29033cbbf48ed6b5f7b0510d83c,No,1742368756,1.818
0x1d6b8e5fa836c7d5846fb76f188b008c10b67ba5,No,1742368756,1.818
0x5bf79c7bf66a6aa75f4fef4004bc7d527fdf8250,No,1742368756,1.818
0x74aadf1281a7f5546e13f17de5101a310a33bf3f,No,1742368756,1.818
0x683132fe975fac296f21919d625a94a4a86f6fa6,No,1742368756,1.818
0xb7806b30034cc8d13390aa0b713dc0c326cd4358,No,1742368756,1.818
0x31a026bbd8ddc0f95ad827c17c37c0d8fc25d3ff,No,1742368756,1.818
0x4ddcdfbef53747089cab9d775aa461e7a088ff3c,No,1742368756,1.818
0xd50ea36556e1c9abece88a1d9ad5b38261ab515b,No,1742368756,1.818
0x79cda2b2fa8b3c080da06ddce3416b8e4b7c1b14,No,1742368756,1.818
0x0182518980f999ad0c9527d864c15492ab3beeae,No,1742368756,1.818
0x9ac0605353f447a49845365ded45fc57e609a319,No,1742368756,1.818
0xd51aea4a4ba241ded4112c017d73c976a967139f,No,1742368756,1.818
0x3975f79ce2cae19b8d4d5e1f4b134e241bf6f10a,No,1742368756,1.818
0x327c7b1e4bcaa69afa029f042dda3722e3ed74c1,No,1742368756,1.818
0x15923b51ecc5de696d67a85d2a493908c750b237,No,1742368756,1.818
0xaeeb3b86314009f5ee315c49414646a1f5709d1c,No,1742368756,1.818
0x441e1e47a6fa2dbfd3cd9b54291e9ab3a58d7975,No,1742368756,1.818
0x82b1c5ffa4fe976869b4156c90073a8b719d671a,No,1742368756,1.818
0xb9385eb2b944370adcdc22af45ace6140bda6225,No,1742368756,1.818
0x380e7360085407892f33da521dfb01da82b5f2be,No,1742368756,1.818
0x1ce34e220bd710d1a84a135f345b650cc7770e9f,No,1742368756,1.818
0xeaf1eb60c3359b12d501d23a372256846ddbff8d,No,1742368756,1.818
0x68bf9733a1b5688feb430b1d200b2299c74885b1,No,1742368756,1.818
0x9c1a52b599cf652701b41bf137ae022a894b5ea3,No,1742368756,1.818
0xc0dd5675528d8d9f05afe601df6ebda59e2a6733,No,1742368756,1.818
0x41aeb883a0073527e5f5653423cbd59339154a72,No,1742368756,1.818
0x431f2b6e43bed4d845ac5d9b5d030dfc8987691d,No,1742368756,1.818
0x6bc8679c27b49cc4be2c8faf9906bc0465727cf3,No,1742368756,1.818
0x5ac691d7b535cbb755de910123c656ac407f6f29,No,1742368756,1.818
0xf7d7d7dacb1215fba1f6cdd1361092796680cf4f,No,1742368756,1.818
0xa7e93f5a0e718bddc654e525ea668c64fd572882,No,1742368756,1.728
0x9f22ac105351964957b649f562c4a41268965382,No,1742368756,1.716
0xece039bd21e3910187af408909b6529c629ec8e5,No,1742368756,1.526
0x3cbbdc5e6b615eaf094d41fd0f4422c72bcbe8ff,Yes,1742368756,1.502
0x224623eeb6fadb6ff76f5be4b570ee06ee282868,No,1742368756,1.454
0xef364e390ff3f326e3153d0b9c4b944db42155e5,No,1742368756,1.394
0x90dafb210c44f4b72e591e7e2f583154290e5d83,No,1742368756,1.12
0xeb77a109a1adb1835f6f52a5da8055448e65b1e5,No,1742368756,1.023
0x10c895bf7d9f895cd648448d35f89b23b15dd1a5,No,1742368756,0.947
0x51e14dcb7d6ed4d5fcb62143636df837a2437db3,No,1742368756,0.879
0xd2a6017179968d65ea6efaaea6f19d60e78314af,No,1742368756,0.832
0x04c1d8ca275434bdc1697eda44d1cade92459b34,No,1742368756,0.752
0x9e4439fcf15fae67bd01a590e468912cb70b9c91,No,1742368756,0.727
0xde1f8a73aac5a18a04395b40fc6eee093964faf4,No,1742368756,0.565
0xb972788fd94972d673eb3af068df1dfe11a2ec37,No,1742368756,0.563
0x2933a9010fa10368113d9e4071ddf8c6adcd81d2,No,1742368756,0.56
0xa7cac6d048d42c48470cb93307e6898356a13320,No,1742368756,0.51
0x32aaba58de76bdba912fc14fcc11b8aa6227aee9,No,1742368756,0.5
0x85c6737ada32ed46066f45d28a612b7647c66410,Yes,1742368756,0.364
0x33a0b5d7da5314594d2c163d448030b9f1cadcb2,No,1742368756,0.364
0x7ba8868efcc2f04bf9d1a9445d7843d7ae5dd1b4,No,1742368756,0.364
0x5700f03f87db485fdb90e18b3100f00b235886f1,No,1742368756,0.355
0xc7b072b4368e7a221a2de74dac549edcef34cfa3,No,1742368756,0.339
0xfd1af514b8b2bf00d1999497668bff26ccdf4c8a,Yes,1742368756,0.324
0x206c5915856ef684d9f816f3747224c853933115,No,1742368756,0.32
0x031778c7a1c08787aba7a2e0b5149feb5decabd7,No,1742368756,0.308
0x4bb51eb3588358ba59e005b4c5474a2cff7355b7,Yes,1742368756,0.305
0x478189dc3905a08e456c348905c1e5b03de8023d,No,1742368756,0.293
0x911d9369874711363dd5ea1aa7a4d1d089b595a4,No,1742368756,0.278
0xe7f13052fe2ba7d038dac18de5e730542e3979bc,Yes,1742368756,0.204
0x3b33e186573649c9a6c6380f45246c516c150ee1,No,1742368756,0.204
0xb1b5296bcc9f9de90a676d36485cb30ecc46f900,No,1742368756,0.204
0x1a15c730fe686ecf8ba44e3f9b21d5389b55bfbf,No,1742368756,0.204
0xd74f45334c0a754e8d834e1990dab588cdb39140,No,1742368756,0.204
0xcf3c78a77ff01b451a21301a522c48b92a029e70,Yes,1742368756,0.179
0x70b0e653e50eff0109ba6b3b3d4f15453e49d311,No,1742368756,0.175
0x6555032a163641b5f7c9ba32f9543acef7a1559c,No,1742368756,0.146
0x07dd329293000003a159153f6ed12ff7c3a23981,No,1742368756,0.109
0x3a42263bd22fa189072d06169a47ecfce955715f,No,1742368756,0.078
0x541ef672f9d8626090ec6699c2a35f29742152a5,No,1742368756,0.072
0x6224dd3b4757446de11fca940400c162eb313757,No,1742368756,0.061
0xf2a38230ea2e92db69aa520182f368ceec2ed4cd,No,1742368756,0.061
0x6b5e43cccab7cb3f45200d2a38c47a269dd011a8,No,1742368756,0.058
0x3879e62972ec43713d296cfd5a9751b351269cf1,No,1742368756,0.05
0x892bef8fe252b1678cdb581822727c2d4537826b,No,1742368756,0.033
0x16e2e9b9e6c097be009c0b10f8e78f4de99461be,No,1742368756,0.031
0x2535c1d30f861cc09ddb961ddd14cc15a6ca4641,No,1742368756,0.029
0x409caec195e72ede0b27e4deb55524424c5d54a9,No,1742368756,0.027
0x8b20880fbc214a5eb74ecee679c8971149a45415,No,1742368756,0.026
0xe2a0c03b1e7a698b63c9f7cf7c37eff577e890a7,No,1742368756,0.012
0x7d3a0da18e14ccb63375cdc250e8a8399997816f,No,1742368756,0.012
0xcc37ac58c61e76b941ae31beb93f819592139913,No,1742368756,0.01
0x1eb7458ae2d2509691de3514870c543bf1ba4813,No,1742368756,0.01
0x969c6ba66e832cdbb56f9bef7d8f4ca98be6c006,No,1742368756,0.01
0xf8fb9316fa63e6401311ad1c861a569087ba3f60,No,1742368756,0.01
0x529070265656213bd739d9cfda525a31fd353b1a,No,1742368756,0.01
0x38d8c1e466dd5889cc8b029394f7dabd55a2e232,No,1742368756,0.01
0x64b1a10f3244a6803ee32902bb3f9d267b6577f7,No,1742368756,0.01
0xa147ad7eec422919920835011d47b51088bc606b,No,1742368756,0.009
0x6e5191412f7d8fa741285a2f852aad0e00810140,No,1742368756,0.009
0xe2515fa79dbab71d1b015dc5cea40a4d795be9cb,No,1742368756,0.009
0x4e35004054b9195fab156c1b9307e9b569a5b930,No,1742368756,0.008
0x8d85878ca04fe8eee31dcbf53a2aed86b379c93a,No,1742368756,0.008
0x4ef83cb2e76f460431921111a166a3acd8af8c06,No,1742368756,0.008
0xa53158c126a6734db171f965d9abf66ce37f02fa,No,1742368756,0.008
0xfc91d4275995db19d0bb9017ba667325ecdd8741,No,1742368756,0.007
0x79889e8cf01f940ac0773acfd019770547e54e20,No,1742368756,0.007
0xb475f0220afbeb603b287867e4429abe81041472,No,1742368756,0.007
0x26ad67c86e5693f8033766f589b868d2fe51496d,No,1742368756,0.007
0xab5937b9b3be8a568943617dfcbd9d55717c32ec,No,1742368756,0.006
0x63e85080e96f90a7d5ed5666985f35b953fe9dcb,No,1742368756,0.006
0xf01afb9d83006ba5a12267ea8595836e086305e9,No,1742368756,0.006
0x4eb299568aefa4de18136f52ba1564a2ccf28158,No,1742368756,0.005
0x862a146180343638f12137084ac2fd7cc7a47224,No,1742368756,0.005
0x1f39522caa631768b73d1ed8c8ca0eca8f543e85,No,1742368756,0.005
0xb2a2ce3d9be9fc12c98fff2a1c358277be66aa66,No,1742368756,0.005
0x0e44ff4b3ddfaa45dba672cadd5db41d080d6c11,No,1742368756,0.005
0x1cca18430fa4ab078b8df5fd2e7a84ffd3858313,No,1742368756,0.005
0x134e71213b9d480c5df2b0a6916bec0eadcea8e6,No,1742368756,0.004
0x55aa033bcbf561910503609f2a30f0cc6eba11ab,No,1742368756,0.004
0x790ddaa427923debe85932e6984f651fae7d832f,No,1742368756,0.004
0x3ae4972c49f2634c3753c186a1b68ed72d404ddf,No,1742368756,0.004
0x217d57904fc911d97fec7d323820bc312fb135d0,No,1742368756,0.004
0x9e042629bad86c08bd29b56a53917d1527bb63c9,No,1742368756,0.004
0x8e0b3c2d675013e7ca84dfc044678133a6b7a36c,No,1742368756,0.004
0xc9fdc4e87eff1a29bccbada939c6aca7590e1660,No,1742368756,0.004
0x278371008525f4b50547166da389b5fdb8ebce8e,No,1742368756,0.004
0x7bc86a45410bd01a9c2c11c2b23b2afb2617f3ff,No,1742368756,0.004
0x83cccdd523e02d44d229b2b2ee59d69d3af03dd8,No,1742368756,0.003
0x34c263a565157c2c0fefda9c7d205fdbea8ee2ee,No,1742368756,0.003
0x9dadf18c8aec2a80be1473935b5b710b9ac6eaa2,No,1742368756,0.003
0x229fd33073a9bfbea6214a71404ae86eec6eaa3f,No,1742368756,0.002
0xaa673648a822fcf4b143312b85f773f1d1b9f773,No,1742368756,0.002
0x1404ee36a48b524159412da85e7a7d2a7bcef935,No,1742368756,0.002
0x949fd3a64f44b80bb13db2b6af0fabfcf727d354,No,1742368756,0.002
0x956b2e01e38e6a8db2de1e475f55886d51dc4fdf,No,1742368756,0.001
0x369493e33459d16ed0119526d08152b684e03c63,No,1742368756,0.001
0x1889af068f61c4376e337913bf4728ea20dff7a0,No,1742368756,0.001
0x49a8a44fc8ae002e096fba030791d3a3b7c008a6,No,1742368756,0.001
0xa989c0063511a9c773402c6e17d666da7c00f2b2,No,1742368756,0.001
0xe24f35fcc986f94d4cd7c93920a62bafae497db1,No,1742368756,0.001
0x56cf0ff00fd6cfb23ce964c6338b228b0fa76640,No,1743078525,"679,754.238"
0x334f12afb7d8740868be04719639616533075234,No,1743078525,"104,013.073"
0x7b2e78d4dfaaba045a167a70da285e30e8fca196,No,1743078525,"95,728.674"
0xfe13988736d95d052c2e45e5b4e1ef2e2750b7f4,No,1743078525,"91,845.617"
0x874e2b0af4570baf5d116f95744e2d1e5fb7dbb3,No,1743078525,"85,262.048"
0xe1d14a9f4679465a765364ea2fe32f5c38d38f5b,No,1743078525,"59,514.269"
0x04a9edd12ed304efb5e5fe83109a65e8e84799c3,No,1743078525,"51,985.549"
0x2a7fc2c27546deaf1723dbc4e30e162941932450,No,1743078525,"31,762.542"
0x2ff064d951996c9fe70d6ba22d8684f37b2e24ec,No,1743078525,"19,338.86"
0xaa36deb402ccf0fee2aa09974552154a9564ae20,No,1743078525,"17,315.097"
0x8dff5ee9e094be20d2cd1bea46d6e1fe6c10c669,No,1743078525,"13,754.783"
0xa78677de2d0b9bf26488bb470ee3e8276b8ba509,No,1743078525,"13,735.79"
0x9afd4d90c7ba73aa68e24b14223c8c43c677505d,No,1743078525,"13,223.733"
0xb95d9b1bcb514cbb31fea317f472bf4858231f7e,No,1743078525,"10,946.145"
0x7571bb9487211f09624fbfa71134e255c1699b69,No,1743078525,"7,631.43"
0x6464dd204ead251e0d767d60640cafc0c02a06de,No,1743078525,"4,581.284"
0x35a22f96e541f395a319a321f20d739021e7c8c8,No,1743078525,"4,571.482"
0x9eb6d10f75b364662313ee3099173dc3ac4048c9,No,1743078525,"3,944.675"
0xd18f8e0eff764a18f7d70c6c84340338dc79d9ff,No,1743078525,"3,679.806"
0x745c611731dabbf4db50707f95d9eb4eb3258877,No,1743078525,"2,559.929"
0xa999ac5c4a1178b07adf249a7e48d2c7aec19d3d,No,1743078525,"2,343.75"
0x900f2feaf13d922c56fbf8895b510df027d0443a,No,1743078525,"1,907.434"
0x7adba6c27fa12ec222690405a421bca26165d6e3,No,1743078525,"1,886.373"
0xdfd13dcf4f90fa97057a34c512c9517de789c826,No,1743078525,"1,777.822"
0xe082bda07536420401187ba7225ff5f56c30998b,No,1743078525,"1,246.464"
0x67ab5b66debc3217105ab356a219137a0bc07d3a,Yes,1743078525,"1,116.596"
0x95cde8b6ebddf03f5bd4ecc82a74664cd72cd87c,No,1743078525,"1,006.409"
0x3f5bd70412cccb1516c8970c3e5a5873a45b9934,No,1743078525,990.199
0x60abacfaa6f3bd4072707fce6f4eaaaae414847b,No,1743078525,678.157
0x7acd208c00d3f6da3581192d981d6985bab5287d,No,1743078525,677.658
0xb4b04564f56f4795ea4e14d566af78da54a99980,No,1743078525,657.518
0xd8ad1fea3fb40671a2ed0fd17f4f196a4be75fb4,No,1743078525,561.644
0xbac525271fcf4deed00380e70b0c20ff1121d755,No,1743078525,528.596
0xe358a8b6c3babecb22919c863296401919e520be,No,1743078525,489.963
0xe1d93f9a4982cf170baddf711ac93a9e10b1ec1e,No,1743078525,459.871
0xa5ac847fc0e14223395778d216f58501f138e9a2,No,1743078525,427.405
0xfe3e4266c02fe56af770c080010a927da08bbcc2,No,1743078525,422.256
0x4a33863614b5c8f851917f3746ec2cc2a51ea46e,No,1743078525,385.949
0xec9048b59b3467415b1a38f63416407ea0c70fb8,No,1743078525,371.982
0x45a22924a6353058d383583c940a16e75cda155a,No,1743078525,357.853
0x9fd1e583b7c9a56b2c36fb67a03872d749341a43,No,1743078525,342.553
0xe18ff9d58b4deb8c17ccba79a87fbed548ab06b3,No,1743078525,335.741
0x212cee1b89ad0ad359be0cc4d210948536af32cc,No,1743078525,331.198
0x59fe26a06a036e487a3e8218786e8512362f37df,No,1743078525,320.332
0x4008f34b31204155ac77fc97c3f458c052672531,No,1743078525,309.393
0x983ced6e1d35718122f0b1f9b4eafc04185c1130,No,1743078525,242.695
0x20b69fda9379c8ae82cb78ea71d4d9e740e88196,No,1743078525,225.974
0x41222737c2dade698e5d1670fa25276674d1e522,No,1743078525,221.069
0xa83935efd1d09dbd0e09021036b6b79b211baf65,No,1743078525,211.66
0x79ef6a46fb8ab365ae15613496ca3e5619edb5ad,No,1743078525,211.638
0x5e7b645d5bf86750cb1913122ba8a8545e2a9fd1,No,1743078525,205.221
0xe4a982fa1f1e8ad1af238a7b1226b13b56bf5ccd,No,1743078525,195.469
0x5c16873795d083fab71d4cbf5b073d22cf38f659,Yes,1743078525,194.042
0xdfbb4c382f29dc431356c1fb3e4bb73790f0fae4,No,1743078525,182.018
0x7db90e374edd104077abcbed45d7117f734777a3,No,1743078525,178.547
0x33d10de1e65e6193044e277a77c3fd02d59b1c3f,No,1743078525,161.364
0xbc9e9f2a49ea0f0619f79c0a0d8b4a19ba79cba7,No,1743078525,153.001
0x494c439ef103f87b4d8f6b475cdbb8d07f940ff0,No,1743078525,150.73
0x6687c671980e65ebd722b9146fc61e2471558dd6,Yes,1743078525,148.883
0xd08c3627600c05e979ae936686736e602c8e6bb2,No,1743078525,148.465
0xa6e28a1c053295cc34d335efb5801d82204d8922,No,1743078525,147.638
0x923bfbcf199afcdf2071d60a811132ce4b747984,No,1743078525,113.159
0xd6a2a456b48836f38ace550c59c421ca24f1681a,No,1743078525,112.374
0x35d3cbcf2d75c82febfddf69b01d2dd78fd780eb,No,1743078525,102.344
0x9008d19f58aabd9ed0d60971565aa8510560ab41,No,1743078525,84.453
0x165604b4240a6970acc4dfe314938e0361b0166d,No,1743078525,78.403
0x56e665674d26a3ec69ea0e27f001d42481f7ff53,No,1743078525,78.171
0xb7f2947c23c18eb67141829014472df9244f6f9b,No,1743078525,51.385
0x447b68dc638a582612b3f1443538211665461949,No,1743078525,47.998
0x187e0966046da5b110fdc986c9b94bd8416837af,No,1743078525,44.931
0x0a2a2e54997f5e32b70b3c294172bec86c747dd7,No,1743078525,41.991
0xc978f4364c03a00352e8c7d9619b42e26b6424ab,No,1743078525,36.51
0xfc9dcba32cc3c86cef07e69c3fae630db2785a9e,No,1743078525,25.131
0xa7bd30c73549c7948e2ef5d46215a5ce95275b98,No,1743078525,24.395
0xc58598141a72db365e8ecd4d740a191913551d0f,No,1743078525,22.477
0xab06ff77044db8a5a48f1b49833d87abfaebad09,No,1743078525,21.899
0x97e55df556254ddb9298abb16307c5c378b74cca,No,1743078525,20.988
0x1e3ec1e5cd9c91c32cd676b7026a327298d54d60,No,1743078525,19.99
0x159d726ab894970fb32387ae9cb072111fd4508e,No,1743078525,17.878
0x131cf758d9ef6bca88928442dc715c8fdc113952,No,1743078525,17.325
0x41cd6228341ea33e8d9659f09bf0e5aadc54c5e7,Yes,1743078525,16.915
0x59512422af0709c7cab8285838975cd8d7c7ce7d,No,1743078525,15.547
0x6428178a1324896bd8ea897565d909945da33ee9,No,1743078525,14.342
0x7809f0e94e247143313b97b02f8411bd41540677,No,1743078525,13.191
0x89c4acb8b5b5b8e5b2121934b9e143569a914c80,No,1743078525,10.942
0xae25817e57d1be8c2c60ba911300f4fc45a9f8cb,No,1743078525,10.924
0x5ed3339ab4e90855ddb7f9e2905253e9d2ab59ed,No,1743078525,9.421
0xef4d9e1f4e9e2dd9e747b53f4be3d04bfa935f2d,No,1743078525,8.789
0xf28a1ff4cd9b579b55195cb9528ef8f7a8b10a33,No,1743078525,7.508
0x470ba0f3bc80d88d3cd9cfd28dd125da0e545993,No,1743078525,7.433
0x461cbd5765360733a02d4571591d54c8b8a517ea,No,1743078525,7.133
0xf9c729054ed9691884a19334098378b399b469ea,No,1743078525,7.019
0x5ae31b437851b57a491603d6c7a845b61c88f1f5,Yes,1743078525,6.989
0xdbd5e2bf0e87a6361bd0b587cc4c0b3fcf5dc259,No,1743078525,6.758
0xb1998487b4cd187b4c4d1ad81a957ccbc10a0f85,No,1743078525,6.152
0xde2a93da4b0a34b878e00718f6e079e022f276f1,No,1743078525,6.039
0x29f3c8b6a90f10f96f269495f4af184c0988a594,No,1743078525,5.628
0x111f08c1e58ad604f6fdc5b1d0d3dd9a89d0dc2f,No,1743078525,5.609
0x0c4f8ccbb4cf9c2ee568e33f21c807b1931726e4,No,1743078525,5.256
0x23069f1978fe4d6ec88bf0b84bca2b39d3b285e1,No,1743078525,4.964
0xed6818c68496aff31f6064c880aa235ab99b3acb,No,1743078525,4.831
0x71044ae277bac65c4dfcd598d07a60fc6810fb8e,No,1743078525,4.667
0xca5c758a8b9892a3e1b745f2039efa9491c18f7a,No,1743078525,4.206
0x5bd07249115373c2f069da83592706fac4e70c66,No,1743078525,3.827
0x5d4adb6eca975bab50d2490ccdfe5d9cd1bf4882,No,1743078525,3.756
0x38ef098f74393d219d92c5112055e618c6bde2d7,No,1743078525,3.755
0x725bcf16bae966975170c4d98e646a518ae071d3,No,1743078525,3.333
0x55aae08c2913c4b582f860031e3afdc2ca0ba063,No,1743078525,3.161
0x9f1ae497afad289aa370f3f4ad038bc5e35f3c27,No,1743078525,2.789
0x801c4b062ccb8c7aee03fddfd14e3ff563e0e966,No,1743078525,2.719
0x245bd6b5d8f494df8256ae44737a1e5d59769ab4,No,1743078525,2.712
0xefb8e220f012241a00f5dae4a5b2c473a742a63a,No,1743078525,2.578
0x717f0a9ee93fde2ae196b61b51fda5b892c02b3d,No,1743078525,2.545
0xc9534a59ef121516e5e1aead8d45d151e768e216,No,1743078525,2.459
0xd27cd4e2c3f168dbf9b4cfcd82664480973151e9,No,1743078525,2.269
0x6bb0bed604c3c43bb53b9fda53e431c982fc01be,No,1743078525,2.252
0xbd12aa424c207e90b66402c1f0aec357e8b1ded7,No,1743078525,2.228
0x8d831a71dd552ae2657d2c8ee4ceceb86a3dd779,No,1743078525,2.228
0xdfc2ad6492faa517b5572f9fa61716d4f9d121ed,No,1743078525,2.213
0x591f5162547dff90c185271726a5eb540d1395de,No,1743078525,2.123
0xe5c3aabac09838405b82b10b4ddae5a48ae57f9d,No,1743078525,2.114
0x9026a44fb446da394f5810fdb4708a7879cebe34,No,1743078525,2.096
0x96103652ef1d66d7a8f3b66060d126d82a456f47,No,1743078525,2.056
0x1afbcd54aff10fdf0c2e7de4cde86b3e75a3e4e7,No,1743078525,1.964
0x978a89b0178ea8054a99f5bddb0081ea6a3c27c3,No,1743078525,1.934
0xe5d067d8634e109c077192c34c972a10ee6fc731,No,1743078525,1.876
0x9e979ffff022bbbe891fb64c1cfc61e4447d049a,No,1743078525,1.818
0x4518cd6f9cd1085d0cc1eed7c8b3bcd98afafcd9,No,1743078525,1.818
0x28abd3190674dc57e4d3bebeec22f78d121810d5,No,1743078525,1.818
0x1f5fae0615ee87196f229ea19d726d58846bdc0e,No,1743078525,1.818
0x4d6caa3e0983fac7b514d60339ebb538c5a85aae,No,1743078525,1.818
0x25124024390ac79659ed699b087a3e748686df7b,No,1743078525,1.818
0x6fdb1e4206d119555c3ac61ac20c76eb818fa567,No,1743078525,1.818
0xcba986c46f6908be6ee07bf868bb812978c32e08,No,1743078525,1.818
0x9e8b306eea4d50090ac0af1eeac79fcd531eb159,No,1743078525,1.818
0xf94bfbd175219331f9ff323ea703ebd2a05fd33a,No,1743078525,1.818
0x001fe2cdbeeb0743679e958c0861dd8788b28b19,No,1743078525,1.818
0xf035561dce033ded865e15e69db06cffc88d9213,No,1743078525,1.818
0x9d9e26932d012b2ab21b974fe1552f4025b1e1cc,No,1743078525,1.818
0xe5dd78c224f26e306c84a9b1aa2def30bdf15835,No,1743078525,1.818
0x6841ccc2fa23efe3bbe98492f026756479e4a4ec,No,1743078525,1.818
0xd2c04f656448e78b178d6cc3b2ccf91de6ae7f39,No,1743078525,1.818
0x9fbcbfdc3c66562113daba8b501d0d7d55e84688,No,1743078525,1.818
0xf8d97b0de945bb3ec6d634e0fdc48b6a3b9fcb1f,No,1743078525,1.818
0xa63cb29de16607dd5ac18b6cb65bead58d04ac25,No,1743078525,1.818
0x8f8be6f1eac8432e3f0e460402fcb358311a86d4,No,1743078525,1.818
0x68c0dd2b5a5df00bca4f7df8ca9b1425fe817728,No,1743078525,1.818
0x23d2874d56bba76af9866604c76fc5347058aad7,No,1743078525,1.818
0x29397b5b81579504c446e8e86c88196491be5ec5,No,1743078525,1.818
0x8d4d39d2e3104876a0c5fa11efe02597613d2a79,No,1743078525,1.818
0x0eb682c54bb74e0fb37894e4f0b02127e5fb865f,No,1743078525,1.818
0x9ac5f8c48ade024a006206ca5ebd06f275f243ec,No,1743078525,1.818
0x4ca2a670bd5505b870b21331a53d9bb4ae6e2084,No,1743078525,1.818
0x1520ab7dd2ca282fca2810cb7df071c9de3e2f5c,No,1743078525,1.818
0x31287a933b2e153654105013d595dcbd6664fcf9,No,1743078525,1.818
0x7cd192ff8e2e3e5bf8b5e85f858c0f83e22f771d,No,1743078525,1.818
0xd2946cb43fd692f8776be5c91dc523aa3fe69f1d,No,1743078525,1.818
0x56f446074d3dc521786ea456e725775819e260cb,No,1743078525,1.818
0xe6a46ea30a1ef48e8ab2179a203c137702147073,No,1743078525,1.818
0x84d766fb6c86dd8983e5cab3d17e6630c278277e,No,1743078525,1.818
0xe69d81fad86ac5295a1261930c19e7ad009aa52e,No,1743078525,1.818
0xc7b6717c5c30a5645ba308afd2b0df42b850d8e3,No,1743078525,1.818
0xc7baf12d871f26b09dfa61a6e9e3b2eaef7a159a,No,1743078525,1.818
0xe3cd70be09c3a45b73ff5d7cfe37f8b5309ebbdc,No,1743078525,1.818
0x09a2aa22db9f97aabd3da897b156d944c8c50e0f,No,1743078525,1.818
0x75f04fbf12ed979873db692eab1a904abe1e2f32,No,1743078525,1.818
0x409ad638c059375de57d455b78520470ed13f282,No,1743078525,1.818
0x8c0733ba6295af19ae294c19b34e7d163acc7197,No,1743078525,1.818
0x75202586d58c8d2ed726b4abdcda3ecdd91c1e34,No,1743078525,1.818
0x91dc3d24895bb29033cbbf48ed6b5f7b0510d83c,No,1743078525,1.818
0x1d6b8e5fa836c7d5846fb76f188b008c10b67ba5,No,1743078525,1.818
0x5bf79c7bf66a6aa75f4fef4004bc7d527fdf8250,No,1743078525,1.818
0x74aadf1281a7f5546e13f17de5101a310a33bf3f,No,1743078525,1.818
0x683132fe975fac296f21919d625a94a4a86f6fa6,No,1743078525,1.818
0xb7806b30034cc8d13390aa0b713dc0c326cd4358,No,1743078525,1.818
0x31a026bbd8ddc0f95ad827c17c37c0d8fc25d3ff,No,1743078525,1.818
0x4ddcdfbef53747089cab9d775aa461e7a088ff3c,No,1743078525,1.818
0xd50ea36556e1c9abece88a1d9ad5b38261ab515b,No,1743078525,1.818
0x79cda2b2fa8b3c080da06ddce3416b8e4b7c1b14,No,1743078525,1.818
0x0182518980f999ad0c9527d864c15492ab3beeae,No,1743078525,1.818
0x9ac0605353f447a49845365ded45fc57e609a319,No,1743078525,1.818
0xd51aea4a4ba241ded4112c017d73c976a967139f,No,1743078525,1.818
0x3975f79ce2cae19b8d4d5e1f4b134e241bf6f10a,No,1743078525,1.818
0x327c7b1e4bcaa69afa029f042dda3722e3ed74c1,No,1743078525,1.818
0x15923b51ecc5de696d67a85d2a493908c750b237,No,1743078525,1.818
0xaeeb3b86314009f5ee315c49414646a1f5709d1c,No,1743078525,1.818
0x441e1e47a6fa2dbfd3cd9b54291e9ab3a58d7975,No,1743078525,1.818
0x82b1c5ffa4fe976869b4156c90073a8b719d671a,No,1743078525,1.818
0xb9385eb2b944370adcdc22af45ace6140bda6225,No,1743078525,1.818
0x380e7360085407892f33da521dfb01da82b5f2be,No,1743078525,1.818
0x1ce34e220bd710d1a84a135f345b650cc7770e9f,No,1743078525,1.818
0xeaf1eb60c3359b12d501d23a372256846ddbff8d,No,1743078525,1.818
0x68bf9733a1b5688feb430b1d200b2299c74885b1,No,1743078525,1.818
0x9c1a52b599cf652701b41bf137ae022a894b5ea3,No,1743078525,1.818
0xc0dd5675528d8d9f05afe601df6ebda59e2a6733,No,1743078525,1.818
0x41aeb883a0073527e5f5653423cbd59339154a72,No,1743078525,1.818
0x431f2b6e43bed4d845ac5d9b5d030dfc8987691d,No,1743078525,1.818
0x6bc8679c27b49cc4be2c8faf9906bc0465727cf3,No,1743078525,1.818
0x5ac691d7b535cbb755de910123c656ac407f6f29,No,1743078525,1.818
0xf7d7d7dacb1215fba1f6cdd1361092796680cf4f,No,1743078525,1.818
0xa7e93f5a0e718bddc654e525ea668c64fd572882,No,1743078525,1.728
0x9f22ac105351964957b649f562c4a41268965382,No,1743078525,1.716
0xece039bd21e3910187af408909b6529c629ec8e5,No,1743078525,1.526
0x3cbbdc5e6b615eaf094d41fd0f4422c72bcbe8ff,Yes,1743078525,1.502
0x224623eeb6fadb6ff76f5be4b570ee06ee282868,No,1743078525,1.454
0xef364e390ff3f326e3153d0b9c4b944db42155e5,No,1743078525,1.394
0x90dafb210c44f4b72e591e7e2f583154290e5d83,No,1743078525,1.12
0xeb77a109a1adb1835f6f52a5da8055448e65b1e5,No,1743078525,1.023
0x10c895bf7d9f895cd648448d35f89b23b15dd1a5,No,1743078525,0.947
0x51e14dcb7d6ed4d5fcb62143636df837a2437db3,No,1743078525,0.902
0xd2a6017179968d65ea6efaaea6f19d60e78314af,No,1743078525,0.832
0x04c1d8ca275434bdc1697eda44d1cade92459b34,No,1743078525,0.752
0x9e4439fcf15fae67bd01a590e468912cb70b9c91,No,1743078525,0.727
0xde1f8a73aac5a18a04395b40fc6eee093964faf4,No,1743078525,0.565
0xb972788fd94972d673eb3af068df1dfe11a2ec37,No,1743078525,0.563
0x2933a9010fa10368113d9e4071ddf8c6adcd81d2,No,1743078525,0.56
0xa7cac6d048d42c48470cb93307e6898356a13320,No,1743078525,0.51
0x32aaba58de76bdba912fc14fcc11b8aa6227aee9,No,1743078525,0.5
0x85c6737ada32ed46066f45d28a612b7647c66410,Yes,1743078525,0.364
0x33a0b5d7da5314594d2c163d448030b9f1cadcb2,No,1743078525,0.364
0x7ba8868efcc2f04bf9d1a9445d7843d7ae5dd1b4,No,1743078525,0.364
0x5700f03f87db485fdb90e18b3100f00b235886f1,No,1743078525,0.355
0xc7b072b4368e7a221a2de74dac549edcef34cfa3,No,1743078525,0.339
0xfd1af514b8b2bf00d1999497668bff26ccdf4c8a,Yes,1743078525,0.324
0x206c5915856ef684d9f816f3747224c853933115,No,1743078525,0.32
0x031778c7a1c08787aba7a2e0b5149feb5decabd7,No,1743078525,0.308
0x4bb51eb3588358ba59e005b4c5474a2cff7355b7,Yes,1743078525,0.305
0x478189dc3905a08e456c348905c1e5b03de8023d,No,1743078525,0.293
0x911d9369874711363dd5ea1aa7a4d1d089b595a4,No,1743078525,0.278
0xe7f13052fe2ba7d038dac18de5e730542e3979bc,Yes,1743078525,0.204
0x3b33e186573649c9a6c6380f45246c516c150ee1,No,1743078525,0.204
0xb1b5296bcc9f9de90a676d36485cb30ecc46f900,No,1743078525,0.204
0x1a15c730fe686ecf8ba44e3f9b21d5389b55bfbf,No,1743078525,0.204
0xd74f45334c0a754e8d834e1990dab588cdb39140,No,1743078525,0.204
0xcf3c78a77ff01b451a21301a522c48b92a029e70,Yes,1743078525,0.179
0x70b0e653e50eff0109ba6b3b3d4f15453e49d311,No,1743078525,0.175
0x6555032a163641b5f7c9ba32f9543acef7a1559c,No,1743078525,0.146
0x07dd329293000003a159153f6ed12ff7c3a23981,No,1743078525,0.109
0x3a42263bd22fa189072d06169a47ecfce955715f,No,1743078525,0.078
0x541ef672f9d8626090ec6699c2a35f29742152a5,No,1743078525,0.072
0x6224dd3b4757446de11fca940400c162eb313757,No,1743078525,0.061
0xf2a38230ea2e92db69aa520182f368ceec2ed4cd,No,1743078525,0.061
0x6b5e43cccab7cb3f45200d2a38c47a269dd011a8,No,1743078525,0.058
0x3879e62972ec43713d296cfd5a9751b351269cf1,No,1743078525,0.05
0x409caec195e72ede0b27e4deb55524424c5d54a9,No,1743078525,0.034
0x892bef8fe252b1678cdb581822727c2d4537826b,No,1743078525,0.033
0x2535c1d30f861cc09ddb961ddd14cc15a6ca4641,No,1743078525,0.029
0x8b20880fbc214a5eb74ecee679c8971149a45415,No,1743078525,0.026
0x16e2e9b9e6c097be009c0b10f8e78f4de99461be,No,1743078525,0.024
0xe2a0c03b1e7a698b63c9f7cf7c37eff577e890a7,No,1743078525,0.012
0x7d3a0da18e14ccb63375cdc250e8a8399997816f,No,1743078525,0.012
0xcc37ac58c61e76b941ae31beb93f819592139913,No,1743078525,0.01
0x1eb7458ae2d2509691de3514870c543bf1ba4813,No,1743078525,0.01
0x969c6ba66e832cdbb56f9bef7d8f4ca98be6c006,No,1743078525,0.01
0xf8fb9316fa63e6401311ad1c861a569087ba3f60,No,1743078525,0.01
0x529070265656213bd739d9cfda525a31fd353b1a,No,1743078525,0.01
0x38d8c1e466dd5889cc8b029394f7dabd55a2e232,No,1743078525,0.01
0x64b1a10f3244a6803ee32902bb3f9d267b6577f7,No,1743078525,0.01
0xa147ad7eec422919920835011d47b51088bc606b,No,1743078525,0.009
0x6e5191412f7d8fa741285a2f852aad0e00810140,No,1743078525,0.009
0xe2515fa79dbab71d1b015dc5cea40a4d795be9cb,No,1743078525,0.009
0x4e35004054b9195fab156c1b9307e9b569a5b930,No,1743078525,0.008
0x8d85878ca04fe8eee31dcbf53a2aed86b379c93a,No,1743078525,0.008
0x4ef83cb2e76f460431921111a166a3acd8af8c06,No,1743078525,0.008
0xa53158c126a6734db171f965d9abf66ce37f02fa,No,1743078525,0.008
0xfc91d4275995db19d0bb9017ba667325ecdd8741,No,1743078525,0.007
0x79889e8cf01f940ac0773acfd019770547e54e20,No,1743078525,0.007
0xb475f0220afbeb603b287867e4429abe81041472,No,1743078525,0.007
0x26ad67c86e5693f8033766f589b868d2fe51496d,No,1743078525,0.007
0xab5937b9b3be8a568943617dfcbd9d55717c32ec,No,1743078525,0.006
0x63e85080e96f90a7d5ed5666985f35b953fe9dcb,No,1743078525,0.006
0xf01afb9d83006ba5a12267ea8595836e086305e9,No,1743078525,0.006
0x4eb299568aefa4de18136f52ba1564a2ccf28158,No,1743078525,0.005
0x862a146180343638f12137084ac2fd7cc7a47224,No,1743078525,0.005
0x1f39522caa631768b73d1ed8c8ca0eca8f543e85,No,1743078525,0.005
0xb2a2ce3d9be9fc12c98fff2a1c358277be66aa66,No,1743078525,0.005
0x0e44ff4b3ddfaa45dba672cadd5db41d080d6c11,No,1743078525,0.005
0x1cca18430fa4ab078b8df5fd2e7a84ffd3858313,No,1743078525,0.005
0x134e71213b9d480c5df2b0a6916bec0eadcea8e6,No,1743078525,0.004
0x55aa033bcbf561910503609f2a30f0cc6eba11ab,No,1743078525,0.004
0x790ddaa427923debe85932e6984f651fae7d832f,No,1743078525,0.004
0x3ae4972c49f2634c3753c186a1b68ed72d404ddf,No,1743078525,0.004
0x217d57904fc911d97fec7d323820bc312fb135d0,No,1743078525,0.004
0x9e042629bad86c08bd29b56a53917d1527bb63c9,No,1743078525,0.004
0x8e0b3c2d675013e7ca84dfc044678133a6b7a36c,No,1743078525,0.004
0xc9fdc4e87eff1a29bccbada939c6aca7590e1660,No,1743078525,0.004
0x278371008525f4b50547166da389b5fdb8ebce8e,No,1743078525,0.004
0x7bc86a45410bd01a9c2c11c2b23b2afb2617f3ff,No,1743078525,0.004
0x83cccdd523e02d44d229b2b2ee59d69d3af03dd8,No,1743078525,0.003
0x34c263a565157c2c0fefda9c7d205fdbea8ee2ee,No,1743078525,0.003
0x9dadf18c8aec2a80be1473935b5b710b9ac6eaa2,No,1743078525,0.003
0x229fd33073a9bfbea6214a71404ae86eec6eaa3f,No,1743078525,0.002
0xaa673648a822fcf4b143312b85f773f1d1b9f773,No,1743078525,0.002
0x1404ee36a48b524159412da85e7a7d2a7bcef935,No,1743078525,0.002
0x949fd3a64f44b80bb13db2b6af0fabfcf727d354,No,1743078525,0.002
0x956b2e01e38e6a8db2de1e475f55886d51dc4fdf,No,1743078525,0.001
0x369493e33459d16ed0119526d08152b684e03c63,No,1743078525,0.001
0x1889af068f61c4376e337913bf4728ea20dff7a0,No,1743078525,0.001
0x49a8a44fc8ae002e096fba030791d3a3b7c008a6,No,1743078525,0.001
0xa989c0063511a9c773402c6e17d666da7c00f2b2,No,1743078525,0.001
0xe24f35fcc986f94d4cd7c93920a62bafae497db1,No,1743078525,0.001
0x56cf0ff00fd6cfb23ce964c6338b228b0fa76640,No,1743460335,"679,754.404"
0x334f12afb7d8740868be04719639616533075234,No,1743460335,"104,013.073"
0x7b2e78d4dfaaba045a167a70da285e30e8fca196,No,1743460335,"95,728.674"
0xfe13988736d95d052c2e45e5b4e1ef2e2750b7f4,No,1743460335,"91,845.617"
0x874e2b0af4570baf5d116f95744e2d1e5fb7dbb3,No,1743460335,"85,262.048"
0xe1d14a9f4679465a765364ea2fe32f5c38d38f5b,No,1743460335,"59,514.269"
0x04a9edd12ed304efb5e5fe83109a65e8e84799c3,No,1743460335,"51,985.549"
0x2a7fc2c27546deaf1723dbc4e30e162941932450,No,1743460335,"31,762.542"
0x2ff064d951996c9fe70d6ba22d8684f37b2e24ec,No,1743460335,"19,338.86"
0xaa36deb402ccf0fee2aa09974552154a9564ae20,No,1743460335,"17,315.102"
0x8dff5ee9e094be20d2cd1bea46d6e1fe6c10c669,No,1743460335,"13,754.783"
0xa78677de2d0b9bf26488bb470ee3e8276b8ba509,No,1743460335,"13,735.79"
0x9afd4d90c7ba73aa68e24b14223c8c43c677505d,No,1743460335,"13,223.733"
0xb95d9b1bcb514cbb31fea317f472bf4858231f7e,No,1743460335,"10,946.145"
0x7571bb9487211f09624fbfa71134e255c1699b69,No,1743460335,"7,631.43"
0x6464dd204ead251e0d767d60640cafc0c02a06de,No,1743460335,"4,581.284"
0x35a22f96e541f395a319a321f20d739021e7c8c8,No,1743460335,"4,571.482"
0x9eb6d10f75b364662313ee3099173dc3ac4048c9,No,1743460335,"3,944.675"
0xd18f8e0eff764a18f7d70c6c84340338dc79d9ff,No,1743460335,"3,679.806"
0x745c611731dabbf4db50707f95d9eb4eb3258877,No,1743460335,"2,559.929"
0xa999ac5c4a1178b07adf249a7e48d2c7aec19d3d,No,1743460335,"2,343.75"
0x900f2feaf13d922c56fbf8895b510df027d0443a,No,1743460335,"1,907.434"
0x7adba6c27fa12ec222690405a421bca26165d6e3,No,1743460335,"1,886.373"
0xdfd13dcf4f90fa97057a34c512c9517de789c826,No,1743460335,"1,777.822"
0xe082bda07536420401187ba7225ff5f56c30998b,No,1743460335,"1,246.464"
0x67ab5b66debc3217105ab356a219137a0bc07d3a,Yes,1743460335,"1,116.596"
0x95cde8b6ebddf03f5bd4ecc82a74664cd72cd87c,No,1743460335,"1,006.409"
0x3f5bd70412cccb1516c8970c3e5a5873a45b9934,No,1743460335,990.17
0x60abacfaa6f3bd4072707fce6f4eaaaae414847b,No,1743460335,678.157
0x7acd208c00d3f6da3581192d981d6985bab5287d,No,1743460335,677.658
0xb4b04564f56f4795ea4e14d566af78da54a99980,No,1743460335,657.518
0xd8ad1fea3fb40671a2ed0fd17f4f196a4be75fb4,No,1743460335,561.644
0xbac525271fcf4deed00380e70b0c20ff1121d755,No,1743460335,528.596
0xe358a8b6c3babecb22919c863296401919e520be,No,1743460335,489.963
0xe1d93f9a4982cf170baddf711ac93a9e10b1ec1e,No,1743460335,459.871
0xa5ac847fc0e14223395778d216f58501f138e9a2,No,1743460335,427.405
0xfe3e4266c02fe56af770c080010a927da08bbcc2,No,1743460335,422.256
0x4a33863614b5c8f851917f3746ec2cc2a51ea46e,No,1743460335,385.949
0xec9048b59b3467415b1a38f63416407ea0c70fb8,No,1743460335,371.982
0x45a22924a6353058d383583c940a16e75cda155a,No,1743460335,357.853
0x9fd1e583b7c9a56b2c36fb67a03872d749341a43,No,1743460335,342.553
0xe18ff9d58b4deb8c17ccba79a87fbed548ab06b3,No,1743460335,335.741
0x212cee1b89ad0ad359be0cc4d210948536af32cc,No,1743460335,331.198
0x59fe26a06a036e487a3e8218786e8512362f37df,No,1743460335,320.332
0x4008f34b31204155ac77fc97c3f458c052672531,No,1743460335,309.393
0x983ced6e1d35718122f0b1f9b4eafc04185c1130,No,1743460335,242.695
0x20b69fda9379c8ae82cb78ea71d4d9e740e88196,No,1743460335,225.966
0x41222737c2dade698e5d1670fa25276674d1e522,No,1743460335,221.069
0xa83935efd1d09dbd0e09021036b6b79b211baf65,No,1743460335,211.66
0x79ef6a46fb8ab365ae15613496ca3e5619edb5ad,No,1743460335,211.638
0x5e7b645d5bf86750cb1913122ba8a8545e2a9fd1,No,1743460335,205.221
0xe4a982fa1f1e8ad1af238a7b1226b13b56bf5ccd,No,1743460335,195.469
0x5c16873795d083fab71d4cbf5b073d22cf38f659,Yes,1743460335,194.042
0xdfbb4c382f29dc431356c1fb3e4bb73790f0fae4,No,1743460335,182.018
0x7db90e374edd104077abcbed45d7117f734777a3,No,1743460335,178.547
0x33d10de1e65e6193044e277a77c3fd02d59b1c3f,No,1743460335,161.364
0xbc9e9f2a49ea0f0619f79c0a0d8b4a19ba79cba7,No,1743460335,153.001
0x494c439ef103f87b4d8f6b475cdbb8d07f940ff0,No,1743460335,150.73
0x6687c671980e65ebd722b9146fc61e2471558dd6,Yes,1743460335,148.883
0xd08c3627600c05e979ae936686736e602c8e6bb2,No,1743460335,148.465
0xa6e28a1c053295cc34d335efb5801d82204d8922,No,1743460335,147.638
0x923bfbcf199afcdf2071d60a811132ce4b747984,No,1743460335,113.159
0xd6a2a456b48836f38ace550c59c421ca24f1681a,No,1743460335,112.374
0x35d3cbcf2d75c82febfddf69b01d2dd78fd780eb,No,1743460335,102.344
0x9008d19f58aabd9ed0d60971565aa8510560ab41,No,1743460335,84.453
0x165604b4240a6970acc4dfe314938e0361b0166d,No,1743460335,78.403
0x56e665674d26a3ec69ea0e27f001d42481f7ff53,No,1743460335,78.171
0xb7f2947c23c18eb67141829014472df9244f6f9b,No,1743460335,51.385
0x447b68dc638a582612b3f1443538211665461949,No,1743460335,47.998
0x187e0966046da5b110fdc986c9b94bd8416837af,No,1743460335,44.931
0x0a2a2e54997f5e32b70b3c294172bec86c747dd7,No,1743460335,41.991
0xc978f4364c03a00352e8c7d9619b42e26b6424ab,No,1743460335,36.51
0xfc9dcba32cc3c86cef07e69c3fae630db2785a9e,No,1743460335,25.131
0xa7bd30c73549c7948e2ef5d46215a5ce95275b98,No,1743460335,24.395
0xc58598141a72db365e8ecd4d740a191913551d0f,No,1743460335,22.477
0xab06ff77044db8a5a48f1b49833d87abfaebad09,No,1743460335,21.899
0x97e55df556254ddb9298abb16307c5c378b74cca,No,1743460335,20.988
0x1e3ec1e5cd9c91c32cd676b7026a327298d54d60,No,1743460335,19.99
0x159d726ab894970fb32387ae9cb072111fd4508e,No,1743460335,17.878
0x131cf758d9ef6bca88928442dc715c8fdc113952,No,1743460335,17.325
0x41cd6228341ea33e8d9659f09bf0e5aadc54c5e7,Yes,1743460335,16.915
0x59512422af0709c7cab8285838975cd8d7c7ce7d,No,1743460335,15.547
0x6428178a1324896bd8ea897565d909945da33ee9,No,1743460335,14.342
0x7809f0e94e247143313b97b02f8411bd41540677,No,1743460335,13.191
0x89c4acb8b5b5b8e5b2121934b9e143569a914c80,No,1743460335,10.942
0xae25817e57d1be8c2c60ba911300f4fc45a9f8cb,No,1743460335,10.924
0x5ed3339ab4e90855ddb7f9e2905253e9d2ab59ed,No,1743460335,9.421
0xef4d9e1f4e9e2dd9e747b53f4be3d04bfa935f2d,No,1743460335,8.789
0xf28a1ff4cd9b579b55195cb9528ef8f7a8b10a33,No,1743460335,7.508
0x470ba0f3bc80d88d3cd9cfd28dd125da0e545993,No,1743460335,7.433
0x461cbd5765360733a02d4571591d54c8b8a517ea,No,1743460335,7.133
0xf9c729054ed9691884a19334098378b399b469ea,No,1743460335,7.019
0x5ae31b437851b57a491603d6c7a845b61c88f1f5,Yes,1743460335,6.989
0xdbd5e2bf0e87a6361bd0b587cc4c0b3fcf5dc259,No,1743460335,6.758
0xb1998487b4cd187b4c4d1ad81a957ccbc10a0f85,No,1743460335,6.152
0xde2a93da4b0a34b878e00718f6e079e022f276f1,No,1743460335,6.039
0x29f3c8b6a90f10f96f269495f4af184c0988a594,No,1743460335,5.628
0x111f08c1e58ad604f6fdc5b1d0d3dd9a89d0dc2f,No,1743460335,5.609
0x0c4f8ccbb4cf9c2ee568e33f21c807b1931726e4,No,1743460335,5.256
0x23069f1978fe4d6ec88bf0b84bca2b39d3b285e1,No,1743460335,4.964
0xed6818c68496aff31f6064c880aa235ab99b3acb,No,1743460335,4.831
0x71044ae277bac65c4dfcd598d07a60fc6810fb8e,No,1743460335,4.667
0xca5c758a8b9892a3e1b745f2039efa9491c18f7a,No,1743460335,4.206
0x5bd07249115373c2f069da83592706fac4e70c66,No,1743460335,3.827
0x5d4adb6eca975bab50d2490ccdfe5d9cd1bf4882,No,1743460335,3.756
0x38ef098f74393d219d92c5112055e618c6bde2d7,No,1743460335,3.755
0x5ae5c4bc5033cd7782b061f652bae25b8d790f6c,No,1743460335,3.461
0x725bcf16bae966975170c4d98e646a518ae071d3,No,1743460335,3.333
0x55aae08c2913c4b582f860031e3afdc2ca0ba063,No,1743460335,3.161
0x9f1ae497afad289aa370f3f4ad038bc5e35f3c27,No,1743460335,2.789
0x801c4b062ccb8c7aee03fddfd14e3ff563e0e966,No,1743460335,2.719
0x245bd6b5d8f494df8256ae44737a1e5d59769ab4,No,1743460335,2.712
0xefb8e220f012241a00f5dae4a5b2c473a742a63a,No,1743460335,2.578
0x717f0a9ee93fde2ae196b61b51fda5b892c02b3d,No,1743460335,2.545
0xc9534a59ef121516e5e1aead8d45d151e768e216,No,1743460335,2.459
0xba1333333333a1ba1108e8412f11850a5c319ba9,No,1743460335,2.338
0xd27cd4e2c3f168dbf9b4cfcd82664480973151e9,No,1743460335,2.269
0x6bb0bed604c3c43bb53b9fda53e431c982fc01be,No,1743460335,2.252
0xbd12aa424c207e90b66402c1f0aec357e8b1ded7,No,1743460335,2.228
0x8d831a71dd552ae2657d2c8ee4ceceb86a3dd779,No,1743460335,2.228
0xdfc2ad6492faa517b5572f9fa61716d4f9d121ed,No,1743460335,2.213
0x591f5162547dff90c185271726a5eb540d1395de,No,1743460335,2.123
0xe5c3aabac09838405b82b10b4ddae5a48ae57f9d,No,1743460335,2.114
0x9026a44fb446da394f5810fdb4708a7879cebe34,No,1743460335,2.096
0x96103652ef1d66d7a8f3b66060d126d82a456f47,No,1743460335,2.056
0x1afbcd54aff10fdf0c2e7de4cde86b3e75a3e4e7,No,1743460335,1.964
0x978a89b0178ea8054a99f5bddb0081ea6a3c27c3,No,1743460335,1.934
0xe5d067d8634e109c077192c34c972a10ee6fc731,No,1743460335,1.876
0x9e979ffff022bbbe891fb64c1cfc61e4447d049a,No,1743460335,1.818
0x4518cd6f9cd1085d0cc1eed7c8b3bcd98afafcd9,No,1743460335,1.818
0x28abd3190674dc57e4d3bebeec22f78d121810d5,No,1743460335,1.818
0x1f5fae0615ee87196f229ea19d726d58846bdc0e,No,1743460335,1.818
0x4d6caa3e0983fac7b514d60339ebb538c5a85aae,No,1743460335,1.818
0x25124024390ac79659ed699b087a3e748686df7b,No,1743460335,1.818
0x6fdb1e4206d119555c3ac61ac20c76eb818fa567,No,1743460335,1.818
0xcba986c46f6908be6ee07bf868bb812978c32e08,No,1743460335,1.818
0x9e8b306eea4d50090ac0af1eeac79fcd531eb159,No,1743460335,1.818
0xf94bfbd175219331f9ff323ea703ebd2a05fd33a,No,1743460335,1.818
0x001fe2cdbeeb0743679e958c0861dd8788b28b19,No,1743460335,1.818
0xf035561dce033ded865e15e69db06cffc88d9213,No,1743460335,1.818
0x9d9e26932d012b2ab21b974fe1552f4025b1e1cc,No,1743460335,1.818
0xe5dd78c224f26e306c84a9b1aa2def30bdf15835,No,1743460335,1.818
0x6841ccc2fa23efe3bbe98492f026756479e4a4ec,No,1743460335,1.818
0xd2c04f656448e78b178d6cc3b2ccf91de6ae7f39,No,1743460335,1.818
0x9fbcbfdc3c66562113daba8b501d0d7d55e84688,No,1743460335,1.818
0xf8d97b0de945bb3ec6d634e0fdc48b6a3b9fcb1f,No,1743460335,1.818
0xa63cb29de16607dd5ac18b6cb65bead58d04ac25,No,1743460335,1.818
0x8f8be6f1eac8432e3f0e460402fcb358311a86d4,No,1743460335,1.818
0x68c0dd2b5a5df00bca4f7df8ca9b1425fe817728,No,1743460335,1.818
0x23d2874d56bba76af9866604c76fc5347058aad7,No,1743460335,1.818
0x29397b5b81579504c446e8e86c88196491be5ec5,No,1743460335,1.818
0x8d4d39d2e3104876a0c5fa11efe02597613d2a79,No,1743460335,1.818
0x0eb682c54bb74e0fb37894e4f0b02127e5fb865f,No,1743460335,1.818
0x9ac5f8c48ade024a006206ca5ebd06f275f243ec,No,1743460335,1.818
0x4ca2a670bd5505b870b21331a53d9bb4ae6e2084,No,1743460335,1.818
0x1520ab7dd2ca282fca2810cb7df071c9de3e2f5c,No,1743460335,1.818
0x31287a933b2e153654105013d595dcbd6664fcf9,No,1743460335,1.818
0x7cd192ff8e2e3e5bf8b5e85f858c0f83e22f771d,No,1743460335,1.818
0xd2946cb43fd692f8776be5c91dc523aa3fe69f1d,No,1743460335,1.818
0x56f446074d3dc521786ea456e725775819e260cb,No,1743460335,1.818
0xe6a46ea30a1ef48e8ab2179a203c137702147073,No,1743460335,1.818
0x84d766fb6c86dd8983e5cab3d17e6630c278277e,No,1743460335,1.818
0xe69d81fad86ac5295a1261930c19e7ad009aa52e,No,1743460335,1.818
0xc7b6717c5c30a5645ba308afd2b0df42b850d8e3,No,1743460335,1.818
0xc7baf12d871f26b09dfa61a6e9e3b2eaef7a159a,No,1743460335,1.818
0xe3cd70be09c3a45b73ff5d7cfe37f8b5309ebbdc,No,1743460335,1.818
0x09a2aa22db9f97aabd3da897b156d944c8c50e0f,No,1743460335,1.818
0x75f04fbf12ed979873db692eab1a904abe1e2f32,No,1743460335,1.818
0x409ad638c059375de57d455b78520470ed13f282,No,1743460335,1.818
0x8c0733ba6295af19ae294c19b34e7d163acc7197,No,1743460335,1.818
0x75202586d58c8d2ed726b4abdcda3ecdd91c1e34,No,1743460335,1.818
0x91dc3d24895bb29033cbbf48ed6b5f7b0510d83c,No,1743460335,1.818
0x1d6b8e5fa836c7d5846fb76f188b008c10b67ba5,No,1743460335,1.818
0x5bf79c7bf66a6aa75f4fef4004bc7d527fdf8250,No,1743460335,1.818
0x74aadf1281a7f5546e13f17de5101a310a33bf3f,No,1743460335,1.818
0x683132fe975fac296f21919d625a94a4a86f6fa6,No,1743460335,1.818
0xb7806b30034cc8d13390aa0b713dc0c326cd4358,No,1743460335,1.818
0x31a026bbd8ddc0f95ad827c17c37c0d8fc25d3ff,No,1743460335,1.818
0x4ddcdfbef53747089cab9d775aa461e7a088ff3c,No,1743460335,1.818
0xd50ea36556e1c9abece88a1d9ad5b38261ab515b,No,1743460335,1.818
0x79cda2b2fa8b3c080da06ddce3416b8e4b7c1b14,No,1743460335,1.818
0x0182518980f999ad0c9527d864c15492ab3beeae,No,1743460335,1.818
0x9ac0605353f447a49845365ded45fc57e609a319,No,1743460335,1.818
0xd51aea4a4ba241ded4112c017d73c976a967139f,No,1743460335,1.818
0x3975f79ce2cae19b8d4d5e1f4b134e241bf6f10a,No,1743460335,1.818
0x327c7b1e4bcaa69afa029f042dda3722e3ed74c1,No,1743460335,1.818
0x15923b51ecc5de696d67a85d2a493908c750b237,No,1743460335,1.818
0xaeeb3b86314009f5ee315c49414646a1f5709d1c,No,1743460335,1.818
0x441e1e47a6fa2dbfd3cd9b54291e9ab3a58d7975,No,1743460335,1.818
0x82b1c5ffa4fe976869b4156c90073a8b719d671a,No,1743460335,1.818
0xb9385eb2b944370adcdc22af45ace6140bda6225,No,1743460335,1.818
0x380e7360085407892f33da521dfb01da82b5f2be,No,1743460335,1.818
0x1ce34e220bd710d1a84a135f345b650cc7770e9f,No,1743460335,1.818
0xeaf1eb60c3359b12d501d23a372256846ddbff8d,No,1743460335,1.818
0x68bf9733a1b5688feb430b1d200b2299c74885b1,No,1743460335,1.818
0x9c1a52b599cf652701b41bf137ae022a894b5ea3,No,1743460335,1.818
0xc0dd5675528d8d9f05afe601df6ebda59e2a6733,No,1743460335,1.818
0x41aeb883a0073527e5f5653423cbd59339154a72,No,1743460335,1.818
0x431f2b6e43bed4d845ac5d9b5d030dfc8987691d,No,1743460335,1.818
0x6bc8679c27b49cc4be2c8faf9906bc0465727cf3,No,1743460335,1.818
0x5ac691d7b535cbb755de910123c656ac407f6f29,No,1743460335,1.818
0xf7d7d7dacb1215fba1f6cdd1361092796680cf4f,No,1743460335,1.818
0xa7e93f5a0e718bddc654e525ea668c64fd572882,No,1743460335,1.728
0x9f22ac105351964957b649f562c4a41268965382,No,1743460335,1.716
0xece039bd21e3910187af408909b6529c629ec8e5,No,1743460335,1.526
0x3cbbdc5e6b615eaf094d41fd0f4422c72bcbe8ff,Yes,1743460335,1.502
0x224623eeb6fadb6ff76f5be4b570ee06ee282868,No,1743460335,1.454
0xef364e390ff3f326e3153d0b9c4b944db42155e5,No,1743460335,1.394
0x33a0b5d7da5314594d2c163d448030b9f1cadcb2,No,1743460335,1.125
0x90dafb210c44f4b72e591e7e2f583154290e5d83,No,1743460335,1.12
0xeb77a109a1adb1835f6f52a5da8055448e65b1e5,No,1743460335,1.023
0x10c895bf7d9f895cd648448d35f89b23b15dd1a5,No,1743460335,0.947
0x51e14dcb7d6ed4d5fcb62143636df837a2437db3,No,1743460335,0.902
0xd2a6017179968d65ea6efaaea6f19d60e78314af,No,1743460335,0.832
0x04c1d8ca275434bdc1697eda44d1cade92459b34,No,1743460335,0.752
0x9e4439fcf15fae67bd01a590e468912cb70b9c91,No,1743460335,0.727
0xde1f8a73aac5a18a04395b40fc6eee093964faf4,No,1743460335,0.565
0xb972788fd94972d673eb3af068df1dfe11a2ec37,No,1743460335,0.563
0x2933a9010fa10368113d9e4071ddf8c6adcd81d2,No,1743460335,0.56
0xa7cac6d048d42c48470cb93307e6898356a13320,No,1743460335,0.51
0x32aaba58de76bdba912fc14fcc11b8aa6227aee9,No,1743460335,0.5
0xa1cb96b8eda740581fd74ca56eb23566738419fb,No,1743460335,0.454
0x85c6737ada32ed46066f45d28a612b7647c66410,Yes,1743460335,0.364
0x7ba8868efcc2f04bf9d1a9445d7843d7ae5dd1b4,No,1743460335,0.364
0x5700f03f87db485fdb90e18b3100f00b235886f1,No,1743460335,0.355
0xc7b072b4368e7a221a2de74dac549edcef34cfa3,No,1743460335,0.339
0xfd1af514b8b2bf00d1999497668bff26ccdf4c8a,Yes,1743460335,0.324
0x206c5915856ef684d9f816f3747224c853933115,No,1743460335,0.32
0x031778c7a1c08787aba7a2e0b5149feb5decabd7,No,1743460335,0.308
0x4bb51eb3588358ba59e005b4c5474a2cff7355b7,Yes,1743460335,0.305
0x478189dc3905a08e456c348905c1e5b03de8023d,No,1743460335,0.293
0x911d9369874711363dd5ea1aa7a4d1d089b595a4,No,1743460335,0.278
0xe7f13052fe2ba7d038dac18de5e730542e3979bc,Yes,1743460335,0.204
0x3b33e186573649c9a6c6380f45246c516c150ee1,No,1743460335,0.204
0xb1b5296bcc9f9de90a676d36485cb30ecc46f900,No,1743460335,0.204
0x1a15c730fe686ecf8ba44e3f9b21d5389b55bfbf,No,1743460335,0.204
0xd74f45334c0a754e8d834e1990dab588cdb39140,No,1743460335,0.204
0xcf3c78a77ff01b451a21301a522c48b92a029e70,Yes,1743460335,0.179
0x70b0e653e50eff0109ba6b3b3d4f15453e49d311,No,1743460335,0.175
0x6555032a163641b5f7c9ba32f9543acef7a1559c,No,1743460335,0.146
0x07dd329293000003a159153f6ed12ff7c3a23981,No,1743460335,0.109
0x3a42263bd22fa189072d06169a47ecfce955715f,No,1743460335,0.078
0x541ef672f9d8626090ec6699c2a35f29742152a5,No,1743460335,0.072
0x6224dd3b4757446de11fca940400c162eb313757,No,1743460335,0.061
0xf2a38230ea2e92db69aa520182f368ceec2ed4cd,No,1743460335,0.061
0x6b5e43cccab7cb3f45200d2a38c47a269dd011a8,No,1743460335,0.058
0x3879e62972ec43713d296cfd5a9751b351269cf1,No,1743460335,0.057
0x409caec195e72ede0b27e4deb55524424c5d54a9,No,1743460335,0.034
0x892bef8fe252b1678cdb581822727c2d4537826b,No,1743460335,0.033
0x2535c1d30f861cc09ddb961ddd14cc15a6ca4641,No,1743460335,0.029
0x8b20880fbc214a5eb74ecee679c8971149a45415,No,1743460335,0.026
0x16e2e9b9e6c097be009c0b10f8e78f4de99461be,No,1743460335,0.024
0xe2a0c03b1e7a698b63c9f7cf7c37eff577e890a7,No,1743460335,0.012
0x7d3a0da18e14ccb63375cdc250e8a8399997816f,No,1743460335,0.012
0xcc37ac58c61e76b941ae31beb93f819592139913,No,1743460335,0.01
0x1eb7458ae2d2509691de3514870c543bf1ba4813,No,1743460335,0.01
0x969c6ba66e832cdbb56f9bef7d8f4ca98be6c006,No,1743460335,0.01
0xf8fb9316fa63e6401311ad1c861a569087ba3f60,No,1743460335,0.01
0x529070265656213bd739d9cfda525a31fd353b1a,No,1743460335,0.01
0x38d8c1e466dd5889cc8b029394f7dabd55a2e232,No,1743460335,0.01
0x64b1a10f3244a6803ee32902bb3f9d267b6577f7,No,1743460335,0.01
0xa147ad7eec422919920835011d47b51088bc606b,No,1743460335,0.009
0x6e5191412f7d8fa741285a2f852aad0e00810140,No,1743460335,0.009
0xe2515fa79dbab71d1b015dc5cea40a4d795be9cb,No,1743460335,0.009
0x4e35004054b9195fab156c1b9307e9b569a5b930,No,1743460335,0.008
0x8d85878ca04fe8eee31dcbf53a2aed86b379c93a,No,1743460335,0.008
0x4ef83cb2e76f460431921111a166a3acd8af8c06,No,1743460335,0.008
0xa53158c126a6734db171f965d9abf66ce37f02fa,No,1743460335,0.008
0xfc91d4275995db19d0bb9017ba667325ecdd8741,No,1743460335,0.007
0x79889e8cf01f940ac0773acfd019770547e54e20,No,1743460335,0.007
0xb475f0220afbeb603b287867e4429abe81041472,No,1743460335,0.007
0x26ad67c86e5693f8033766f589b868d2fe51496d,No,1743460335,0.007
0xab5937b9b3be8a568943617dfcbd9d55717c32ec,No,1743460335,0.006
0x63e85080e96f90a7d5ed5666985f35b953fe9dcb,No,1743460335,0.006
0xf01afb9d83006ba5a12267ea8595836e086305e9,No,1743460335,0.006
0x4eb299568aefa4de18136f52ba1564a2ccf28158,No,1743460335,0.005
0x862a146180343638f12137084ac2fd7cc7a47224,No,1743460335,0.005
0x1f39522caa631768b73d1ed8c8ca0eca8f543e85,No,1743460335,0.005
0xb2a2ce3d9be9fc12c98fff2a1c358277be66aa66,No,1743460335,0.005
0x0e44ff4b3ddfaa45dba672cadd5db41d080d6c11,No,1743460335,0.005
0x1cca18430fa4ab078b8df5fd2e7a84ffd3858313,No,1743460335,0.005
0x134e71213b9d480c5df2b0a6916bec0eadcea8e6,No,1743460335,0.004
0x55aa033bcbf561910503609f2a30f0cc6eba11ab,No,1743460335,0.004
0x790ddaa427923debe85932e6984f651fae7d832f,No,1743460335,0.004
0x3ae4972c49f2634c3753c186a1b68ed72d404ddf,No,1743460335,0.004
0x217d57904fc911d97fec7d323820bc312fb135d0,No,1743460335,0.004
0x9e042629bad86c08bd29b56a53917d1527bb63c9,No,1743460335,0.004
0x8e0b3c2d675013e7ca84dfc044678133a6b7a36c,No,1743460335,0.004
0xc9fdc4e87eff1a29bccbada939c6aca7590e1660,No,1743460335,0.004
0x278371008525f4b50547166da389b5fdb8ebce8e,No,1743460335,0.004
0x7bc86a45410bd01a9c2c11c2b23b2afb2617f3ff,No,1743460335,0.004
0x83cccdd523e02d44d229b2b2ee59d69d3af03dd8,No,1743460335,0.003
0x34c263a565157c2c0fefda9c7d205fdbea8ee2ee,No,1743460335,0.003
0x9dadf18c8aec2a80be1473935b5b710b9ac6eaa2,No,1743460335,0.003
0x229fd33073a9bfbea6214a71404ae86eec6eaa3f,No,1743460335,0.002
0xaa673648a822fcf4b143312b85f773f1d1b9f773,No,1743460335,0.002
0x1404ee36a48b524159412da85e7a7d2a7bcef935,No,1743460335,0.002
0x949fd3a64f44b80bb13db2b6af0fabfcf727d354,No,1743460335,0.002
0x956b2e01e38e6a8db2de1e475f55886d51dc4fdf,No,1743460335,0.001
0x369493e33459d16ed0119526d08152b684e03c63,No,1743460335,0.001
0x1889af068f61c4376e337913bf4728ea20dff7a0,No,1743460335,0.001
0x49a8a44fc8ae002e096fba030791d3a3b7c008a6,No,1743460335,0.001
0xa989c0063511a9c773402c6e17d666da7c00f2b2,No,1743460335,0.001
0xe24f35fcc986f94d4cd7c93920a62bafae497db1,No,1743460335,0.001
0x56cf0ff00fd6cfb23ce964c6338b228b0fa76640,No,1743465418,"679,754.404"
0x334f12afb7d8740868be04719639616533075234,No,1743465418,"104,013.073"
0x7b2e78d4dfaaba045a167a70da285e30e8fca196,No,1743465418,"95,728.674"
0xfe13988736d95d052c2e45e5b4e1ef2e2750b7f4,No,1743465418,"91,845.617"
0x874e2b0af4570baf5d116f95744e2d1e5fb7dbb3,No,1743465418,"85,262.048"
0xe1d14a9f4679465a765364ea2fe32f5c38d38f5b,No,1743465418,"59,514.269"
0x04a9edd12ed304efb5e5fe83109a65e8e84799c3,No,1743465418,"51,985.549"
0x2a7fc2c27546deaf1723dbc4e30e162941932450,No,1743465418,"31,762.542"
0x2ff064d951996c9fe70d6ba22d8684f37b2e24ec,No,1743465418,"19,338.86"
0xaa36deb402ccf0fee2aa09974552154a9564ae20,No,1743465418,"17,315.102"
0x8dff5ee9e094be20d2cd1bea46d6e1fe6c10c669,No,1743465418,"13,754.783"
0xa78677de2d0b9bf26488bb470ee3e8276b8ba509,No,1743465418,"13,735.79"
0x9afd4d90c7ba73aa68e24b14223c8c43c677505d,No,1743465418,"13,223.733"
0xb95d9b1bcb514cbb31fea317f472bf4858231f7e,No,1743465418,"10,946.145"
0x7571bb9487211f09624fbfa71134e255c1699b69,No,1743465418,"7,631.43"
0x6464dd204ead251e0d767d60640cafc0c02a06de,No,1743465418,"4,581.284"
0x35a22f96e541f395a319a321f20d739021e7c8c8,No,1743465418,"4,571.482"
0x9eb6d10f75b364662313ee3099173dc3ac4048c9,No,1743465418,"3,944.675"
0xd18f8e0eff764a18f7d70c6c84340338dc79d9ff,No,1743465418,"3,679.806"
0x745c611731dabbf4db50707f95d9eb4eb3258877,No,1743465418,"2,559.929"
0xa999ac5c4a1178b07adf249a7e48d2c7aec19d3d,No,1743465418,"2,343.75"
0x900f2feaf13d922c56fbf8895b510df027d0443a,No,1743465418,"1,907.434"
0x7adba6c27fa12ec222690405a421bca26165d6e3,No,1743465418,"1,886.373"
0xdfd13dcf4f90fa97057a34c512c9517de789c826,No,1743465418,"1,777.822"
0xe082bda07536420401187ba7225ff5f56c30998b,No,1743465418,"1,246.464"
0x67ab5b66debc3217105ab356a219137a0bc07d3a,Yes,1743465418,"1,116.596"
0x95cde8b6ebddf03f5bd4ecc82a74664cd72cd87c,No,1743465418,"1,006.409"
0x3f5bd70412cccb1516c8970c3e5a5873a45b9934,No,1743465418,990.17
0x60abacfaa6f3bd4072707fce6f4eaaaae414847b,No,1743465418,678.157
0x7acd208c00d3f6da3581192d981d6985bab5287d,No,1743465418,677.658
0xb4b04564f56f4795ea4e14d566af78da54a99980,No,1743465418,657.518
0xd8ad1fea3fb40671a2ed0fd17f4f196a4be75fb4,No,1743465418,561.644
0xbac525271fcf4deed00380e70b0c20ff1121d755,No,1743465418,528.596
0xe358a8b6c3babecb22919c863296401919e520be,No,1743465418,489.963
0xe1d93f9a4982cf170baddf711ac93a9e10b1ec1e,No,1743465418,459.871
0xa5ac847fc0e14223395778d216f58501f138e9a2,No,1743465418,427.405
0xfe3e4266c02fe56af770c080010a927da08bbcc2,No,1743465418,422.256
0x4a33863614b5c8f851917f3746ec2cc2a51ea46e,No,1743465418,385.949
0xec9048b59b3467415b1a38f63416407ea0c70fb8,No,1743465418,371.982
0x45a22924a6353058d383583c940a16e75cda155a,No,1743465418,357.853
0x9fd1e583b7c9a56b2c36fb67a03872d749341a43,No,1743465418,342.553
0xe18ff9d58b4deb8c17ccba79a87fbed548ab06b3,No,1743465418,335.741
0x212cee1b89ad0ad359be0cc4d210948536af32cc,No,1743465418,331.198
0x59fe26a06a036e487a3e8218786e8512362f37df,No,1743465418,320.332
0x4008f34b31204155ac77fc97c3f458c052672531,No,1743465418,309.393
0x983ced6e1d35718122f0b1f9b4eafc04185c1130,No,1743465418,242.695
0x20b69fda9379c8ae82cb78ea71d4d9e740e88196,No,1743465418,225.966
0x41222737c2dade698e5d1670fa25276674d1e522,No,1743465418,221.069
0xa83935efd1d09dbd0e09021036b6b79b211baf65,No,1743465418,211.66
0x79ef6a46fb8ab365ae15613496ca3e5619edb5ad,No,1743465418,211.638
0x5e7b645d5bf86750cb1913122ba8a8545e2a9fd1,No,1743465418,205.221
0xe4a982fa1f1e8ad1af238a7b1226b13b56bf5ccd,No,1743465418,195.469
0x5c16873795d083fab71d4cbf5b073d22cf38f659,Yes,1743465418,194.042
0xdfbb4c382f29dc431356c1fb3e4bb73790f0fae4,No,1743465418,182.018
0x7db90e374edd104077abcbed45d7117f734777a3,No,1743465418,178.547
0x33d10de1e65e6193044e277a77c3fd02d59b1c3f,No,1743465418,161.364
0xbc9e9f2a49ea0f0619f79c0a0d8b4a19ba79cba7,No,1743465418,153.001
0x494c439ef103f87b4d8f6b475cdbb8d07f940ff0,No,1743465418,150.73
0x6687c671980e65ebd722b9146fc61e2471558dd6,Yes,1743465418,148.883
0xd08c3627600c05e979ae936686736e602c8e6bb2,No,1743465418,148.465
0xa6e28a1c053295cc34d335efb5801d82204d8922,No,1743465418,147.638
0x923bfbcf199afcdf2071d60a811132ce4b747984,No,1743465418,113.159
0xd6a2a456b48836f38ace550c59c421ca24f1681a,No,1743465418,112.374
0x35d3cbcf2d75c82febfddf69b01d2dd78fd780eb,No,1743465418,102.344
0x9008d19f58aabd9ed0d60971565aa8510560ab41,No,1743465418,84.453
0x165604b4240a6970acc4dfe314938e0361b0166d,No,1743465418,78.403
0x56e665674d26a3ec69ea0e27f001d42481f7ff53,No,1743465418,78.171
0xb7f2947c23c18eb67141829014472df9244f6f9b,No,1743465418,51.385
0x447b68dc638a582612b3f1443538211665461949,No,1743465418,47.998
0x187e0966046da5b110fdc986c9b94bd8416837af,No,1743465418,44.931
0x0a2a2e54997f5e32b70b3c294172bec86c747dd7,No,1743465418,41.991
0xc978f4364c03a00352e8c7d9619b42e26b6424ab,No,1743465418,36.51
0xfc9dcba32cc3c86cef07e69c3fae630db2785a9e,No,1743465418,25.131
0xa7bd30c73549c7948e2ef5d46215a5ce95275b98,No,1743465418,24.395
0xc58598141a72db365e8ecd4d740a191913551d0f,No,1743465418,22.477
0xab06ff77044db8a5a48f1b49833d87abfaebad09,No,1743465418,21.899
0x97e55df556254ddb9298abb16307c5c378b74cca,No,1743465418,20.988
0x1e3ec1e5cd9c91c32cd676b7026a327298d54d60,No,1743465418,19.99
0x159d726ab894970fb32387ae9cb072111fd4508e,No,1743465418,17.878
0x131cf758d9ef6bca88928442dc715c8fdc113952,No,1743465418,17.325
0x41cd6228341ea33e8d9659f09bf0e5aadc54c5e7,Yes,1743465418,16.915
0x59512422af0709c7cab8285838975cd8d7c7ce7d,No,1743465418,15.547
0x6428178a1324896bd8ea897565d909945da33ee9,No,1743465418,14.342
0x7809f0e94e247143313b97b02f8411bd41540677,No,1743465418,13.191
0x89c4acb8b5b5b8e5b2121934b9e143569a914c80,No,1743465418,10.942
0xae25817e57d1be8c2c60ba911300f4fc45a9f8cb,No,1743465418,10.924
0x5ed3339ab4e90855ddb7f9e2905253e9d2ab59ed,No,1743465418,9.421
0xef4d9e1f4e9e2dd9e747b53f4be3d04bfa935f2d,No,1743465418,8.789
0xf28a1ff4cd9b579b55195cb9528ef8f7a8b10a33,No,1743465418,7.508
0x470ba0f3bc80d88d3cd9cfd28dd125da0e545993,No,1743465418,7.433
0x461cbd5765360733a02d4571591d54c8b8a517ea,No,1743465418,7.133
0xf9c729054ed9691884a19334098378b399b469ea,No,1743465418,7.019
0x5ae31b437851b57a491603d6c7a845b61c88f1f5,Yes,1743465418,6.989
0xdbd5e2bf0e87a6361bd0b587cc4c0b3fcf5dc259,No,1743465418,6.758
0xb1998487b4cd187b4c4d1ad81a957ccbc10a0f85,No,1743465418,6.152
0xde2a93da4b0a34b878e00718f6e079e022f276f1,No,1743465418,6.039
0x29f3c8b6a90f10f96f269495f4af184c0988a594,No,1743465418,5.628
0x111f08c1e58ad604f6fdc5b1d0d3dd9a89d0dc2f,No,1743465418,5.609
0x0c4f8ccbb4cf9c2ee568e33f21c807b1931726e4,No,1743465418,5.256
0x23069f1978fe4d6ec88bf0b84bca2b39d3b285e1,No,1743465418,4.964
0xed6818c68496aff31f6064c880aa235ab99b3acb,No,1743465418,4.831
0x71044ae277bac65c4dfcd598d07a60fc6810fb8e,No,1743465418,4.667
0xca5c758a8b9892a3e1b745f2039efa9491c18f7a,No,1743465418,4.206
0x5bd07249115373c2f069da83592706fac4e70c66,No,1743465418,3.827
0x5d4adb6eca975bab50d2490ccdfe5d9cd1bf4882,No,1743465418,3.756
0x38ef098f74393d219d92c5112055e618c6bde2d7,No,1743465418,3.755
0x5ae5c4bc5033cd7782b061f652bae25b8d790f6c,No,1743465418,3.461
0x725bcf16bae966975170c4d98e646a518ae071d3,No,1743465418,3.333
0x55aae08c2913c4b582f860031e3afdc2ca0ba063,No,1743465418,3.161
0x9f1ae497afad289aa370f3f4ad038bc5e35f3c27,No,1743465418,2.789
0x801c4b062ccb8c7aee03fddfd14e3ff563e0e966,No,1743465418,2.719
0x245bd6b5d8f494df8256ae44737a1e5d59769ab4,No,1743465418,2.712
0xefb8e220f012241a00f5dae4a5b2c473a742a63a,No,1743465418,2.578
0x717f0a9ee93fde2ae196b61b51fda5b892c02b3d,No,1743465418,2.545
0xc9534a59ef121516e5e1aead8d45d151e768e216,No,1743465418,2.459
0xba1333333333a1ba1108e8412f11850a5c319ba9,No,1743465418,2.338
0xd27cd4e2c3f168dbf9b4cfcd82664480973151e9,No,1743465418,2.269
0x6bb0bed604c3c43bb53b9fda53e431c982fc01be,No,1743465418,2.252
0xbd12aa424c207e90b66402c1f0aec357e8b1ded7,No,1743465418,2.228
0x8d831a71dd552ae2657d2c8ee4ceceb86a3dd779,No,1743465418,2.228
0xdfc2ad6492faa517b5572f9fa61716d4f9d121ed,No,1743465418,2.213
0x591f5162547dff90c185271726a5eb540d1395de,No,1743465418,2.123
0xe5c3aabac09838405b82b10b4ddae5a48ae57f9d,No,1743465418,2.114
0x9026a44fb446da394f5810fdb4708a7879cebe34,No,1743465418,2.096
0x96103652ef1d66d7a8f3b66060d126d82a456f47,No,1743465418,2.056
0x1afbcd54aff10fdf0c2e7de4cde86b3e75a3e4e7,No,1743465418,1.964
0x978a89b0178ea8054a99f5bddb0081ea6a3c27c3,No,1743465418,1.934
0xe5d067d8634e109c077192c34c972a10ee6fc731,No,1743465418,1.876
0x9e979ffff022bbbe891fb64c1cfc61e4447d049a,No,1743465418,1.818
0x4518cd6f9cd1085d0cc1eed7c8b3bcd98afafcd9,No,1743465418,1.818
0x28abd3190674dc57e4d3bebeec22f78d121810d5,No,1743465418,1.818
0x1f5fae0615ee87196f229ea19d726d58846bdc0e,No,1743465418,1.818
0x4d6caa3e0983fac7b514d60339ebb538c5a85aae,No,1743465418,1.818
0x25124024390ac79659ed699b087a3e748686df7b,No,1743465418,1.818
0x6fdb1e4206d119555c3ac61ac20c76eb818fa567,No,1743465418,1.818
0xcba986c46f6908be6ee07bf868bb812978c32e08,No,1743465418,1.818
0x9e8b306eea4d50090ac0af1eeac79fcd531eb159,No,1743465418,1.818
0xf94bfbd175219331f9ff323ea703ebd2a05fd33a,No,1743465418,1.818
0x001fe2cdbeeb0743679e958c0861dd8788b28b19,No,1743465418,1.818
0xf035561dce033ded865e15e69db06cffc88d9213,No,1743465418,1.818
0x9d9e26932d012b2ab21b974fe1552f4025b1e1cc,No,1743465418,1.818
0xe5dd78c224f26e306c84a9b1aa2def30bdf15835,No,1743465418,1.818
0x6841ccc2fa23efe3bbe98492f026756479e4a4ec,No,1743465418,1.818
0xd2c04f656448e78b178d6cc3b2ccf91de6ae7f39,No,1743465418,1.818
0x9fbcbfdc3c66562113daba8b501d0d7d55e84688,No,1743465418,1.818
0xf8d97b0de945bb3ec6d634e0fdc48b6a3b9fcb1f,No,1743465418,1.818
0xa63cb29de16607dd5ac18b6cb65bead58d04ac25,No,1743465418,1.818
0x8f8be6f1eac8432e3f0e460402fcb358311a86d4,No,1743465418,1.818
0x68c0dd2b5a5df00bca4f7df8ca9b1425fe817728,No,1743465418,1.818
0x23d2874d56bba76af9866604c76fc5347058aad7,No,1743465418,1.818
0x29397b5b81579504c446e8e86c88196491be5ec5,No,1743465418,1.818
0x8d4d39d2e3104876a0c5fa11efe02597613d2a79,No,1743465418,1.818
0x0eb682c54bb74e0fb37894e4f0b02127e5fb865f,No,1743465418,1.818
0x9ac5f8c48ade024a006206ca5ebd06f275f243ec,No,1743465418,1.818
0x4ca2a670bd5505b870b21331a53d9bb4ae6e2084,No,1743465418,1.818
0x1520ab7dd2ca282fca2810cb7df071c9de3e2f5c,No,1743465418,1.818
0x31287a933b2e153654105013d595dcbd6664fcf9,No,1743465418,1.818
0x7cd192ff8e2e3e5bf8b5e85f858c0f83e22f771d,No,1743465418,1.818
0xd2946cb43fd692f8776be5c91dc523aa3fe69f1d,No,1743465418,1.818
0x56f446074d3dc521786ea456e725775819e260cb,No,1743465418,1.818
0xe6a46ea30a1ef48e8ab2179a203c137702147073,No,1743465418,1.818
0x84d766fb6c86dd8983e5cab3d17e6630c278277e,No,1743465418,1.818
0xe69d81fad86ac5295a1261930c19e7ad009aa52e,No,1743465418,1.818
0xc7b6717c5c30a5645ba308afd2b0df42b850d8e3,No,1743465418,1.818
0xc7baf12d871f26b09dfa61a6e9e3b2eaef7a159a,No,1743465418,1.818
0xe3cd70be09c3a45b73ff5d7cfe37f8b5309ebbdc,No,1743465418,1.818
0x09a2aa22db9f97aabd3da897b156d944c8c50e0f,No,1743465418,1.818
0x75f04fbf12ed979873db692eab1a904abe1e2f32,No,1743465418,1.818
0x409ad638c059375de57d455b78520470ed13f282,No,1743465418,1.818
0x8c0733ba6295af19ae294c19b34e7d163acc7197,No,1743465418,1.818
0x75202586d58c8d2ed726b4abdcda3ecdd91c1e34,No,1743465418,1.818
0x91dc3d24895bb29033cbbf48ed6b5f7b0510d83c,No,1743465418,1.818
0x1d6b8e5fa836c7d5846fb76f188b008c10b67ba5,No,1743465418,1.818
0x5bf79c7bf66a6aa75f4fef4004bc7d527fdf8250,No,1743465418,1.818
0x74aadf1281a7f5546e13f17de5101a310a33bf3f,No,1743465418,1.818
0x683132fe975fac296f21919d625a94a4a86f6fa6,No,1743465418,1.818
0xb7806b30034cc8d13390aa0b713dc0c326cd4358,No,1743465418,1.818
0x31a026bbd8ddc0f95ad827c17c37c0d8fc25d3ff,No,1743465418,1.818
0x4ddcdfbef53747089cab9d775aa461e7a088ff3c,No,1743465418,1.818
0xd50ea36556e1c9abece88a1d9ad5b38261ab515b,No,1743465418,1.818
0x79cda2b2fa8b3c080da06ddce3416b8e4b7c1b14,No,1743465418,1.818
0x0182518980f999ad0c9527d864c15492ab3beeae,No,1743465418,1.818
0x9ac0605353f447a49845365ded45fc57e609a319,No,1743465418,1.818
0xd51aea4a4ba241ded4112c017d73c976a967139f,No,1743465418,1.818
0x3975f79ce2cae19b8d4d5e1f4b134e241bf6f10a,No,1743465418,1.818
0x327c7b1e4bcaa69afa029f042dda3722e3ed74c1,No,1743465418,1.818
0x15923b51ecc5de696d67a85d2a493908c750b237,No,1743465418,1.818
0xaeeb3b86314009f5ee315c49414646a1f5709d1c,No,1743465418,1.818
0x441e1e47a6fa2dbfd3cd9b54291e9ab3a58d7975,No,1743465418,1.818
0x82b1c5ffa4fe976869b4156c90073a8b719d671a,No,1743465418,1.818
0xb9385eb2b944370adcdc22af45ace6140bda6225,No,1743465418,1.818
0x380e7360085407892f33da521dfb01da82b5f2be,No,1743465418,1.818
0x1ce34e220bd710d1a84a135f345b650cc7770e9f,No,1743465418,1.818
0xeaf1eb60c3359b12d501d23a372256846ddbff8d,No,1743465418,1.818
0x68bf9733a1b5688feb430b1d200b2299c74885b1,No,1743465418,1.818
0x9c1a52b599cf652701b41bf137ae022a894b5ea3,No,1743465418,1.818
0xc0dd5675528d8d9f05afe601df6ebda59e2a6733,No,1743465418,1.818
0x41aeb883a0073527e5f5653423cbd59339154a72,No,1743465418,1.818
0x431f2b6e43bed4d845ac5d9b5d030dfc8987691d,No,1743465418,1.818
0x6bc8679c27b49cc4be2c8faf9906bc0465727cf3,No,1743465418,1.818
0x5ac691d7b535cbb755de910123c656ac407f6f29,No,1743465418,1.818
0xf7d7d7dacb1215fba1f6cdd1361092796680cf4f,No,1743465418,1.818
0xa7e93f5a0e718bddc654e525ea668c64fd572882,No,1743465418,1.728
0x9f22ac105351964957b649f562c4a41268965382,No,1743465418,1.716
0xece039bd21e3910187af408909b6529c629ec8e5,No,1743465418,1.526
0x3cbbdc5e6b615eaf094d41fd0f4422c72bcbe8ff,Yes,1743465418,1.502
0x224623eeb6fadb6ff76f5be4b570ee06ee282868,No,1743465418,1.454
0xef364e390ff3f326e3153d0b9c4b944db42155e5,No,1743465418,1.394
0x33a0b5d7da5314594d2c163d448030b9f1cadcb2,No,1743465418,1.125
0x90dafb210c44f4b72e591e7e2f583154290e5d83,No,1743465418,1.12
0xeb77a109a1adb1835f6f52a5da8055448e65b1e5,No,1743465418,1.023
0x10c895bf7d9f895cd648448d35f89b23b15dd1a5,No,1743465418,0.947
0x51e14dcb7d6ed4d5fcb62143636df837a2437db3,No,1743465418,0.902
0xd2a6017179968d65ea6efaaea6f19d60e78314af,No,1743465418,0.832
0x04c1d8ca275434bdc1697eda44d1cade92459b34,No,1743465418,0.752
0x9e4439fcf15fae67bd01a590e468912cb70b9c91,No,1743465418,0.727
0xde1f8a73aac5a18a04395b40fc6eee093964faf4,No,1743465418,0.565
0xb972788fd94972d673eb3af068df1dfe11a2ec37,No,1743465418,0.563
0x2933a9010fa10368113d9e4071ddf8c6adcd81d2,No,1743465418,0.56
0xa7cac6d048d42c48470cb93307e6898356a13320,No,1743465418,0.51
0x32aaba58de76bdba912fc14fcc11b8aa6227aee9,No,1743465418,0.5
0xa1cb96b8eda740581fd74ca56eb23566738419fb,No,1743465418,0.454
0x85c6737ada32ed46066f45d28a612b7647c66410,Yes,1743465418,0.364
0x7ba8868efcc2f04bf9d1a9445d7843d7ae5dd1b4,No,1743465418,0.364
0x5700f03f87db485fdb90e18b3100f00b235886f1,No,1743465418,0.355
0xc7b072b4368e7a221a2de74dac549edcef34cfa3,No,1743465418,0.339
0xfd1af514b8b2bf00d1999497668bff26ccdf4c8a,Yes,1743465418,0.324
0x206c5915856ef684d9f816f3747224c853933115,No,1743465418,0.32
0x031778c7a1c08787aba7a2e0b5149feb5decabd7,No,1743465418,0.308
0x4bb51eb3588358ba59e005b4c5474a2cff7355b7,Yes,1743465418,0.305
0x478189dc3905a08e456c348905c1e5b03de8023d,No,1743465418,0.293
0x911d9369874711363dd5ea1aa7a4d1d089b595a4,No,1743465418,0.278
0xe7f13052fe2ba7d038dac18de5e730542e3979bc,Yes,1743465418,0.204
0x3b33e186573649c9a6c6380f45246c516c150ee1,No,1743465418,0.204
0xb1b5296bcc9f9de90a676d36485cb30ecc46f900,No,1743465418,0.204
0x1a15c730fe686ecf8ba44e3f9b21d5389b55bfbf,No,1743465418,0.204
0xd74f45334c0a754e8d834e1990dab588cdb39140,No,1743465418,0.204
0xcf3c78a77ff01b451a21301a522c48b92a029e70,Yes,1743465418,0.179
0x70b0e653e50eff0109ba6b3b3d4f15453e49d311,No,1743465418,0.175
0x6555032a163641b5f7c9ba32f9543acef7a1559c,No,1743465418,0.146
0x07dd329293000003a159153f6ed12ff7c3a23981,No,1743465418,0.109
0x3a42263bd22fa189072d06169a47ecfce955715f,No,1743465418,0.078
0x541ef672f9d8626090ec6699c2a35f29742152a5,No,1743465418,0.072
0x6224dd3b4757446de11fca940400c162eb313757,No,1743465418,0.061
0xf2a38230ea2e92db69aa520182f368ceec2ed4cd,No,1743465418,0.061
0x6b5e43cccab7cb3f45200d2a38c47a269dd011a8,No,1743465418,0.058
0x3879e62972ec43713d296cfd5a9751b351269cf1,No,1743465418,0.057
0x409caec195e72ede0b27e4deb55524424c5d54a9,No,1743465418,0.034
0x892bef8fe252b1678cdb581822727c2d4537826b,No,1743465418,0.033
0x2535c1d30f861cc09ddb961ddd14cc15a6ca4641,No,1743465418,0.029
0x8b20880fbc214a5eb74ecee679c8971149a45415,No,1743465418,0.026
0x16e2e9b9e6c097be009c0b10f8e78f4de99461be,No,1743465418,0.024
0xe2a0c03b1e7a698b63c9f7cf7c37eff577e890a7,No,1743465418,0.012
0x7d3a0da18e14ccb63375cdc250e8a8399997816f,No,1743465418,0.012
0xcc37ac58c61e76b941ae31beb93f819592139913,No,1743465418,0.01
0x1eb7458ae2d2509691de3514870c543bf1ba4813,No,1743465418,0.01
0x969c6ba66e832cdbb56f9bef7d8f4ca98be6c006,No,1743465418,0.01
0xf8fb9316fa63e6401311ad1c861a569087ba3f60,No,1743465418,0.01
0x529070265656213bd739d9cfda525a31fd353b1a,No,1743465418,0.01
0x38d8c1e466dd5889cc8b029394f7dabd55a2e232,No,1743465418,0.01
0x64b1a10f3244a6803ee32902bb3f9d267b6577f7,No,1743465418,0.01
0xa147ad7eec422919920835011d47b51088bc606b,No,1743465418,0.009
0x6e5191412f7d8fa741285a2f852aad0e00810140,No,1743465418,0.009
0xe2515fa79dbab71d1b015dc5cea40a4d795be9cb,No,1743465418,0.009
0x4e35004054b9195fab156c1b9307e9b569a5b930,No,1743465418,0.008
0x8d85878ca04fe8eee31dcbf53a2aed86b379c93a,No,1743465418,0.008
0x4ef83cb2e76f460431921111a166a3acd8af8c06,No,1743465418,0.008
0xa53158c126a6734db171f965d9abf66ce37f02fa,No,1743465418,0.008
0xfc91d4275995db19d0bb9017ba667325ecdd8741,No,1743465418,0.007
0x79889e8cf01f940ac0773acfd019770547e54e20,No,1743465418,0.007
0xb475f0220afbeb603b287867e4429abe81041472,No,1743465418,0.007
0x26ad67c86e5693f8033766f589b868d2fe51496d,No,1743465418,0.007
0xab5937b9b3be8a568943617dfcbd9d55717c32ec,No,1743465418,0.006
0x63e85080e96f90a7d5ed5666985f35b953fe9dcb,No,1743465418,0.006
0xf01afb9d83006ba5a12267ea8595836e086305e9,No,1743465418,0.006
0x4eb299568aefa4de18136f52ba1564a2ccf28158,No,1743465418,0.005
0x862a146180343638f12137084ac2fd7cc7a47224,No,1743465418,0.005
0x1f39522caa631768b73d1ed8c8ca0eca8f543e85,No,1743465418,0.005
0xb2a2ce3d9be9fc12c98fff2a1c358277be66aa66,No,1743465418,0.005
0x0e44ff4b3ddfaa45dba672cadd5db41d080d6c11,No,1743465418,0.005
0x1cca18430fa4ab078b8df5fd2e7a84ffd3858313,No,1743465418,0.005
0x134e71213b9d480c5df2b0a6916bec0eadcea8e6,No,1743465418,0.004
0x55aa033bcbf561910503609f2a30f0cc6eba11ab,No,1743465418,0.004
0x790ddaa427923debe85932e6984f651fae7d832f,No,1743465418,0.004
0x3ae4972c49f2634c3753c186a1b68ed72d404ddf,No,1743465418,0.004
0x217d57904fc911d97fec7d323820bc312fb135d0,No,1743465418,0.004
0x9e042629bad86c08bd29b56a53917d1527bb63c9,No,1743465418,0.004
0x8e0b3c2d675013e7ca84dfc044678133a6b7a36c,No,1743465418,0.004
0xc9fdc4e87eff1a29bccbada939c6aca7590e1660,No,1743465418,0.004
0x278371008525f4b50547166da389b5fdb8ebce8e,No,1743465418,0.004
0x7bc86a45410bd01a9c2c11c2b23b2afb2617f3ff,No,1743465418,0.004
0x83cccdd523e02d44d229b2b2ee59d69d3af03dd8,No,1743465418,0.003
0x34c263a565157c2c0fefda9c7d205fdbea8ee2ee,No,1743465418,0.003
0x9dadf18c8aec2a80be1473935b5b710b9ac6eaa2,No,1743465418,0.003
0x229fd33073a9bfbea6214a71404ae86eec6eaa3f,No,1743465418,0.002
0xaa673648a822fcf4b143312b85f773f1d1b9f773,No,1743465418,0.002
0x1404ee36a48b524159412da85e7a7d2a7bcef935,No,1743465418,0.002
0x949fd3a64f44b80bb13db2b6af0fabfcf727d354,No,1743465418,0.002
0x956b2e01e38e6a8db2de1e475f55886d51dc4fdf,No,1743465418,0.001
0x369493e33459d16ed0119526d08152b684e03c63,No,1743465418,0.001
0x1889af068f61c4376e337913bf4728ea20dff7a0,No,1743465418,0.001
0x49a8a44fc8ae002e096fba030791d3a3b7c008a6,No,1743465418,0.001
0xa989c0063511a9c773402c6e17d666da7c00f2b2,No,1743465418,0.001
0xe24f35fcc986f94d4cd7c93920a62bafae497db1,No,1743465418,0.001
0x56cf0ff00fd6cfb23ce964c6338b228b0fa76640,No,1743626051,"648,556.972"
0x334f12afb7d8740868be04719639616533075234,No,1743626051,"104,013.073"
0x7b2e78d4dfaaba045a167a70da285e30e8fca196,No,1743626051,"95,733.511"
0xfe13988736d95d052c2e45e5b4e1ef2e2750b7f4,No,1743626051,"92,826.733"
0x874e2b0af4570baf5d116f95744e2d1e5fb7dbb3,No,1743626051,"85,262.048"
0xe1d14a9f4679465a765364ea2fe32f5c38d38f5b,No,1743626051,"59,514.269"
0x04a9edd12ed304efb5e5fe83109a65e8e84799c3,No,1743626051,"51,985.549"
0x2ff064d951996c9fe70d6ba22d8684f37b2e24ec,No,1743626051,"19,338.86"
0xaa36deb402ccf0fee2aa09974552154a9564ae20,No,1743626051,"17,686.168"
0x8dff5ee9e094be20d2cd1bea46d6e1fe6c10c669,No,1743626051,"13,754.783"
0xa78677de2d0b9bf26488bb470ee3e8276b8ba509,No,1743626051,"13,735.79"
0x9afd4d90c7ba73aa68e24b14223c8c43c677505d,No,1743626051,"13,223.733"
0xb95d9b1bcb514cbb31fea317f472bf4858231f7e,No,1743626051,"10,946.145"
0x7571bb9487211f09624fbfa71134e255c1699b69,No,1743626051,"7,631.43"
0x6464dd204ead251e0d767d60640cafc0c02a06de,No,1743626051,"4,581.284"
0x35a22f96e541f395a319a321f20d739021e7c8c8,No,1743626051,"4,571.482"
0x9eb6d10f75b364662313ee3099173dc3ac4048c9,No,1743626051,"3,944.675"
0xd18f8e0eff764a18f7d70c6c84340338dc79d9ff,No,1743626051,"3,679.806"
0x745c611731dabbf4db50707f95d9eb4eb3258877,No,1743626051,"2,559.929"
0xa999ac5c4a1178b07adf249a7e48d2c7aec19d3d,No,1743626051,"2,299.529"
0x900f2feaf13d922c56fbf8895b510df027d0443a,No,1743626051,"1,907.434"
0x7adba6c27fa12ec222690405a421bca26165d6e3,No,1743626051,"1,886.373"
0xdfd13dcf4f90fa97057a34c512c9517de789c826,No,1743626051,"1,777.822"
0xe082bda07536420401187ba7225ff5f56c30998b,No,1743626051,"1,246.464"
0x67ab5b66debc3217105ab356a219137a0bc07d3a,Yes,1743626051,"1,116.596"
0x95cde8b6ebddf03f5bd4ecc82a74664cd72cd87c,No,1743626051,"1,017.353"
0x7acd208c00d3f6da3581192d981d6985bab5287d,No,1743626051,677.658
0x2a7fc2c27546deaf1723dbc4e30e162941932450,No,1743626051,676.647
0xb4b04564f56f4795ea4e14d566af78da54a99980,No,1743626051,657.518
0xbac525271fcf4deed00380e70b0c20ff1121d755,No,1743626051,528.596
0xd8ad1fea3fb40671a2ed0fd17f4f196a4be75fb4,No,1743626051,521.945
0xe358a8b6c3babecb22919c863296401919e520be,No,1743626051,489.963
0xe1d93f9a4982cf170baddf711ac93a9e10b1ec1e,No,1743626051,459.871
0xa5ac847fc0e14223395778d216f58501f138e9a2,No,1743626051,427.405
0xfe3e4266c02fe56af770c080010a927da08bbcc2,No,1743626051,422.256
0x4a33863614b5c8f851917f3746ec2cc2a51ea46e,No,1743626051,385.949
0xec9048b59b3467415b1a38f63416407ea0c70fb8,No,1743626051,371.982
0x923bfbcf199afcdf2071d60a811132ce4b747984,No,1743626051,366.075
0x45a22924a6353058d383583c940a16e75cda155a,No,1743626051,357.853
0x9fd1e583b7c9a56b2c36fb67a03872d749341a43,No,1743626051,342.553
0xe18ff9d58b4deb8c17ccba79a87fbed548ab06b3,No,1743626051,335.779
0x212cee1b89ad0ad359be0cc4d210948536af32cc,No,1743626051,331.198
0x4008f34b31204155ac77fc97c3f458c052672531,No,1743626051,309.393
0x983ced6e1d35718122f0b1f9b4eafc04185c1130,No,1743626051,242.695
0x20b69fda9379c8ae82cb78ea71d4d9e740e88196,No,1743626051,225.966
0x41222737c2dade698e5d1670fa25276674d1e522,No,1743626051,221.069
0xa83935efd1d09dbd0e09021036b6b79b211baf65,No,1743626051,211.66
0x79ef6a46fb8ab365ae15613496ca3e5619edb5ad,No,1743626051,211.638
0x5c16873795d083fab71d4cbf5b073d22cf38f659,Yes,1743626051,208.264
0x5e7b645d5bf86750cb1913122ba8a8545e2a9fd1,No,1743626051,205.221
0xe4a982fa1f1e8ad1af238a7b1226b13b56bf5ccd,No,1743626051,195.469
0xdfbb4c382f29dc431356c1fb3e4bb73790f0fae4,No,1743626051,182.018
0x7db90e374edd104077abcbed45d7117f734777a3,No,1743626051,178.463
0x6687c671980e65ebd722b9146fc61e2471558dd6,Yes,1743626051,162.712
0x33d10de1e65e6193044e277a77c3fd02d59b1c3f,No,1743626051,161.366
0xbc9e9f2a49ea0f0619f79c0a0d8b4a19ba79cba7,No,1743626051,153.001
0x494c439ef103f87b4d8f6b475cdbb8d07f940ff0,No,1743626051,150.73
0xd08c3627600c05e979ae936686736e602c8e6bb2,No,1743626051,148.465
0xa6e28a1c053295cc34d335efb5801d82204d8922,No,1743626051,147.638
0x95299a38c7ca21b70325979258bd7f40e27f1e2a,No,1743626051,137.006
0xd6a2a456b48836f38ace550c59c421ca24f1681a,No,1743626051,112.374
0x35d3cbcf2d75c82febfddf69b01d2dd78fd780eb,No,1743626051,102.344
0xefb8e220f012241a00f5dae4a5b2c473a742a63a,No,1743626051,88.552
0x9008d19f58aabd9ed0d60971565aa8510560ab41,No,1743626051,84.845
0x165604b4240a6970acc4dfe314938e0361b0166d,No,1743626051,78.403
0x56e665674d26a3ec69ea0e27f001d42481f7ff53,No,1743626051,78.171
0xb7f2947c23c18eb67141829014472df9244f6f9b,No,1743626051,51.385
0x447b68dc638a582612b3f1443538211665461949,No,1743626051,47.998
0x187e0966046da5b110fdc986c9b94bd8416837af,No,1743626051,44.945
0x0a2a2e54997f5e32b70b3c294172bec86c747dd7,No,1743626051,41.991
0xc978f4364c03a00352e8c7d9619b42e26b6424ab,No,1743626051,36.51
0x3f5bd70412cccb1516c8970c3e5a5873a45b9934,No,1743626051,29.993
0xfc9dcba32cc3c86cef07e69c3fae630db2785a9e,No,1743626051,25.131
0xa7bd30c73549c7948e2ef5d46215a5ce95275b98,No,1743626051,24.395
0x60abacfaa6f3bd4072707fce6f4eaaaae414847b,No,1743626051,23.222
0xc58598141a72db365e8ecd4d740a191913551d0f,No,1743626051,22.477
0xab06ff77044db8a5a48f1b49833d87abfaebad09,No,1743626051,21.899
0x97e55df556254ddb9298abb16307c5c378b74cca,No,1743626051,20.988
0x1e3ec1e5cd9c91c32cd676b7026a327298d54d60,No,1743626051,19.99
0x159d726ab894970fb32387ae9cb072111fd4508e,No,1743626051,17.878
0x131cf758d9ef6bca88928442dc715c8fdc113952,No,1743626051,17.655
0x41cd6228341ea33e8d9659f09bf0e5aadc54c5e7,Yes,1743626051,16.92
0x59512422af0709c7cab8285838975cd8d7c7ce7d,No,1743626051,16.678
0x6428178a1324896bd8ea897565d909945da33ee9,No,1743626051,14.342
0x89c4acb8b5b5b8e5b2121934b9e143569a914c80,No,1743626051,10.942
0xae25817e57d1be8c2c60ba911300f4fc45a9f8cb,No,1743626051,10.924
0x5ed3339ab4e90855ddb7f9e2905253e9d2ab59ed,No,1743626051,9.421
0xef4d9e1f4e9e2dd9e747b53f4be3d04bfa935f2d,No,1743626051,8.79
0xf28a1ff4cd9b579b55195cb9528ef8f7a8b10a33,No,1743626051,7.508
0x470ba0f3bc80d88d3cd9cfd28dd125da0e545993,No,1743626051,7.433
0x461cbd5765360733a02d4571591d54c8b8a517ea,No,1743626051,7.133
0xf9c729054ed9691884a19334098378b399b469ea,No,1743626051,7.019
0x5ae31b437851b57a491603d6c7a845b61c88f1f5,Yes,1743626051,6.989
0xdbd5e2bf0e87a6361bd0b587cc4c0b3fcf5dc259,No,1743626051,6.758
0xb1998487b4cd187b4c4d1ad81a957ccbc10a0f85,No,1743626051,6.152
0xde2a93da4b0a34b878e00718f6e079e022f276f1,No,1743626051,6.039
0x29f3c8b6a90f10f96f269495f4af184c0988a594,No,1743626051,5.628
0x111f08c1e58ad604f6fdc5b1d0d3dd9a89d0dc2f,No,1743626051,5.609
0x0c4f8ccbb4cf9c2ee568e33f21c807b1931726e4,No,1743626051,5.256
0x23069f1978fe4d6ec88bf0b84bca2b39d3b285e1,No,1743626051,4.964
0xed6818c68496aff31f6064c880aa235ab99b3acb,No,1743626051,4.831
0x71044ae277bac65c4dfcd598d07a60fc6810fb8e,No,1743626051,4.667
0xca5c758a8b9892a3e1b745f2039efa9491c18f7a,No,1743626051,4.206
0x5bd07249115373c2f069da83592706fac4e70c66,No,1743626051,3.827
0x5d4adb6eca975bab50d2490ccdfe5d9cd1bf4882,No,1743626051,3.756
0x38ef098f74393d219d92c5112055e618c6bde2d7,No,1743626051,3.755
0x5ae5c4bc5033cd7782b061f652bae25b8d790f6c,No,1743626051,3.461
0x725bcf16bae966975170c4d98e646a518ae071d3,No,1743626051,3.333
0x55aae08c2913c4b582f860031e3afdc2ca0ba063,No,1743626051,3.161
0x9f1ae497afad289aa370f3f4ad038bc5e35f3c27,No,1743626051,2.789
0x801c4b062ccb8c7aee03fddfd14e3ff563e0e966,No,1743626051,2.719
0x245bd6b5d8f494df8256ae44737a1e5d59769ab4,No,1743626051,2.712
0x717f0a9ee93fde2ae196b61b51fda5b892c02b3d,No,1743626051,2.545
0xc9534a59ef121516e5e1aead8d45d151e768e216,No,1743626051,2.459
0xba1333333333a1ba1108e8412f11850a5c319ba9,No,1743626051,2.338
0xd27cd4e2c3f168dbf9b4cfcd82664480973151e9,No,1743626051,2.269
0x6bb0bed604c3c43bb53b9fda53e431c982fc01be,No,1743626051,2.252
0xbd12aa424c207e90b66402c1f0aec357e8b1ded7,No,1743626051,2.228
0x8d831a71dd552ae2657d2c8ee4ceceb86a3dd779,No,1743626051,2.228
0xdfc2ad6492faa517b5572f9fa61716d4f9d121ed,No,1743626051,2.213
0x591f5162547dff90c185271726a5eb540d1395de,No,1743626051,2.123
0xe5c3aabac09838405b82b10b4ddae5a48ae57f9d,No,1743626051,2.114
0x9026a44fb446da394f5810fdb4708a7879cebe34,No,1743626051,2.096
0x96103652ef1d66d7a8f3b66060d126d82a456f47,No,1743626051,2.056
0x1afbcd54aff10fdf0c2e7de4cde86b3e75a3e4e7,No,1743626051,1.964
0x978a89b0178ea8054a99f5bddb0081ea6a3c27c3,No,1743626051,1.934
0xe5d067d8634e109c077192c34c972a10ee6fc731,No,1743626051,1.876
0x9e979ffff022bbbe891fb64c1cfc61e4447d049a,No,1743626051,1.818
0x4518cd6f9cd1085d0cc1eed7c8b3bcd98afafcd9,No,1743626051,1.818
0x28abd3190674dc57e4d3bebeec22f78d121810d5,No,1743626051,1.818
0x1f5fae0615ee87196f229ea19d726d58846bdc0e,No,1743626051,1.818
0x4d6caa3e0983fac7b514d60339ebb538c5a85aae,No,1743626051,1.818
0x25124024390ac79659ed699b087a3e748686df7b,No,1743626051,1.818
0x6fdb1e4206d119555c3ac61ac20c76eb818fa567,No,1743626051,1.818
0xcba986c46f6908be6ee07bf868bb812978c32e08,No,1743626051,1.818
0x9e8b306eea4d50090ac0af1eeac79fcd531eb159,No,1743626051,1.818
0xf94bfbd175219331f9ff323ea703ebd2a05fd33a,No,1743626051,1.818
0x001fe2cdbeeb0743679e958c0861dd8788b28b19,No,1743626051,1.818
0xf035561dce033ded865e15e69db06cffc88d9213,No,1743626051,1.818
0x9d9e26932d012b2ab21b974fe1552f4025b1e1cc,No,1743626051,1.818
0xe5dd78c224f26e306c84a9b1aa2def30bdf15835,No,1743626051,1.818
0x6841ccc2fa23efe3bbe98492f026756479e4a4ec,No,1743626051,1.818
0xd2c04f656448e78b178d6cc3b2ccf91de6ae7f39,No,1743626051,1.818
0x9fbcbfdc3c66562113daba8b501d0d7d55e84688,No,1743626051,1.818
0xf8d97b0de945bb3ec6d634e0fdc48b6a3b9fcb1f,No,1743626051,1.818
0xa63cb29de16607dd5ac18b6cb65bead58d04ac25,No,1743626051,1.818
0x8f8be6f1eac8432e3f0e460402fcb358311a86d4,No,1743626051,1.818
0x68c0dd2b5a5df00bca4f7df8ca9b1425fe817728,No,1743626051,1.818
0x23d2874d56bba76af9866604c76fc5347058aad7,No,1743626051,1.818
0x29397b5b81579504c446e8e86c88196491be5ec5,No,1743626051,1.818
0x8d4d39d2e3104876a0c5fa11efe02597613d2a79,No,1743626051,1.818
0x0eb682c54bb74e0fb37894e4f0b02127e5fb865f,No,1743626051,1.818
0x9ac5f8c48ade024a006206ca5ebd06f275f243ec,No,1743626051,1.818
0x4ca2a670bd5505b870b21331a53d9bb4ae6e2084,No,1743626051,1.818
0x1520ab7dd2ca282fca2810cb7df071c9de3e2f5c,No,1743626051,1.818
0x31287a933b2e153654105013d595dcbd6664fcf9,No,1743626051,1.818
0x7cd192ff8e2e3e5bf8b5e85f858c0f83e22f771d,No,1743626051,1.818
0xd2946cb43fd692f8776be5c91dc523aa3fe69f1d,No,1743626051,1.818
0x56f446074d3dc521786ea456e725775819e260cb,No,1743626051,1.818
0xe6a46ea30a1ef48e8ab2179a203c137702147073,No,1743626051,1.818
0x84d766fb6c86dd8983e5cab3d17e6630c278277e,No,1743626051,1.818
0xe69d81fad86ac5295a1261930c19e7ad009aa52e,No,1743626051,1.818
0xc7b6717c5c30a5645ba308afd2b0df42b850d8e3,No,1743626051,1.818
0xc7baf12d871f26b09dfa61a6e9e3b2eaef7a159a,No,1743626051,1.818
0xe3cd70be09c3a45b73ff5d7cfe37f8b5309ebbdc,No,1743626051,1.818
0x09a2aa22db9f97aabd3da897b156d944c8c50e0f,No,1743626051,1.818
0x75f04fbf12ed979873db692eab1a904abe1e2f32,No,1743626051,1.818
0x409ad638c059375de57d455b78520470ed13f282,No,1743626051,1.818
0x8c0733ba6295af19ae294c19b34e7d163acc7197,No,1743626051,1.818
0x75202586d58c8d2ed726b4abdcda3ecdd91c1e34,No,1743626051,1.818
0x91dc3d24895bb29033cbbf48ed6b5f7b0510d83c,No,1743626051,1.818
0x1d6b8e5fa836c7d5846fb76f188b008c10b67ba5,No,1743626051,1.818
0x5bf79c7bf66a6aa75f4fef4004bc7d527fdf8250,No,1743626051,1.818
0x74aadf1281a7f5546e13f17de5101a310a33bf3f,No,1743626051,1.818
0x683132fe975fac296f21919d625a94a4a86f6fa6,No,1743626051,1.818
0xb7806b30034cc8d13390aa0b713dc0c326cd4358,No,1743626051,1.818
0x31a026bbd8ddc0f95ad827c17c37c0d8fc25d3ff,No,1743626051,1.818
0x4ddcdfbef53747089cab9d775aa461e7a088ff3c,No,1743626051,1.818
0xd50ea36556e1c9abece88a1d9ad5b38261ab515b,No,1743626051,1.818
0x79cda2b2fa8b3c080da06ddce3416b8e4b7c1b14,No,1743626051,1.818
0x0182518980f999ad0c9527d864c15492ab3beeae,No,1743626051,1.818
0x9ac0605353f447a49845365ded45fc57e609a319,No,1743626051,1.818
0xd51aea4a4ba241ded4112c017d73c976a967139f,No,1743626051,1.818
0x3975f79ce2cae19b8d4d5e1f4b134e241bf6f10a,No,1743626051,1.818
0x327c7b1e4bcaa69afa029f042dda3722e3ed74c1,No,1743626051,1.818
0x15923b51ecc5de696d67a85d2a493908c750b237,No,1743626051,1.818
0xaeeb3b86314009f5ee315c49414646a1f5709d1c,No,1743626051,1.818
0x441e1e47a6fa2dbfd3cd9b54291e9ab3a58d7975,No,1743626051,1.818
0x82b1c5ffa4fe976869b4156c90073a8b719d671a,No,1743626051,1.818
0xb9385eb2b944370adcdc22af45ace6140bda6225,No,1743626051,1.818
0x380e7360085407892f33da521dfb01da82b5f2be,No,1743626051,1.818
0x1ce34e220bd710d1a84a135f345b650cc7770e9f,No,1743626051,1.818
0xeaf1eb60c3359b12d501d23a372256846ddbff8d,No,1743626051,1.818
0x68bf9733a1b5688feb430b1d200b2299c74885b1,No,1743626051,1.818
0x9c1a52b599cf652701b41bf137ae022a894b5ea3,No,1743626051,1.818
0xc0dd5675528d8d9f05afe601df6ebda59e2a6733,No,1743626051,1.818
0x41aeb883a0073527e5f5653423cbd59339154a72,No,1743626051,1.818
0x431f2b6e43bed4d845ac5d9b5d030dfc8987691d,No,1743626051,1.818
0x6bc8679c27b49cc4be2c8faf9906bc0465727cf3,No,1743626051,1.818
0x5ac691d7b535cbb755de910123c656ac407f6f29,No,1743626051,1.818
0xf7d7d7dacb1215fba1f6cdd1361092796680cf4f,No,1743626051,1.818
0xa7e93f5a0e718bddc654e525ea668c64fd572882,No,1743626051,1.728
0x9f22ac105351964957b649f562c4a41268965382,No,1743626051,1.716
0xece039bd21e3910187af408909b6529c629ec8e5,No,1743626051,1.526
0x3cbbdc5e6b615eaf094d41fd0f4422c72bcbe8ff,Yes,1743626051,1.502
0x224623eeb6fadb6ff76f5be4b570ee06ee282868,No,1743626051,1.454
0xef364e390ff3f326e3153d0b9c4b944db42155e5,No,1743626051,1.394
0x33a0b5d7da5314594d2c163d448030b9f1cadcb2,No,1743626051,1.125
0x90dafb210c44f4b72e591e7e2f583154290e5d83,No,1743626051,1.12
0xeb77a109a1adb1835f6f52a5da8055448e65b1e5,No,1743626051,1.023
0x51e14dcb7d6ed4d5fcb62143636df837a2437db3,No,1743626051,0.969
0x10c895bf7d9f895cd648448d35f89b23b15dd1a5,No,1743626051,0.947
0xd2a6017179968d65ea6efaaea6f19d60e78314af,No,1743626051,0.832
0x04c1d8ca275434bdc1697eda44d1cade92459b34,No,1743626051,0.752
0x9e4439fcf15fae67bd01a590e468912cb70b9c91,No,1743626051,0.727
0x32aaba58de76bdba912fc14fcc11b8aa6227aee9,No,1743626051,0.644
0xde1f8a73aac5a18a04395b40fc6eee093964faf4,No,1743626051,0.565
0xb972788fd94972d673eb3af068df1dfe11a2ec37,No,1743626051,0.563
0x2933a9010fa10368113d9e4071ddf8c6adcd81d2,No,1743626051,0.56
0xa7cac6d048d42c48470cb93307e6898356a13320,No,1743626051,0.51
0xa1cb96b8eda740581fd74ca56eb23566738419fb,No,1743626051,0.454
0x85c6737ada32ed46066f45d28a612b7647c66410,Yes,1743626051,0.364
0x7ba8868efcc2f04bf9d1a9445d7843d7ae5dd1b4,No,1743626051,0.364
0x5700f03f87db485fdb90e18b3100f00b235886f1,No,1743626051,0.355
0xc7b072b4368e7a221a2de74dac549edcef34cfa3,No,1743626051,0.339
0xfd1af514b8b2bf00d1999497668bff26ccdf4c8a,Yes,1743626051,0.324
0x206c5915856ef684d9f816f3747224c853933115,No,1743626051,0.32
0x031778c7a1c08787aba7a2e0b5149feb5decabd7,No,1743626051,0.309
0x4bb51eb3588358ba59e005b4c5474a2cff7355b7,Yes,1743626051,0.305
0x478189dc3905a08e456c348905c1e5b03de8023d,No,1743626051,0.293
0x911d9369874711363dd5ea1aa7a4d1d089b595a4,No,1743626051,0.278
0xe7f13052fe2ba7d038dac18de5e730542e3979bc,Yes,1743626051,0.204
0x3b33e186573649c9a6c6380f45246c516c150ee1,No,1743626051,0.204
0xb1b5296bcc9f9de90a676d36485cb30ecc46f900,No,1743626051,0.204
0x1a15c730fe686ecf8ba44e3f9b21d5389b55bfbf,No,1743626051,0.204
0xd74f45334c0a754e8d834e1990dab588cdb39140,No,1743626051,0.204
0xcf3c78a77ff01b451a21301a522c48b92a029e70,Yes,1743626051,0.179
0x70b0e653e50eff0109ba6b3b3d4f15453e49d311,No,1743626051,0.175
0x6555032a163641b5f7c9ba32f9543acef7a1559c,No,1743626051,0.146
0x07dd329293000003a159153f6ed12ff7c3a23981,No,1743626051,0.109
0x3a42263bd22fa189072d06169a47ecfce955715f,No,1743626051,0.078
0x541ef672f9d8626090ec6699c2a35f29742152a5,No,1743626051,0.072
0x6224dd3b4757446de11fca940400c162eb313757,No,1743626051,0.061
0xf2a38230ea2e92db69aa520182f368ceec2ed4cd,No,1743626051,0.061
0x6b5e43cccab7cb3f45200d2a38c47a269dd011a8,No,1743626051,0.058
0x3879e62972ec43713d296cfd5a9751b351269cf1,No,1743626051,0.057
0x409caec195e72ede0b27e4deb55524424c5d54a9,No,1743626051,0.034
0x892bef8fe252b1678cdb581822727c2d4537826b,No,1743626051,0.033
0x2535c1d30f861cc09ddb961ddd14cc15a6ca4641,No,1743626051,0.029
0x8b20880fbc214a5eb74ecee679c8971149a45415,No,1743626051,0.026
0x16e2e9b9e6c097be009c0b10f8e78f4de99461be,No,1743626051,0.024
0xe2a0c03b1e7a698b63c9f7cf7c37eff577e890a7,No,1743626051,0.012
0x7d3a0da18e14ccb63375cdc250e8a8399997816f,No,1743626051,0.012
0xcc37ac58c61e76b941ae31beb93f819592139913,No,1743626051,0.01
0x1eb7458ae2d2509691de3514870c543bf1ba4813,No,1743626051,0.01
0x64b1a10f3244a6803ee32902bb3f9d267b6577f7,No,1743626051,0.01
0x969c6ba66e832cdbb56f9bef7d8f4ca98be6c006,No,1743626051,0.01
0xf8fb9316fa63e6401311ad1c861a569087ba3f60,No,1743626051,0.01
0x529070265656213bd739d9cfda525a31fd353b1a,No,1743626051,0.01
0x38d8c1e466dd5889cc8b029394f7dabd55a2e232,No,1743626051,0.01
0xa147ad7eec422919920835011d47b51088bc606b,No,1743626051,0.009
0x6e5191412f7d8fa741285a2f852aad0e00810140,No,1743626051,0.009
0x4e35004054b9195fab156c1b9307e9b569a5b930,No,1743626051,0.009
0xe2515fa79dbab71d1b015dc5cea40a4d795be9cb,No,1743626051,0.009
0x8d85878ca04fe8eee31dcbf53a2aed86b379c93a,No,1743626051,0.008
0x4ef83cb2e76f460431921111a166a3acd8af8c06,No,1743626051,0.008
0xa53158c126a6734db171f965d9abf66ce37f02fa,No,1743626051,0.008
0xfc91d4275995db19d0bb9017ba667325ecdd8741,No,1743626051,0.007
0x79889e8cf01f940ac0773acfd019770547e54e20,No,1743626051,0.007
0xb475f0220afbeb603b287867e4429abe81041472,No,1743626051,0.007
0x26ad67c86e5693f8033766f589b868d2fe51496d,No,1743626051,0.007
0xab5937b9b3be8a568943617dfcbd9d55717c32ec,No,1743626051,0.006
0x63e85080e96f90a7d5ed5666985f35b953fe9dcb,No,1743626051,0.006
0xf01afb9d83006ba5a12267ea8595836e086305e9,No,1743626051,0.006
0x4eb299568aefa4de18136f52ba1564a2ccf28158,No,1743626051,0.005
0x862a146180343638f12137084ac2fd7cc7a47224,No,1743626051,0.005
0x1f39522caa631768b73d1ed8c8ca0eca8f543e85,No,1743626051,0.005
0xb2a2ce3d9be9fc12c98fff2a1c358277be66aa66,No,1743626051,0.005
0x0e44ff4b3ddfaa45dba672cadd5db41d080d6c11,No,1743626051,0.005
0x1cca18430fa4ab078b8df5fd2e7a84ffd3858313,No,1743626051,0.005
0x134e71213b9d480c5df2b0a6916bec0eadcea8e6,No,1743626051,0.004
0x55aa033bcbf561910503609f2a30f0cc6eba11ab,No,1743626051,0.004
0x790ddaa427923debe85932e6984f651fae7d832f,No,1743626051,0.004
0x3ae4972c49f2634c3753c186a1b68ed72d404ddf,No,1743626051,0.004
0x217d57904fc911d97fec7d323820bc312fb135d0,No,1743626051,0.004
0x9e042629bad86c08bd29b56a53917d1527bb63c9,No,1743626051,0.004
0x8e0b3c2d675013e7ca84dfc044678133a6b7a36c,No,1743626051,0.004
0xc9fdc4e87eff1a29bccbada939c6aca7590e1660,No,1743626051,0.004
0x278371008525f4b50547166da389b5fdb8ebce8e,No,1743626051,0.004
0x7bc86a45410bd01a9c2c11c2b23b2afb2617f3ff,No,1743626051,0.004
0x83cccdd523e02d44d229b2b2ee59d69d3af03dd8,No,1743626051,0.003
0x34c263a565157c2c0fefda9c7d205fdbea8ee2ee,No,1743626051,0.003
0x9dadf18c8aec2a80be1473935b5b710b9ac6eaa2,No,1743626051,0.003
0x229fd33073a9bfbea6214a71404ae86eec6eaa3f,No,1743626051,0.002
0xaa673648a822fcf4b143312b85f773f1d1b9f773,No,1743626051,0.002
0x1404ee36a48b524159412da85e7a7d2a7bcef935,No,1743626051,0.002
0x949fd3a64f44b80bb13db2b6af0fabfcf727d354,No,1743626051,0.002
0x956b2e01e38e6a8db2de1e475f55886d51dc4fdf,No,1743626051,0.001
0x369493e33459d16ed0119526d08152b684e03c63,No,1743626051,0.001
0x1889af068f61c4376e337913bf4728ea20dff7a0,No,1743626051,0.001
0x49a8a44fc8ae002e096fba030791d3a3b7c008a6,No,1743626051,0.001
0xa989c0063511a9c773402c6e17d666da7c00f2b2,No,1743626051,0.001
0xe24f35fcc986f94d4cd7c93920a62bafae497db1,No,1743626051,0.001
0x56cf0ff00fd6cfb23ce964c6338b228b0fa76640,No,1743730457,"666,799.696"
0x334f12afb7d8740868be04719639616533075234,No,1743730457,"103,740.279"
0x7b2e78d4dfaaba045a167a70da285e30e8fca196,No,1743730457,"95,715.479"
0xfe13988736d95d052c2e45e5b4e1ef2e2750b7f4,No,1743730457,"93,221.771"
0x874e2b0af4570baf5d116f95744e2d1e5fb7dbb3,No,1743730457,"85,262.048"
0x04a9edd12ed304efb5e5fe83109a65e8e84799c3,No,1743730457,"61,037.384"
0xe1d14a9f4679465a765364ea2fe32f5c38d38f5b,No,1743730457,"59,497.399"
0x2ff064d951996c9fe70d6ba22d8684f37b2e24ec,No,1743730457,"23,375.496"
0xaa36deb402ccf0fee2aa09974552154a9564ae20,No,1743730457,"17,765.136"
0x8dff5ee9e094be20d2cd1bea46d6e1fe6c10c669,No,1743730457,"13,755.505"
0xa78677de2d0b9bf26488bb470ee3e8276b8ba509,No,1743730457,"13,736.512"
0x9afd4d90c7ba73aa68e24b14223c8c43c677505d,No,1743730457,"13,208.328"
0xb95d9b1bcb514cbb31fea317f472bf4858231f7e,No,1743730457,"10,945.141"
0x7571bb9487211f09624fbfa71134e255c1699b69,No,1743730457,"7,631.43"
0x6464dd204ead251e0d767d60640cafc0c02a06de,No,1743730457,"4,587.64"
0x35a22f96e541f395a319a321f20d739021e7c8c8,No,1743730457,"4,571.482"
0x9eb6d10f75b364662313ee3099173dc3ac4048c9,No,1743730457,"4,003.529"
0xd18f8e0eff764a18f7d70c6c84340338dc79d9ff,No,1743730457,"3,679.806"
0x745c611731dabbf4db50707f95d9eb4eb3258877,No,1743730457,"2,559.929"
0x900f2feaf13d922c56fbf8895b510df027d0443a,No,1743730457,"1,912.799"
0x7adba6c27fa12ec222690405a421bca26165d6e3,No,1743730457,"1,884.837"
0xdfd13dcf4f90fa97057a34c512c9517de789c826,No,1743730457,"1,776.375"
0xe082bda07536420401187ba7225ff5f56c30998b,No,1743730457,"1,464.38"
0x95cde8b6ebddf03f5bd4ecc82a74664cd72cd87c,No,1743730457,"1,180.924"
0x67ab5b66debc3217105ab356a219137a0bc07d3a,Yes,1743730457,"1,116.596"
0x7acd208c00d3f6da3581192d981d6985bab5287d,No,1743730457,677.658
0x2a7fc2c27546deaf1723dbc4e30e162941932450,No,1743730457,669.712
0xb4b04564f56f4795ea4e14d566af78da54a99980,No,1743730457,657.518
0xbac525271fcf4deed00380e70b0c20ff1121d755,No,1743730457,528.596
0xd8ad1fea3fb40671a2ed0fd17f4f196a4be75fb4,No,1743730457,505.829
0xe358a8b6c3babecb22919c863296401919e520be,No,1743730457,489.963
0xe1d93f9a4982cf170baddf711ac93a9e10b1ec1e,No,1743730457,459.871
0xa5ac847fc0e14223395778d216f58501f138e9a2,No,1743730457,427.405
0xfe3e4266c02fe56af770c080010a927da08bbcc2,No,1743730457,422.256
0x4a33863614b5c8f851917f3746ec2cc2a51ea46e,No,1743730457,385.949
0xe18ff9d58b4deb8c17ccba79a87fbed548ab06b3,No,1743730457,378.897
0xec9048b59b3467415b1a38f63416407ea0c70fb8,No,1743730457,369.695
0x923bfbcf199afcdf2071d60a811132ce4b747984,No,1743730457,366.454
0x45a22924a6353058d383583c940a16e75cda155a,No,1743730457,357.853
0x212cee1b89ad0ad359be0cc4d210948536af32cc,No,1743730457,331.198
0x9fd1e583b7c9a56b2c36fb67a03872d749341a43,No,1743730457,327.151
0x4008f34b31204155ac77fc97c3f458c052672531,No,1743730457,309.393
0x983ced6e1d35718122f0b1f9b4eafc04185c1130,No,1743730457,242.695
0x20b69fda9379c8ae82cb78ea71d4d9e740e88196,No,1743730457,225.966
0x41222737c2dade698e5d1670fa25276674d1e522,No,1743730457,221.069
0xa83935efd1d09dbd0e09021036b6b79b211baf65,No,1743730457,211.66
0x79ef6a46fb8ab365ae15613496ca3e5619edb5ad,No,1743730457,211.638
0x5c16873795d083fab71d4cbf5b073d22cf38f659,Yes,1743730457,208.264
0x5e7b645d5bf86750cb1913122ba8a8545e2a9fd1,No,1743730457,205.205
0xe4a982fa1f1e8ad1af238a7b1226b13b56bf5ccd,No,1743730457,195.469
0xdfbb4c382f29dc431356c1fb3e4bb73790f0fae4,No,1743730457,182.018
0x7db90e374edd104077abcbed45d7117f734777a3,No,1743730457,178.463
0x6687c671980e65ebd722b9146fc61e2471558dd6,Yes,1743730457,176.678
0x33d10de1e65e6193044e277a77c3fd02d59b1c3f,No,1743730457,161.459
0x494c439ef103f87b4d8f6b475cdbb8d07f940ff0,No,1743730457,150.73
0xefb8e220f012241a00f5dae4a5b2c473a742a63a,No,1743730457,150.2
0xd08c3627600c05e979ae936686736e602c8e6bb2,No,1743730457,148.465
0xa6e28a1c053295cc34d335efb5801d82204d8922,No,1743730457,147.638
0xbc9e9f2a49ea0f0619f79c0a0d8b4a19ba79cba7,No,1743730457,137.465
0x95299a38c7ca21b70325979258bd7f40e27f1e2a,No,1743730457,122.521
0x35d3cbcf2d75c82febfddf69b01d2dd78fd780eb,No,1743730457,120.774
0xd6a2a456b48836f38ace550c59c421ca24f1681a,No,1743730457,112.37
0x165604b4240a6970acc4dfe314938e0361b0166d,No,1743730457,108.011
0x9008d19f58aabd9ed0d60971565aa8510560ab41,No,1743730457,84.988
0x56e665674d26a3ec69ea0e27f001d42481f7ff53,No,1743730457,78.171
0xb7f2947c23c18eb67141829014472df9244f6f9b,No,1743730457,51.385
0x447b68dc638a582612b3f1443538211665461949,No,1743730457,47.998
0x187e0966046da5b110fdc986c9b94bd8416837af,No,1743730457,46.974
0x0a2a2e54997f5e32b70b3c294172bec86c747dd7,No,1743730457,41.991
0xc978f4364c03a00352e8c7d9619b42e26b6424ab,No,1743730457,36.51
0x3f5bd70412cccb1516c8970c3e5a5873a45b9934,No,1743730457,29.993
0xfc9dcba32cc3c86cef07e69c3fae630db2785a9e,No,1743730457,25.131
0xa7bd30c73549c7948e2ef5d46215a5ce95275b98,No,1743730457,24.395
0x60abacfaa6f3bd4072707fce6f4eaaaae414847b,No,1743730457,23.222
0xc58598141a72db365e8ecd4d740a191913551d0f,No,1743730457,22.477
0xab06ff77044db8a5a48f1b49833d87abfaebad09,No,1743730457,21.741
0x97e55df556254ddb9298abb16307c5c378b74cca,No,1743730457,20.988
0x1e3ec1e5cd9c91c32cd676b7026a327298d54d60,No,1743730457,19.99
0x159d726ab894970fb32387ae9cb072111fd4508e,No,1743730457,17.878
0x131cf758d9ef6bca88928442dc715c8fdc113952,No,1743730457,17.788
0x41cd6228341ea33e8d9659f09bf0e5aadc54c5e7,Yes,1743730457,16.909
0x59512422af0709c7cab8285838975cd8d7c7ce7d,No,1743730457,16.678
0x6428178a1324896bd8ea897565d909945da33ee9,No,1743730457,14.254
0xae25817e57d1be8c2c60ba911300f4fc45a9f8cb,No,1743730457,10.924
0x89c4acb8b5b5b8e5b2121934b9e143569a914c80,No,1743730457,10.875
0x5ed3339ab4e90855ddb7f9e2905253e9d2ab59ed,No,1743730457,9.421
0xef4d9e1f4e9e2dd9e747b53f4be3d04bfa935f2d,No,1743730457,8.79
0x5ae31b437851b57a491603d6c7a845b61c88f1f5,Yes,1743730457,8.248
0xf28a1ff4cd9b579b55195cb9528ef8f7a8b10a33,No,1743730457,7.462
0x470ba0f3bc80d88d3cd9cfd28dd125da0e545993,No,1743730457,7.387
0x461cbd5765360733a02d4571591d54c8b8a517ea,No,1743730457,7.089
0xf9c729054ed9691884a19334098378b399b469ea,No,1743730457,7.019
0xdbd5e2bf0e87a6361bd0b587cc4c0b3fcf5dc259,No,1743730457,6.716
0xb1998487b4cd187b4c4d1ad81a957ccbc10a0f85,No,1743730457,6.168
0xa999ac5c4a1178b07adf249a7e48d2c7aec19d3d,No,1743730457,6.044
0xde2a93da4b0a34b878e00718f6e079e022f276f1,No,1743730457,6.039
0x29f3c8b6a90f10f96f269495f4af184c0988a594,No,1743730457,5.628
0x111f08c1e58ad604f6fdc5b1d0d3dd9a89d0dc2f,No,1743730457,5.609
0x0c4f8ccbb4cf9c2ee568e33f21c807b1931726e4,No,1743730457,5.224
0x23069f1978fe4d6ec88bf0b84bca2b39d3b285e1,No,1743730457,4.933
0xed6818c68496aff31f6064c880aa235ab99b3acb,No,1743730457,4.831
0x71044ae277bac65c4dfcd598d07a60fc6810fb8e,No,1743730457,4.638
0xca5c758a8b9892a3e1b745f2039efa9491c18f7a,No,1743730457,4.18
0x5bd07249115373c2f069da83592706fac4e70c66,No,1743730457,3.804
0x5d4adb6eca975bab50d2490ccdfe5d9cd1bf4882,No,1743730457,3.733
0x38ef098f74393d219d92c5112055e618c6bde2d7,No,1743730457,3.731
0x5ae5c4bc5033cd7782b061f652bae25b8d790f6c,No,1743730457,3.461
0x725bcf16bae966975170c4d98e646a518ae071d3,No,1743730457,3.333
0x55aae08c2913c4b582f860031e3afdc2ca0ba063,No,1743730457,3.161
0x9f1ae497afad289aa370f3f4ad038bc5e35f3c27,No,1743730457,2.789
0x801c4b062ccb8c7aee03fddfd14e3ff563e0e966,No,1743730457,2.719
0x245bd6b5d8f494df8256ae44737a1e5d59769ab4,No,1743730457,2.708
0x717f0a9ee93fde2ae196b61b51fda5b892c02b3d,No,1743730457,2.529
0xc9534a59ef121516e5e1aead8d45d151e768e216,No,1743730457,2.444
0xba1333333333a1ba1108e8412f11850a5c319ba9,No,1743730457,2.338
0xd27cd4e2c3f168dbf9b4cfcd82664480973151e9,No,1743730457,2.255
0x6bb0bed604c3c43bb53b9fda53e431c982fc01be,No,1743730457,2.239
0xbd12aa424c207e90b66402c1f0aec357e8b1ded7,No,1743730457,2.228
0x8d831a71dd552ae2657d2c8ee4ceceb86a3dd779,No,1743730457,2.228
0xdfc2ad6492faa517b5572f9fa61716d4f9d121ed,No,1743730457,2.2
0x591f5162547dff90c185271726a5eb540d1395de,No,1743730457,2.11
0xe5c3aabac09838405b82b10b4ddae5a48ae57f9d,No,1743730457,2.101
0x9026a44fb446da394f5810fdb4708a7879cebe34,No,1743730457,2.083
0x96103652ef1d66d7a8f3b66060d126d82a456f47,No,1743730457,2.044
0x1afbcd54aff10fdf0c2e7de4cde86b3e75a3e4e7,No,1743730457,1.952
0x978a89b0178ea8054a99f5bddb0081ea6a3c27c3,No,1743730457,1.922
0xe5d067d8634e109c077192c34c972a10ee6fc731,No,1743730457,1.864
0x9e979ffff022bbbe891fb64c1cfc61e4447d049a,No,1743730457,1.806
0x4518cd6f9cd1085d0cc1eed7c8b3bcd98afafcd9,No,1743730457,1.806
0x28abd3190674dc57e4d3bebeec22f78d121810d5,No,1743730457,1.806
0x1f5fae0615ee87196f229ea19d726d58846bdc0e,No,1743730457,1.806
0x4d6caa3e0983fac7b514d60339ebb538c5a85aae,No,1743730457,1.806
0x25124024390ac79659ed699b087a3e748686df7b,No,1743730457,1.806
0x6fdb1e4206d119555c3ac61ac20c76eb818fa567,No,1743730457,1.806
0xcba986c46f6908be6ee07bf868bb812978c32e08,No,1743730457,1.806
0x9e8b306eea4d50090ac0af1eeac79fcd531eb159,No,1743730457,1.806
0xf94bfbd175219331f9ff323ea703ebd2a05fd33a,No,1743730457,1.806
0x001fe2cdbeeb0743679e958c0861dd8788b28b19,No,1743730457,1.806
0xf035561dce033ded865e15e69db06cffc88d9213,No,1743730457,1.806
0x9d9e26932d012b2ab21b974fe1552f4025b1e1cc,No,1743730457,1.806
0xe5dd78c224f26e306c84a9b1aa2def30bdf15835,No,1743730457,1.806
0x6841ccc2fa23efe3bbe98492f026756479e4a4ec,No,1743730457,1.806
0xd2c04f656448e78b178d6cc3b2ccf91de6ae7f39,No,1743730457,1.806
0x9fbcbfdc3c66562113daba8b501d0d7d55e84688,No,1743730457,1.806
0xf8d97b0de945bb3ec6d634e0fdc48b6a3b9fcb1f,No,1743730457,1.806
0xa63cb29de16607dd5ac18b6cb65bead58d04ac25,No,1743730457,1.806
0x8f8be6f1eac8432e3f0e460402fcb358311a86d4,No,1743730457,1.806
0x68c0dd2b5a5df00bca4f7df8ca9b1425fe817728,No,1743730457,1.806
0x23d2874d56bba76af9866604c76fc5347058aad7,No,1743730457,1.806
0x29397b5b81579504c446e8e86c88196491be5ec5,No,1743730457,1.806
0x8d4d39d2e3104876a0c5fa11efe02597613d2a79,No,1743730457,1.806
0x0eb682c54bb74e0fb37894e4f0b02127e5fb865f,No,1743730457,1.806
0x9ac5f8c48ade024a006206ca5ebd06f275f243ec,No,1743730457,1.806
0x4ca2a670bd5505b870b21331a53d9bb4ae6e2084,No,1743730457,1.806
0x1520ab7dd2ca282fca2810cb7df071c9de3e2f5c,No,1743730457,1.806
0x31287a933b2e153654105013d595dcbd6664fcf9,No,1743730457,1.806
0x7cd192ff8e2e3e5bf8b5e85f858c0f83e22f771d,No,1743730457,1.806
0xd2946cb43fd692f8776be5c91dc523aa3fe69f1d,No,1743730457,1.806
0x56f446074d3dc521786ea456e725775819e260cb,No,1743730457,1.806
0xe6a46ea30a1ef48e8ab2179a203c137702147073,No,1743730457,1.806
0x84d766fb6c86dd8983e5cab3d17e6630c278277e,No,1743730457,1.806
0xe69d81fad86ac5295a1261930c19e7ad009aa52e,No,1743730457,1.806
0xc7b6717c5c30a5645ba308afd2b0df42b850d8e3,No,1743730457,1.806
0xc7baf12d871f26b09dfa61a6e9e3b2eaef7a159a,No,1743730457,1.806
0xe3cd70be09c3a45b73ff5d7cfe37f8b5309ebbdc,No,1743730457,1.806
0x09a2aa22db9f97aabd3da897b156d944c8c50e0f,No,1743730457,1.806
0x75f04fbf12ed979873db692eab1a904abe1e2f32,No,1743730457,1.806
0x409ad638c059375de57d455b78520470ed13f282,No,1743730457,1.806
0x8c0733ba6295af19ae294c19b34e7d163acc7197,No,1743730457,1.806
0x75202586d58c8d2ed726b4abdcda3ecdd91c1e34,No,1743730457,1.806
0x91dc3d24895bb29033cbbf48ed6b5f7b0510d83c,No,1743730457,1.806
0x1d6b8e5fa836c7d5846fb76f188b008c10b67ba5,No,1743730457,1.806
0x5bf79c7bf66a6aa75f4fef4004bc7d527fdf8250,No,1743730457,1.806
0x74aadf1281a7f5546e13f17de5101a310a33bf3f,No,1743730457,1.806
0x683132fe975fac296f21919d625a94a4a86f6fa6,No,1743730457,1.806
0xb7806b30034cc8d13390aa0b713dc0c326cd4358,No,1743730457,1.806
0x31a026bbd8ddc0f95ad827c17c37c0d8fc25d3ff,No,1743730457,1.806
0x4ddcdfbef53747089cab9d775aa461e7a088ff3c,No,1743730457,1.806
0xd50ea36556e1c9abece88a1d9ad5b38261ab515b,No,1743730457,1.806
0x79cda2b2fa8b3c080da06ddce3416b8e4b7c1b14,No,1743730457,1.806
0x0182518980f999ad0c9527d864c15492ab3beeae,No,1743730457,1.806
0x9ac0605353f447a49845365ded45fc57e609a319,No,1743730457,1.806
0xd51aea4a4ba241ded4112c017d73c976a967139f,No,1743730457,1.806
0x3975f79ce2cae19b8d4d5e1f4b134e241bf6f10a,No,1743730457,1.806
0x327c7b1e4bcaa69afa029f042dda3722e3ed74c1,No,1743730457,1.806
0x15923b51ecc5de696d67a85d2a493908c750b237,No,1743730457,1.806
0xaeeb3b86314009f5ee315c49414646a1f5709d1c,No,1743730457,1.806
0x441e1e47a6fa2dbfd3cd9b54291e9ab3a58d7975,No,1743730457,1.806
0x82b1c5ffa4fe976869b4156c90073a8b719d671a,No,1743730457,1.806
0xb9385eb2b944370adcdc22af45ace6140bda6225,No,1743730457,1.806
0x380e7360085407892f33da521dfb01da82b5f2be,No,1743730457,1.806
0x1ce34e220bd710d1a84a135f345b650cc7770e9f,No,1743730457,1.806
0xeaf1eb60c3359b12d501d23a372256846ddbff8d,No,1743730457,1.806
0x68bf9733a1b5688feb430b1d200b2299c74885b1,No,1743730457,1.806
0x9c1a52b599cf652701b41bf137ae022a894b5ea3,No,1743730457,1.806
0xc0dd5675528d8d9f05afe601df6ebda59e2a6733,No,1743730457,1.806
0x41aeb883a0073527e5f5653423cbd59339154a72,No,1743730457,1.806
0x431f2b6e43bed4d845ac5d9b5d030dfc8987691d,No,1743730457,1.806
0x6bc8679c27b49cc4be2c8faf9906bc0465727cf3,No,1743730457,1.806
0x5ac691d7b535cbb755de910123c656ac407f6f29,No,1743730457,1.806
0xf7d7d7dacb1215fba1f6cdd1361092796680cf4f,No,1743730457,1.806
0xa7e93f5a0e718bddc654e525ea668c64fd572882,No,1743730457,1.728
0x9f22ac105351964957b649f562c4a41268965382,No,1743730457,1.724
0xece039bd21e3910187af408909b6529c629ec8e5,No,1743730457,1.516
0x3cbbdc5e6b615eaf094d41fd0f4422c72bcbe8ff,Yes,1743730457,1.492
0x224623eeb6fadb6ff76f5be4b570ee06ee282868,No,1743730457,1.445
0xef364e390ff3f326e3153d0b9c4b944db42155e5,No,1743730457,1.394
0x33a0b5d7da5314594d2c163d448030b9f1cadcb2,No,1743730457,1.122
0x90dafb210c44f4b72e591e7e2f583154290e5d83,No,1743730457,1.113
0xeb77a109a1adb1835f6f52a5da8055448e65b1e5,No,1743730457,1.041
0x51e14dcb7d6ed4d5fcb62143636df837a2437db3,No,1743730457,0.969
0x10c895bf7d9f895cd648448d35f89b23b15dd1a5,No,1743730457,0.941
0xd2a6017179968d65ea6efaaea6f19d60e78314af,No,1743730457,0.832
0x04c1d8ca275434bdc1697eda44d1cade92459b34,No,1743730457,0.747
0x9e4439fcf15fae67bd01a590e468912cb70b9c91,No,1743730457,0.723
0x32aaba58de76bdba912fc14fcc11b8aa6227aee9,No,1743730457,0.644
0xde1f8a73aac5a18a04395b40fc6eee093964faf4,No,1743730457,0.565
0xb972788fd94972d673eb3af068df1dfe11a2ec37,No,1743730457,0.562
0x2933a9010fa10368113d9e4071ddf8c6adcd81d2,No,1743730457,0.56
0xa7cac6d048d42c48470cb93307e6898356a13320,No,1743730457,0.507
0xa1cb96b8eda740581fd74ca56eb23566738419fb,No,1743730457,0.454
0xc7b072b4368e7a221a2de74dac549edcef34cfa3,No,1743730457,0.375
0x85c6737ada32ed46066f45d28a612b7647c66410,Yes,1743730457,0.362
0x7ba8868efcc2f04bf9d1a9445d7843d7ae5dd1b4,No,1743730457,0.361
0x5700f03f87db485fdb90e18b3100f00b235886f1,No,1743730457,0.353
0xfd1af514b8b2bf00d1999497668bff26ccdf4c8a,Yes,1743730457,0.322
0x206c5915856ef684d9f816f3747224c853933115,No,1743730457,0.318
0x478189dc3905a08e456c348905c1e5b03de8023d,No,1743730457,0.311
0x031778c7a1c08787aba7a2e0b5149feb5decabd7,No,1743730457,0.308
0x4bb51eb3588358ba59e005b4c5474a2cff7355b7,Yes,1743730457,0.303
0x911d9369874711363dd5ea1aa7a4d1d089b595a4,No,1743730457,0.276
0xe7f13052fe2ba7d038dac18de5e730542e3979bc,Yes,1743730457,0.203
0x3b33e186573649c9a6c6380f45246c516c150ee1,No,1743730457,0.203
0xb1b5296bcc9f9de90a676d36485cb30ecc46f900,No,1743730457,0.203
0x1a15c730fe686ecf8ba44e3f9b21d5389b55bfbf,No,1743730457,0.203
0xd74f45334c0a754e8d834e1990dab588cdb39140,No,1743730457,0.203
0xcf3c78a77ff01b451a21301a522c48b92a029e70,Yes,1743730457,0.179
0x70b0e653e50eff0109ba6b3b3d4f15453e49d311,No,1743730457,0.174
0x6555032a163641b5f7c9ba32f9543acef7a1559c,No,1743730457,0.145
0x07dd329293000003a159153f6ed12ff7c3a23981,No,1743730457,0.108
0x3a42263bd22fa189072d06169a47ecfce955715f,No,1743730457,0.078
0x541ef672f9d8626090ec6699c2a35f29742152a5,No,1743730457,0.072
0x6224dd3b4757446de11fca940400c162eb313757,No,1743730457,0.061
0xf2a38230ea2e92db69aa520182f368ceec2ed4cd,No,1743730457,0.061
0x6b5e43cccab7cb3f45200d2a38c47a269dd011a8,No,1743730457,0.058
0x3879e62972ec43713d296cfd5a9751b351269cf1,No,1743730457,0.057
0x409caec195e72ede0b27e4deb55524424c5d54a9,No,1743730457,0.034
0x892bef8fe252b1678cdb581822727c2d4537826b,No,1743730457,0.032
0x2535c1d30f861cc09ddb961ddd14cc15a6ca4641,No,1743730457,0.029
0x8b20880fbc214a5eb74ecee679c8971149a45415,No,1743730457,0.026
0x16e2e9b9e6c097be009c0b10f8e78f4de99461be,No,1743730457,0.024
0xe2a0c03b1e7a698b63c9f7cf7c37eff577e890a7,No,1743730457,0.012
0x7d3a0da18e14ccb63375cdc250e8a8399997816f,No,1743730457,0.012
0xcc37ac58c61e76b941ae31beb93f819592139913,No,1743730457,0.01
0x64b1a10f3244a6803ee32902bb3f9d267b6577f7,No,1743730457,0.01
0x969c6ba66e832cdbb56f9bef7d8f4ca98be6c006,No,1743730457,0.01
0x1eb7458ae2d2509691de3514870c543bf1ba4813,No,1743730457,0.01
0xf8fb9316fa63e6401311ad1c861a569087ba3f60,No,1743730457,0.01
0x529070265656213bd739d9cfda525a31fd353b1a,No,1743730457,0.01
0x38d8c1e466dd5889cc8b029394f7dabd55a2e232,No,1743730457,0.01
0xa147ad7eec422919920835011d47b51088bc606b,No,1743730457,0.009
0x6e5191412f7d8fa741285a2f852aad0e00810140,No,1743730457,0.009
0x4e35004054b9195fab156c1b9307e9b569a5b930,No,1743730457,0.009
0xe2515fa79dbab71d1b015dc5cea40a4d795be9cb,No,1743730457,0.009
0x8d85878ca04fe8eee31dcbf53a2aed86b379c93a,No,1743730457,0.008
0x4ef83cb2e76f460431921111a166a3acd8af8c06,No,1743730457,0.008
0xa53158c126a6734db171f965d9abf66ce37f02fa,No,1743730457,0.008
0xfc91d4275995db19d0bb9017ba667325ecdd8741,No,1743730457,0.007
0x79889e8cf01f940ac0773acfd019770547e54e20,No,1743730457,0.007
0xb475f0220afbeb603b287867e4429abe81041472,No,1743730457,0.007
0x26ad67c86e5693f8033766f589b868d2fe51496d,No,1743730457,0.007
0xab5937b9b3be8a568943617dfcbd9d55717c32ec,No,1743730457,0.006
0x63e85080e96f90a7d5ed5666985f35b953fe9dcb,No,1743730457,0.006
0xf01afb9d83006ba5a12267ea8595836e086305e9,No,1743730457,0.006
0x4eb299568aefa4de18136f52ba1564a2ccf28158,No,1743730457,0.005
0x862a146180343638f12137084ac2fd7cc7a47224,No,1743730457,0.005
0x1f39522caa631768b73d1ed8c8ca0eca8f543e85,No,1743730457,0.005
0xb2a2ce3d9be9fc12c98fff2a1c358277be66aa66,No,1743730457,0.005
0x0e44ff4b3ddfaa45dba672cadd5db41d080d6c11,No,1743730457,0.005
0x55aa033bcbf561910503609f2a30f0cc6eba11ab,No,1743730457,0.005
0x1cca18430fa4ab078b8df5fd2e7a84ffd3858313,No,1743730457,0.005
0x134e71213b9d480c5df2b0a6916bec0eadcea8e6,No,1743730457,0.004
0xc9fdc4e87eff1a29bccbada939c6aca7590e1660,No,1743730457,0.004
0x790ddaa427923debe85932e6984f651fae7d832f,No,1743730457,0.004
0x3ae4972c49f2634c3753c186a1b68ed72d404ddf,No,1743730457,0.004
0x217d57904fc911d97fec7d323820bc312fb135d0,No,1743730457,0.004
0x9e042629bad86c08bd29b56a53917d1527bb63c9,No,1743730457,0.004
0x8e0b3c2d675013e7ca84dfc044678133a6b7a36c,No,1743730457,0.004
0x278371008525f4b50547166da389b5fdb8ebce8e,No,1743730457,0.004
0x7bc86a45410bd01a9c2c11c2b23b2afb2617f3ff,No,1743730457,0.004
0x83cccdd523e02d44d229b2b2ee59d69d3af03dd8,No,1743730457,0.003
0x34c263a565157c2c0fefda9c7d205fdbea8ee2ee,No,1743730457,0.003
0x9dadf18c8aec2a80be1473935b5b710b9ac6eaa2,No,1743730457,0.003
0x229fd33073a9bfbea6214a71404ae86eec6eaa3f,No,1743730457,0.002
0xaa673648a822fcf4b143312b85f773f1d1b9f773,No,1743730457,0.002
0x1404ee36a48b524159412da85e7a7d2a7bcef935,No,1743730457,0.002
0x949fd3a64f44b80bb13db2b6af0fabfcf727d354,No,1743730457,0.002
0x956b2e01e38e6a8db2de1e475f55886d51dc4fdf,No,1743730457,0.001
0x369493e33459d16ed0119526d08152b684e03c63,No,1743730457,0.001
0xe24f35fcc986f94d4cd7c93920a62bafae497db1,No,1743730457,0.001
0x56cf0ff00fd6cfb23ce964c6338b228b0fa76640,No,1744312700,"666,799.696"
0x334f12afb7d8740868be04719639616533075234,No,1744312700,"103,740.279"
0x7b2e78d4dfaaba045a167a70da285e30e8fca196,No,1744312700,"95,715.479"
0xfe13988736d95d052c2e45e5b4e1ef2e2750b7f4,No,1744312700,"93,221.771"
0x874e2b0af4570baf5d116f95744e2d1e5fb7dbb3,No,1744312700,"85,262.048"
0x04a9edd12ed304efb5e5fe83109a65e8e84799c3,No,1744312700,"61,037.384"
0xe1d14a9f4679465a765364ea2fe32f5c38d38f5b,No,1744312700,"59,497.399"
0x2ff064d951996c9fe70d6ba22d8684f37b2e24ec,No,1744312700,"23,971.35"
0xaa36deb402ccf0fee2aa09974552154a9564ae20,No,1744312700,"20,535.762"
0x8dff5ee9e094be20d2cd1bea46d6e1fe6c10c669,No,1744312700,"13,755.505"
0xa78677de2d0b9bf26488bb470ee3e8276b8ba509,No,1744312700,"13,736.512"
0x9afd4d90c7ba73aa68e24b14223c8c43c677505d,No,1744312700,"13,208.328"
0xb95d9b1bcb514cbb31fea317f472bf4858231f7e,No,1744312700,"10,945.141"
0x7571bb9487211f09624fbfa71134e255c1699b69,No,1744312700,"7,631.43"
0x6464dd204ead251e0d767d60640cafc0c02a06de,No,1744312700,"4,587.64"
0x35a22f96e541f395a319a321f20d739021e7c8c8,No,1744312700,"4,571.482"
0x9eb6d10f75b364662313ee3099173dc3ac4048c9,No,1744312700,"4,003.529"
0xd18f8e0eff764a18f7d70c6c84340338dc79d9ff,No,1744312700,"3,679.806"
0x745c611731dabbf4db50707f95d9eb4eb3258877,No,1744312700,"2,559.929"
0x900f2feaf13d922c56fbf8895b510df027d0443a,No,1744312700,"1,912.799"
0x7adba6c27fa12ec222690405a421bca26165d6e3,No,1744312700,"1,884.837"
0xdfd13dcf4f90fa97057a34c512c9517de789c826,No,1744312700,"1,776.375"
0xe082bda07536420401187ba7225ff5f56c30998b,No,1744312700,"1,464.38"
0x95cde8b6ebddf03f5bd4ecc82a74664cd72cd87c,No,1744312700,"1,271.484"
0x67ab5b66debc3217105ab356a219137a0bc07d3a,Yes,1744312700,"1,116.596"
0xb16a6a5c75df040bcbd460df835d703659ec1db8,No,1744312700,767.406
0x2a7fc2c27546deaf1723dbc4e30e162941932450,No,1744312700,669.712
0xb4b04564f56f4795ea4e14d566af78da54a99980,No,1744312700,657.518
0x7acd208c00d3f6da3581192d981d6985bab5287d,No,1744312700,652.611
0xbac525271fcf4deed00380e70b0c20ff1121d755,No,1744312700,528.596
0x29bce288b3701050b15b63b05801dec095d8a445,No,1744312700,510.077
0xd8ad1fea3fb40671a2ed0fd17f4f196a4be75fb4,No,1744312700,505.829
0xe358a8b6c3babecb22919c863296401919e520be,No,1744312700,489.963
0xe1d93f9a4982cf170baddf711ac93a9e10b1ec1e,No,1744312700,459.871
0xa5ac847fc0e14223395778d216f58501f138e9a2,No,1744312700,427.405
0xfe3e4266c02fe56af770c080010a927da08bbcc2,No,1744312700,417.109
0xdc68e82bf690cc1471aab9c5ccc4726e55a0b554,No,1744312700,412.366
0x4a33863614b5c8f851917f3746ec2cc2a51ea46e,No,1744312700,385.949
0xe18ff9d58b4deb8c17ccba79a87fbed548ab06b3,No,1744312700,378.897
0xb93f148451568493f531ce4bfb63b222055fad31,No,1744312700,375.896
0xec9048b59b3467415b1a38f63416407ea0c70fb8,No,1744312700,369.695
0x923bfbcf199afcdf2071d60a811132ce4b747984,No,1744312700,366.454
0x45a22924a6353058d383583c940a16e75cda155a,No,1744312700,357.853
0x9fd1e583b7c9a56b2c36fb67a03872d749341a43,No,1744312700,357.705
0x212cee1b89ad0ad359be0cc4d210948536af32cc,No,1744312700,331.198
0x439da609d21de59354d64c1cdba2b92812d419bc,No,1744312700,309.934
0x4008f34b31204155ac77fc97c3f458c052672531,No,1744312700,309.393
0x983ced6e1d35718122f0b1f9b4eafc04185c1130,No,1744312700,242.695
0x20b69fda9379c8ae82cb78ea71d4d9e740e88196,No,1744312700,225.966
0x41222737c2dade698e5d1670fa25276674d1e522,No,1744312700,221.069
0xa83935efd1d09dbd0e09021036b6b79b211baf65,No,1744312700,211.66
0x79ef6a46fb8ab365ae15613496ca3e5619edb5ad,No,1744312700,211.638
0x5c16873795d083fab71d4cbf5b073d22cf38f659,Yes,1744312700,208.264
0x5e7b645d5bf86750cb1913122ba8a8545e2a9fd1,No,1744312700,198.765
0xe4a982fa1f1e8ad1af238a7b1226b13b56bf5ccd,No,1744312700,195.469
0xdfbb4c382f29dc431356c1fb3e4bb73790f0fae4,No,1744312700,182.018
0x7db90e374edd104077abcbed45d7117f734777a3,No,1744312700,177.729
0x33d10de1e65e6193044e277a77c3fd02d59b1c3f,No,1744312700,161.459
0x14df3d882312e184951479cf75343732e6dd6129,No,1744312700,154.861
0x42ceec7f37f20f40ef70004ab9699056360a10a9,No,1744312700,154.114
0x494c439ef103f87b4d8f6b475cdbb8d07f940ff0,No,1744312700,150.73
0x153709dadc062f6878803ec28d4792559c7705a8,No,1744312700,150.639
0xefb8e220f012241a00f5dae4a5b2c473a742a63a,No,1744312700,150.2
0xd08c3627600c05e979ae936686736e602c8e6bb2,No,1744312700,148.465
0xa6e28a1c053295cc34d335efb5801d82204d8922,No,1744312700,147.638
0xbc9e9f2a49ea0f0619f79c0a0d8b4a19ba79cba7,No,1744312700,137.465
0x6687c671980e65ebd722b9146fc61e2471558dd6,Yes,1744312700,122.46
0x35d3cbcf2d75c82febfddf69b01d2dd78fd780eb,No,1744312700,120.774
0x95299a38c7ca21b70325979258bd7f40e27f1e2a,No,1744312700,119.157
0xd6a2a456b48836f38ace550c59c421ca24f1681a,No,1744312700,112.37
0x165604b4240a6970acc4dfe314938e0361b0166d,No,1744312700,108.011
0x9008d19f58aabd9ed0d60971565aa8510560ab41,No,1744312700,84.996
0x56e665674d26a3ec69ea0e27f001d42481f7ff53,No,1744312700,78.171
0xb7f2947c23c18eb67141829014472df9244f6f9b,No,1744312700,51.385
0x447b68dc638a582612b3f1443538211665461949,No,1744312700,47.998
0x187e0966046da5b110fdc986c9b94bd8416837af,No,1744312700,47.091
0x0a2a2e54997f5e32b70b3c294172bec86c747dd7,No,1744312700,41.991
0xc978f4364c03a00352e8c7d9619b42e26b6424ab,No,1744312700,36.51
0x3f5bd70412cccb1516c8970c3e5a5873a45b9934,No,1744312700,29.993
0xfc9dcba32cc3c86cef07e69c3fae630db2785a9e,No,1744312700,25.131
0xa7bd30c73549c7948e2ef5d46215a5ce95275b98,No,1744312700,24.395
0x60abacfaa6f3bd4072707fce6f4eaaaae414847b,No,1744312700,23.222
0xc58598141a72db365e8ecd4d740a191913551d0f,No,1744312700,22.477
0xab06ff77044db8a5a48f1b49833d87abfaebad09,No,1744312700,21.741
0x97e55df556254ddb9298abb16307c5c378b74cca,No,1744312700,20.988
0x1e3ec1e5cd9c91c32cd676b7026a327298d54d60,No,1744312700,19.99
0x59512422af0709c7cab8285838975cd8d7c7ce7d,No,1744312700,18.359
0x159d726ab894970fb32387ae9cb072111fd4508e,No,1744312700,17.878
0x131cf758d9ef6bca88928442dc715c8fdc113952,No,1744312700,17.788
0x41cd6228341ea33e8d9659f09bf0e5aadc54c5e7,Yes,1744312700,16.954
0x6428178a1324896bd8ea897565d909945da33ee9,No,1744312700,14.254
0xd0363ccd573163df94b754ca00c0aca2bb66b748,No,1744312700,12.119
0xae25817e57d1be8c2c60ba911300f4fc45a9f8cb,No,1744312700,10.924
0x89c4acb8b5b5b8e5b2121934b9e143569a914c80,No,1744312700,10.875
0x5ed3339ab4e90855ddb7f9e2905253e9d2ab59ed,No,1744312700,9.421
0xef4d9e1f4e9e2dd9e747b53f4be3d04bfa935f2d,No,1744312700,8.862
0x5ae31b437851b57a491603d6c7a845b61c88f1f5,Yes,1744312700,8.248
0x59cb7f79e9454298e563bb77a63c3cc0a5f27407,No,1744312700,7.787
0xf28a1ff4cd9b579b55195cb9528ef8f7a8b10a33,No,1744312700,7.462
0x470ba0f3bc80d88d3cd9cfd28dd125da0e545993,No,1744312700,7.387
0x461cbd5765360733a02d4571591d54c8b8a517ea,No,1744312700,7.089
0xf9c729054ed9691884a19334098378b399b469ea,No,1744312700,7.019
0xdbd5e2bf0e87a6361bd0b587cc4c0b3fcf5dc259,No,1744312700,6.716
0xb1998487b4cd187b4c4d1ad81a957ccbc10a0f85,No,1744312700,6.168
0xa999ac5c4a1178b07adf249a7e48d2c7aec19d3d,No,1744312700,6.044
0xde2a93da4b0a34b878e00718f6e079e022f276f1,No,1744312700,6.039
0x29f3c8b6a90f10f96f269495f4af184c0988a594,No,1744312700,5.628
0x111f08c1e58ad604f6fdc5b1d0d3dd9a89d0dc2f,No,1744312700,5.609
0x0c4f8ccbb4cf9c2ee568e33f21c807b1931726e4,No,1744312700,5.224
0x23069f1978fe4d6ec88bf0b84bca2b39d3b285e1,No,1744312700,4.933
0xed6818c68496aff31f6064c880aa235ab99b3acb,No,1744312700,4.831
0x71044ae277bac65c4dfcd598d07a60fc6810fb8e,No,1744312700,4.638
0x3d4cc1cd0db16b612932d23c450894313145d342,No,1744312700,4.289
0xca5c758a8b9892a3e1b745f2039efa9491c18f7a,No,1744312700,4.18
0x5bd07249115373c2f069da83592706fac4e70c66,No,1744312700,3.804
0x5d4adb6eca975bab50d2490ccdfe5d9cd1bf4882,No,1744312700,3.733
0x38ef098f74393d219d92c5112055e618c6bde2d7,No,1744312700,3.731
0x5ae5c4bc5033cd7782b061f652bae25b8d790f6c,No,1744312700,3.451
0x725bcf16bae966975170c4d98e646a518ae071d3,No,1744312700,3.333
0x55aae08c2913c4b582f860031e3afdc2ca0ba063,No,1744312700,3.161
0x9f1ae497afad289aa370f3f4ad038bc5e35f3c27,No,1744312700,2.789
0x801c4b062ccb8c7aee03fddfd14e3ff563e0e966,No,1744312700,2.719
0x245bd6b5d8f494df8256ae44737a1e5d59769ab4,No,1744312700,2.708
0x717f0a9ee93fde2ae196b61b51fda5b892c02b3d,No,1744312700,2.529
0xc9534a59ef121516e5e1aead8d45d151e768e216,No,1744312700,2.444
0xba1333333333a1ba1108e8412f11850a5c319ba9,No,1744312700,2.348
0xd27cd4e2c3f168dbf9b4cfcd82664480973151e9,No,1744312700,2.255
0x6bb0bed604c3c43bb53b9fda53e431c982fc01be,No,1744312700,2.239
0xbd12aa424c207e90b66402c1f0aec357e8b1ded7,No,1744312700,2.228
0x8d831a71dd552ae2657d2c8ee4ceceb86a3dd779,No,1744312700,2.228
0xdfc2ad6492faa517b5572f9fa61716d4f9d121ed,No,1744312700,2.2
0x591f5162547dff90c185271726a5eb540d1395de,No,1744312700,2.11
0xe5c3aabac09838405b82b10b4ddae5a48ae57f9d,No,1744312700,2.101
0x9026a44fb446da394f5810fdb4708a7879cebe34,No,1744312700,2.083
0x96103652ef1d66d7a8f3b66060d126d82a456f47,No,1744312700,2.044
0x1afbcd54aff10fdf0c2e7de4cde86b3e75a3e4e7,No,1744312700,1.952
0x978a89b0178ea8054a99f5bddb0081ea6a3c27c3,No,1744312700,1.922
0xe5d067d8634e109c077192c34c972a10ee6fc731,No,1744312700,1.864
0x9e979ffff022bbbe891fb64c1cfc61e4447d049a,No,1744312700,1.806
0x4518cd6f9cd1085d0cc1eed7c8b3bcd98afafcd9,No,1744312700,1.806
0x28abd3190674dc57e4d3bebeec22f78d121810d5,No,1744312700,1.806
0x1f5fae0615ee87196f229ea19d726d58846bdc0e,No,1744312700,1.806
0x4d6caa3e0983fac7b514d60339ebb538c5a85aae,No,1744312700,1.806
0x25124024390ac79659ed699b087a3e748686df7b,No,1744312700,1.806
0x6fdb1e4206d119555c3ac61ac20c76eb818fa567,No,1744312700,1.806
0xcba986c46f6908be6ee07bf868bb812978c32e08,No,1744312700,1.806
0x9e8b306eea4d50090ac0af1eeac79fcd531eb159,No,1744312700,1.806
0xf94bfbd175219331f9ff323ea703ebd2a05fd33a,No,1744312700,1.806
0x001fe2cdbeeb0743679e958c0861dd8788b28b19,No,1744312700,1.806
0xf035561dce033ded865e15e69db06cffc88d9213,No,1744312700,1.806
0x9d9e26932d012b2ab21b974fe1552f4025b1e1cc,No,1744312700,1.806
0xe5dd78c224f26e306c84a9b1aa2def30bdf15835,No,1744312700,1.806
0x6841ccc2fa23efe3bbe98492f026756479e4a4ec,No,1744312700,1.806
0xd2c04f656448e78b178d6cc3b2ccf91de6ae7f39,No,1744312700,1.806
0x9fbcbfdc3c66562113daba8b501d0d7d55e84688,No,1744312700,1.806
0xf8d97b0de945bb3ec6d634e0fdc48b6a3b9fcb1f,No,1744312700,1.806
0xa63cb29de16607dd5ac18b6cb65bead58d04ac25,No,1744312700,1.806
0x8f8be6f1eac8432e3f0e460402fcb358311a86d4,No,1744312700,1.806
0x68c0dd2b5a5df00bca4f7df8ca9b1425fe817728,No,1744312700,1.806
0x23d2874d56bba76af9866604c76fc5347058aad7,No,1744312700,1.806
0x29397b5b81579504c446e8e86c88196491be5ec5,No,1744312700,1.806
0x8d4d39d2e3104876a0c5fa11efe02597613d2a79,No,1744312700,1.806
0x0eb682c54bb74e0fb37894e4f0b02127e5fb865f,No,1744312700,1.806
0x9ac5f8c48ade024a006206ca5ebd06f275f243ec,No,1744312700,1.806
0x4ca2a670bd5505b870b21331a53d9bb4ae6e2084,No,1744312700,1.806
0x1520ab7dd2ca282fca2810cb7df071c9de3e2f5c,No,1744312700,1.806
0x31287a933b2e153654105013d595dcbd6664fcf9,No,1744312700,1.806
0x7cd192ff8e2e3e5bf8b5e85f858c0f83e22f771d,No,1744312700,1.806
0xd2946cb43fd692f8776be5c91dc523aa3fe69f1d,No,1744312700,1.806
0x56f446074d3dc521786ea456e725775819e260cb,No,1744312700,1.806
0xe6a46ea30a1ef48e8ab2179a203c137702147073,No,1744312700,1.806
0x84d766fb6c86dd8983e5cab3d17e6630c278277e,No,1744312700,1.806
0xe69d81fad86ac5295a1261930c19e7ad009aa52e,No,1744312700,1.806
0xc7b6717c5c30a5645ba308afd2b0df42b850d8e3,No,1744312700,1.806
0xc7baf12d871f26b09dfa61a6e9e3b2eaef7a159a,No,1744312700,1.806
0xe3cd70be09c3a45b73ff5d7cfe37f8b5309ebbdc,No,1744312700,1.806
0x09a2aa22db9f97aabd3da897b156d944c8c50e0f,No,1744312700,1.806
0x75f04fbf12ed979873db692eab1a904abe1e2f32,No,1744312700,1.806
0x409ad638c059375de57d455b78520470ed13f282,No,1744312700,1.806
0x8c0733ba6295af19ae294c19b34e7d163acc7197,No,1744312700,1.806
0x75202586d58c8d2ed726b4abdcda3ecdd91c1e34,No,1744312700,1.806
0x91dc3d24895bb29033cbbf48ed6b5f7b0510d83c,No,1744312700,1.806
0x1d6b8e5fa836c7d5846fb76f188b008c10b67ba5,No,1744312700,1.806
0x5bf79c7bf66a6aa75f4fef4004bc7d527fdf8250,No,1744312700,1.806
0x74aadf1281a7f5546e13f17de5101a310a33bf3f,No,1744312700,1.806
0x683132fe975fac296f21919d625a94a4a86f6fa6,No,1744312700,1.806
0xb7806b30034cc8d13390aa0b713dc0c326cd4358,No,1744312700,1.806
0x31a026bbd8ddc0f95ad827c17c37c0d8fc25d3ff,No,1744312700,1.806
0x4ddcdfbef53747089cab9d775aa461e7a088ff3c,No,1744312700,1.806
0xd50ea36556e1c9abece88a1d9ad5b38261ab515b,No,1744312700,1.806
0x79cda2b2fa8b3c080da06ddce3416b8e4b7c1b14,No,1744312700,1.806
0x0182518980f999ad0c9527d864c15492ab3beeae,No,1744312700,1.806
0x9ac0605353f447a49845365ded45fc57e609a319,No,1744312700,1.806
0xd51aea4a4ba241ded4112c017d73c976a967139f,No,1744312700,1.806
0x3975f79ce2cae19b8d4d5e1f4b134e241bf6f10a,No,1744312700,1.806
0x327c7b1e4bcaa69afa029f042dda3722e3ed74c1,No,1744312700,1.806
0x15923b51ecc5de696d67a85d2a493908c750b237,No,1744312700,1.806
0xaeeb3b86314009f5ee315c49414646a1f5709d1c,No,1744312700,1.806
0x441e1e47a6fa2dbfd3cd9b54291e9ab3a58d7975,No,1744312700,1.806
0x82b1c5ffa4fe976869b4156c90073a8b719d671a,No,1744312700,1.806
0xb9385eb2b944370adcdc22af45ace6140bda6225,No,1744312700,1.806
0x380e7360085407892f33da521dfb01da82b5f2be,No,1744312700,1.806
0x1ce34e220bd710d1a84a135f345b650cc7770e9f,No,1744312700,1.806
0xeaf1eb60c3359b12d501d23a372256846ddbff8d,No,1744312700,1.806
0x68bf9733a1b5688feb430b1d200b2299c74885b1,No,1744312700,1.806
0x9c1a52b599cf652701b41bf137ae022a894b5ea3,No,1744312700,1.806
0xc0dd5675528d8d9f05afe601df6ebda59e2a6733,No,1744312700,1.806
0x41aeb883a0073527e5f5653423cbd59339154a72,No,1744312700,1.806
0x431f2b6e43bed4d845ac5d9b5d030dfc8987691d,No,1744312700,1.806
0x6bc8679c27b49cc4be2c8faf9906bc0465727cf3,No,1744312700,1.806
0x5ac691d7b535cbb755de910123c656ac407f6f29,No,1744312700,1.806
0xf7d7d7dacb1215fba1f6cdd1361092796680cf4f,No,1744312700,1.806
0xa7e93f5a0e718bddc654e525ea668c64fd572882,No,1744312700,1.728
0x9f22ac105351964957b649f562c4a41268965382,No,1744312700,1.724
0xece039bd21e3910187af408909b6529c629ec8e5,No,1744312700,1.516
0x3cbbdc5e6b615eaf094d41fd0f4422c72bcbe8ff,Yes,1744312700,1.492
0x224623eeb6fadb6ff76f5be4b570ee06ee282868,No,1744312700,1.445
0xef364e390ff3f326e3153d0b9c4b944db42155e5,No,1744312700,1.394
0x33a0b5d7da5314594d2c163d448030b9f1cadcb2,No,1744312700,1.122
0x90dafb210c44f4b72e591e7e2f583154290e5d83,No,1744312700,1.113
0xeb77a109a1adb1835f6f52a5da8055448e65b1e5,No,1744312700,1.041
0x51e14dcb7d6ed4d5fcb62143636df837a2437db3,No,1744312700,0.969
0x10c895bf7d9f895cd648448d35f89b23b15dd1a5,No,1744312700,0.941
0xd2a6017179968d65ea6efaaea6f19d60e78314af,No,1744312700,0.832
0x04c1d8ca275434bdc1697eda44d1cade92459b34,No,1744312700,0.747
0x9e4439fcf15fae67bd01a590e468912cb70b9c91,No,1744312700,0.723
0x32aaba58de76bdba912fc14fcc11b8aa6227aee9,No,1744312700,0.644
0xde1f8a73aac5a18a04395b40fc6eee093964faf4,No,1744312700,0.565
0xb972788fd94972d673eb3af068df1dfe11a2ec37,No,1744312700,0.562
0x2933a9010fa10368113d9e4071ddf8c6adcd81d2,No,1744312700,0.56
0xa7cac6d048d42c48470cb93307e6898356a13320,No,1744312700,0.507
0xa1cb96b8eda740581fd74ca56eb23566738419fb,No,1744312700,0.454
0xc7b072b4368e7a221a2de74dac549edcef34cfa3,No,1744312700,0.375
0x85c6737ada32ed46066f45d28a612b7647c66410,Yes,1744312700,0.362
0x7ba8868efcc2f04bf9d1a9445d7843d7ae5dd1b4,No,1744312700,0.361
0x5700f03f87db485fdb90e18b3100f00b235886f1,No,1744312700,0.353
0xfd1af514b8b2bf00d1999497668bff26ccdf4c8a,Yes,1744312700,0.322
0x206c5915856ef684d9f816f3747224c853933115,No,1744312700,0.318
0x031778c7a1c08787aba7a2e0b5149feb5decabd7,No,1744312700,0.316
0x478189dc3905a08e456c348905c1e5b03de8023d,No,1744312700,0.311
0x4bb51eb3588358ba59e005b4c5474a2cff7355b7,Yes,1744312700,0.303
0x911d9369874711363dd5ea1aa7a4d1d089b595a4,No,1744312700,0.276
0xe7f13052fe2ba7d038dac18de5e730542e3979bc,Yes,1744312700,0.203
0x3b33e186573649c9a6c6380f45246c516c150ee1,No,1744312700,0.203
0xb1b5296bcc9f9de90a676d36485cb30ecc46f900,No,1744312700,0.203
0x1a15c730fe686ecf8ba44e3f9b21d5389b55bfbf,No,1744312700,0.203
0xd74f45334c0a754e8d834e1990dab588cdb39140,No,1744312700,0.203
0xcf3c78a77ff01b451a21301a522c48b92a029e70,Yes,1744312700,0.179
0x70b0e653e50eff0109ba6b3b3d4f15453e49d311,No,1744312700,0.174
0x6555032a163641b5f7c9ba32f9543acef7a1559c,No,1744312700,0.145
0x07dd329293000003a159153f6ed12ff7c3a23981,No,1744312700,0.108
0x3a42263bd22fa189072d06169a47ecfce955715f,No,1744312700,0.078
0x541ef672f9d8626090ec6699c2a35f29742152a5,No,1744312700,0.072
0x6224dd3b4757446de11fca940400c162eb313757,No,1744312700,0.061
0xf2a38230ea2e92db69aa520182f368ceec2ed4cd,No,1744312700,0.061
0x6b5e43cccab7cb3f45200d2a38c47a269dd011a8,No,1744312700,0.058
0x3879e62972ec43713d296cfd5a9751b351269cf1,No,1744312700,0.057
0x409caec195e72ede0b27e4deb55524424c5d54a9,No,1744312700,0.034
0x892bef8fe252b1678cdb581822727c2d4537826b,No,1744312700,0.032
0x2535c1d30f861cc09ddb961ddd14cc15a6ca4641,No,1744312700,0.029
0x8b20880fbc214a5eb74ecee679c8971149a45415,No,1744312700,0.026
0x16e2e9b9e6c097be009c0b10f8e78f4de99461be,No,1744312700,0.024
0xe2a0c03b1e7a698b63c9f7cf7c37eff577e890a7,No,1744312700,0.012
0x7d3a0da18e14ccb63375cdc250e8a8399997816f,No,1744312700,0.012
0xcc37ac58c61e76b941ae31beb93f819592139913,No,1744312700,0.01
0x64b1a10f3244a6803ee32902bb3f9d267b6577f7,No,1744312700,0.01
0x969c6ba66e832cdbb56f9bef7d8f4ca98be6c006,No,1744312700,0.01
0x1eb7458ae2d2509691de3514870c543bf1ba4813,No,1744312700,0.01
0xf8fb9316fa63e6401311ad1c861a569087ba3f60,No,1744312700,0.01
0x529070265656213bd739d9cfda525a31fd353b1a,No,1744312700,0.01
0x38d8c1e466dd5889cc8b029394f7dabd55a2e232,No,1744312700,0.01
0xa147ad7eec422919920835011d47b51088bc606b,No,1744312700,0.009
0x6e5191412f7d8fa741285a2f852aad0e00810140,No,1744312700,0.009
0x4e35004054b9195fab156c1b9307e9b569a5b930,No,1744312700,0.009
0x79889e8cf01f940ac0773acfd019770547e54e20,No,1744312700,0.009
0xe2515fa79dbab71d1b015dc5cea40a4d795be9cb,No,1744312700,0.009
0x8d85878ca04fe8eee31dcbf53a2aed86b379c93a,No,1744312700,0.008
0x4ef83cb2e76f460431921111a166a3acd8af8c06,No,1744312700,0.008
0xa53158c126a6734db171f965d9abf66ce37f02fa,No,1744312700,0.008
0x81399aa9bb16dd069a0ca9f9519d6bcf0ebc9150,No,1744312700,0.008
0xfc91d4275995db19d0bb9017ba667325ecdd8741,No,1744312700,0.007
0x26ad67c86e5693f8033766f589b868d2fe51496d,No,1744312700,0.007
0xb475f0220afbeb603b287867e4429abe81041472,No,1744312700,0.007
0xab5937b9b3be8a568943617dfcbd9d55717c32ec,No,1744312700,0.006
0x63e85080e96f90a7d5ed5666985f35b953fe9dcb,No,1744312700,0.006
0xf01afb9d83006ba5a12267ea8595836e086305e9,No,1744312700,0.006
0x4eb299568aefa4de18136f52ba1564a2ccf28158,No,1744312700,0.005
0x862a146180343638f12137084ac2fd7cc7a47224,No,1744312700,0.005
0x1f39522caa631768b73d1ed8c8ca0eca8f543e85,No,1744312700,0.005
0xb2a2ce3d9be9fc12c98fff2a1c358277be66aa66,No,1744312700,0.005
0x0e44ff4b3ddfaa45dba672cadd5db41d080d6c11,No,1744312700,0.005
0x55aa033bcbf561910503609f2a30f0cc6eba11ab,No,1744312700,0.005
0x1cca18430fa4ab078b8df5fd2e7a84ffd3858313,No,1744312700,0.005
0x134e71213b9d480c5df2b0a6916bec0eadcea8e6,No,1744312700,0.004
0xc9fdc4e87eff1a29bccbada939c6aca7590e1660,No,1744312700,0.004
0x790ddaa427923debe85932e6984f651fae7d832f,No,1744312700,0.004
0x3ae4972c49f2634c3753c186a1b68ed72d404ddf,No,1744312700,0.004
0x217d57904fc911d97fec7d323820bc312fb135d0,No,1744312700,0.004
0x9e042629bad86c08bd29b56a53917d1527bb63c9,No,1744312700,0.004
0x8e0b3c2d675013e7ca84dfc044678133a6b7a36c,No,1744312700,0.004
0x278371008525f4b50547166da389b5fdb8ebce8e,No,1744312700,0.004
0x7bc86a45410bd01a9c2c11c2b23b2afb2617f3ff,No,1744312700,0.004
0x83cccdd523e02d44d229b2b2ee59d69d3af03dd8,No,1744312700,0.003
0x34c263a565157c2c0fefda9c7d205fdbea8ee2ee,No,1744312700,0.003
0x9dadf18c8aec2a80be1473935b5b710b9ac6eaa2,No,1744312700,0.003
0x229fd33073a9bfbea6214a71404ae86eec6eaa3f,No,1744312700,0.002
0xaa673648a822fcf4b143312b85f773f1d1b9f773,No,1744312700,0.002
0x1404ee36a48b524159412da85e7a7d2a7bcef935,No,1744312700,0.002
0x949fd3a64f44b80bb13db2b6af0fabfcf727d354,No,1744312700,0.002
0x956b2e01e38e6a8db2de1e475f55886d51dc4fdf,No,1744312700,0.001
0x369493e33459d16ed0119526d08152b684e03c63,No,1744312700,0.001
0xe24f35fcc986f94d4cd7c93920a62bafae497db1,No,1744312700,0.001
0x56cf0ff00fd6cfb23ce964c6338b228b0fa76640,No,1745539334,"755,714.564"
0x334f12afb7d8740868be04719639616533075234,No,1745539334,"103,754.996"
0x7b2e78d4dfaaba045a167a70da285e30e8fca196,No,1745539334,"96,728.877"
0xfe13988736d95d052c2e45e5b4e1ef2e2750b7f4,No,1745539334,"93,667.204"
0x874e2b0af4570baf5d116f95744e2d1e5fb7dbb3,No,1745539334,"85,262.048"
0xe1d14a9f4679465a765364ea2fe32f5c38d38f5b,No,1745539334,"59,497.399"
0x04a9edd12ed304efb5e5fe83109a65e8e84799c3,No,1745539334,"54,496.497"
0xe358a8b6c3babecb22919c863296401919e520be,No,1745539334,"53,819.625"
0x212cee1b89ad0ad359be0cc4d210948536af32cc,No,1745539334,"40,488.822"
0x2ff064d951996c9fe70d6ba22d8684f37b2e24ec,No,1745539334,"23,546.593"
0xaa36deb402ccf0fee2aa09974552154a9564ae20,No,1745539334,"19,198.749"
0x4a33863614b5c8f851917f3746ec2cc2a51ea46e,No,1745539334,"18,100.005"
0x8dff5ee9e094be20d2cd1bea46d6e1fe6c10c669,No,1745539334,"13,755.505"
0xa78677de2d0b9bf26488bb470ee3e8276b8ba509,No,1745539334,"13,736.512"
0x9afd4d90c7ba73aa68e24b14223c8c43c677505d,No,1745539334,"13,208.328"
0xb95d9b1bcb514cbb31fea317f472bf4858231f7e,No,1745539334,"10,945.141"
0x7571bb9487211f09624fbfa71134e255c1699b69,No,1745539334,"7,631.43"
0xb7f2947c23c18eb67141829014472df9244f6f9b,No,1745539334,"4,928.024"
0x165604b4240a6970acc4dfe314938e0361b0166d,No,1745539334,"4,716.966"
0x6464dd204ead251e0d767d60640cafc0c02a06de,No,1745539334,"4,587.64"
0x35a22f96e541f395a319a321f20d739021e7c8c8,No,1745539334,"4,571.482"
0x9eb6d10f75b364662313ee3099173dc3ac4048c9,No,1745539334,"3,446.345"
0x745c611731dabbf4db50707f95d9eb4eb3258877,No,1745539334,"2,559.929"
0x900f2feaf13d922c56fbf8895b510df027d0443a,No,1745539334,"1,912.799"
0x7adba6c27fa12ec222690405a421bca26165d6e3,No,1745539334,"1,884.837"
0xdfd13dcf4f90fa97057a34c512c9517de789c826,No,1745539334,"1,776.375"
0xe082bda07536420401187ba7225ff5f56c30998b,No,1745539334,"1,279.497"
0xbae77c8edbeac89eb1f546d559526716260bf967,No,1745539334,"1,178.926"
0x95cde8b6ebddf03f5bd4ecc82a74664cd72cd87c,No,1745539334,"1,167.887"
0x67ab5b66debc3217105ab356a219137a0bc07d3a,Yes,1745539334,"1,116.708"
0xb16a6a5c75df040bcbd460df835d703659ec1db8,No,1745539334,767.406
0x2a7fc2c27546deaf1723dbc4e30e162941932450,No,1745539334,669.712
0xb4b04564f56f4795ea4e14d566af78da54a99980,No,1745539334,660.187
0x5e7b645d5bf86750cb1913122ba8a8545e2a9fd1,No,1745539334,549.647
0xbac525271fcf4deed00380e70b0c20ff1121d755,No,1745539334,514.331
0xd8ad1fea3fb40671a2ed0fd17f4f196a4be75fb4,No,1745539334,505.829
0xd6a2a456b48836f38ace550c59c421ca24f1681a,No,1745539334,463.344
0xe1d93f9a4982cf170baddf711ac93a9e10b1ec1e,No,1745539334,424.792
0x6687c671980e65ebd722b9146fc61e2471558dd6,Yes,1745539334,420.882
0xfe3e4266c02fe56af770c080010a927da08bbcc2,No,1745539334,417.109
0xdc68e82bf690cc1471aab9c5ccc4726e55a0b554,No,1745539334,412.366
0xec9048b59b3467415b1a38f63416407ea0c70fb8,No,1745539334,369.695
0x45a22924a6353058d383583c940a16e75cda155a,No,1745539334,357.853
0xe18ff9d58b4deb8c17ccba79a87fbed548ab06b3,No,1745539334,348.252
0x16e7bb2706882836bf2da666363460e2a8627d13,No,1745539334,327.331
0x4008f34b31204155ac77fc97c3f458c052672531,No,1745539334,309.393
0xb93f148451568493f531ce4bfb63b222055fad31,No,1745539334,301.832
0x439da609d21de59354d64c1cdba2b92812d419bc,No,1745539334,246.554
0x855bc1c5530dda7b2db605e1c5b74222bfaca94f,No,1745539334,244.127
0x983ced6e1d35718122f0b1f9b4eafc04185c1130,No,1745539334,242.695
0x20b69fda9379c8ae82cb78ea71d4d9e740e88196,No,1745539334,225.966
0xa50341f5e72ed061cd0adbd338cbf070dc45784c,No,1745539334,223.744
0x79ef6a46fb8ab365ae15613496ca3e5619edb5ad,No,1745539334,211.638
0x5c16873795d083fab71d4cbf5b073d22cf38f659,Yes,1745539334,208.264
0x95299a38c7ca21b70325979258bd7f40e27f1e2a,No,1745539334,203.405
0x923bfbcf199afcdf2071d60a811132ce4b747984,No,1745539334,199.819
0x7db90e374edd104077abcbed45d7117f734777a3,No,1745539334,177.729
0x33d10de1e65e6193044e277a77c3fd02d59b1c3f,No,1745539334,161.264
0x42ceec7f37f20f40ef70004ab9699056360a10a9,No,1745539334,154.114
0x494c439ef103f87b4d8f6b475cdbb8d07f940ff0,No,1745539334,150.73
0xefb8e220f012241a00f5dae4a5b2c473a742a63a,No,1745539334,149.127
0xbc9e9f2a49ea0f0619f79c0a0d8b4a19ba79cba7,No,1745539334,149.076
0xd08c3627600c05e979ae936686736e602c8e6bb2,No,1745539334,139.979
0x35d3cbcf2d75c82febfddf69b01d2dd78fd780eb,No,1745539334,107.481
0x9008d19f58aabd9ed0d60971565aa8510560ab41,No,1745539334,81.413
0x56e665674d26a3ec69ea0e27f001d42481f7ff53,No,1745539334,78.171
0x14df3d882312e184951479cf75343732e6dd6129,No,1745539334,69.164
0x447b68dc638a582612b3f1443538211665461949,No,1745539334,47.998
0x187e0966046da5b110fdc986c9b94bd8416837af,No,1745539334,45.254
0x0508ba969c1c58de7c08dc8d87f8dd7b7a89b8e3,No,1745539334,43.392
0x0a2a2e54997f5e32b70b3c294172bec86c747dd7,No,1745539334,41.991
0xafb1dd1b8a68a5b3ec13e88de07ffcf08fc3edc9,No,1745539334,37.4
0x3f5bd70412cccb1516c8970c3e5a5873a45b9934,No,1745539334,29.993
0x60abacfaa6f3bd4072707fce6f4eaaaae414847b,No,1745539334,23.222
0xc58598141a72db365e8ecd4d740a191913551d0f,No,1745539334,22.477
0xab06ff77044db8a5a48f1b49833d87abfaebad09,No,1745539334,21.741
0x97e55df556254ddb9298abb16307c5c378b74cca,No,1745539334,20.99
0x59512422af0709c7cab8285838975cd8d7c7ce7d,No,1745539334,18.359
0x159d726ab894970fb32387ae9cb072111fd4508e,No,1745539334,17.878
0x131cf758d9ef6bca88928442dc715c8fdc113952,No,1745539334,17.788
0x41cd6228341ea33e8d9659f09bf0e5aadc54c5e7,Yes,1745539334,16.954
0x1e3ec1e5cd9c91c32cd676b7026a327298d54d60,No,1745539334,15.645
0x6428178a1324896bd8ea897565d909945da33ee9,No,1745539334,14.254
0xd0363ccd573163df94b754ca00c0aca2bb66b748,No,1745539334,12.751
0xae25817e57d1be8c2c60ba911300f4fc45a9f8cb,No,1745539334,10.924
0x89c4acb8b5b5b8e5b2121934b9e143569a914c80,No,1745539334,10.875
0x5ed3339ab4e90855ddb7f9e2905253e9d2ab59ed,No,1745539334,9.421
0xef4d9e1f4e9e2dd9e747b53f4be3d04bfa935f2d,No,1745539334,8.862
0x59cb7f79e9454298e563bb77a63c3cc0a5f27407,No,1745539334,7.787
0xf28a1ff4cd9b579b55195cb9528ef8f7a8b10a33,No,1745539334,7.462
0x470ba0f3bc80d88d3cd9cfd28dd125da0e545993,No,1745539334,7.387
0x5ae31b437851b57a491603d6c7a845b61c88f1f5,Yes,1745539334,7.34
0x461cbd5765360733a02d4571591d54c8b8a517ea,No,1745539334,7.089
0xf9c729054ed9691884a19334098378b399b469ea,No,1745539334,7.019
0xdbd5e2bf0e87a6361bd0b587cc4c0b3fcf5dc259,No,1745539334,6.716
0xb1998487b4cd187b4c4d1ad81a957ccbc10a0f85,No,1745539334,6.168
0xa999ac5c4a1178b07adf249a7e48d2c7aec19d3d,No,1745539334,6.044
0xde2a93da4b0a34b878e00718f6e079e022f276f1,No,1745539334,6.04
0x29f3c8b6a90f10f96f269495f4af184c0988a594,No,1745539334,5.628
0x111f08c1e58ad604f6fdc5b1d0d3dd9a89d0dc2f,No,1745539334,5.609
0x0c4f8ccbb4cf9c2ee568e33f21c807b1931726e4,No,1745539334,5.224
0x23069f1978fe4d6ec88bf0b84bca2b39d3b285e1,No,1745539334,4.933
0xed6818c68496aff31f6064c880aa235ab99b3acb,No,1745539334,4.831
0x71044ae277bac65c4dfcd598d07a60fc6810fb8e,No,1745539334,4.638
0xca5c758a8b9892a3e1b745f2039efa9491c18f7a,No,1745539334,4.18
0x5bd07249115373c2f069da83592706fac4e70c66,No,1745539334,3.804
0x5d4adb6eca975bab50d2490ccdfe5d9cd1bf4882,No,1745539334,3.733
0x38ef098f74393d219d92c5112055e618c6bde2d7,No,1745539334,3.731
0x5ae5c4bc5033cd7782b061f652bae25b8d790f6c,No,1745539334,3.451
0x3d4cc1cd0db16b612932d23c450894313145d342,No,1745539334,3.182
0x55aae08c2913c4b582f860031e3afdc2ca0ba063,No,1745539334,3.161
0x801c4b062ccb8c7aee03fddfd14e3ff563e0e966,No,1745539334,2.719
0x245bd6b5d8f494df8256ae44737a1e5d59769ab4,No,1745539334,2.708
0x717f0a9ee93fde2ae196b61b51fda5b892c02b3d,No,1745539334,2.529
0x725bcf16bae966975170c4d98e646a518ae071d3,No,1745539334,2.493
0xc9534a59ef121516e5e1aead8d45d151e768e216,No,1745539334,2.444
0xba1333333333a1ba1108e8412f11850a5c319ba9,No,1745539334,2.348
0xd27cd4e2c3f168dbf9b4cfcd82664480973151e9,No,1745539334,2.255
0x6bb0bed604c3c43bb53b9fda53e431c982fc01be,No,1745539334,2.239
0xbd12aa424c207e90b66402c1f0aec357e8b1ded7,No,1745539334,2.228
0x8d831a71dd552ae2657d2c8ee4ceceb86a3dd779,No,1745539334,2.228
0xdfc2ad6492faa517b5572f9fa61716d4f9d121ed,No,1745539334,2.2
0x591f5162547dff90c185271726a5eb540d1395de,No,1745539334,2.11
0xe5c3aabac09838405b82b10b4ddae5a48ae57f9d,No,1745539334,2.101
0x9026a44fb446da394f5810fdb4708a7879cebe34,No,1745539334,2.083
0x96103652ef1d66d7a8f3b66060d126d82a456f47,No,1745539334,2.044
0x1afbcd54aff10fdf0c2e7de4cde86b3e75a3e4e7,No,1745539334,1.952
0x978a89b0178ea8054a99f5bddb0081ea6a3c27c3,No,1745539334,1.922
0xe5d067d8634e109c077192c34c972a10ee6fc731,No,1745539334,1.864
0x9e979ffff022bbbe891fb64c1cfc61e4447d049a,No,1745539334,1.806
0x4518cd6f9cd1085d0cc1eed7c8b3bcd98afafcd9,No,1745539334,1.806
0x28abd3190674dc57e4d3bebeec22f78d121810d5,No,1745539334,1.806
0x1f5fae0615ee87196f229ea19d726d58846bdc0e,No,1745539334,1.806
0x4d6caa3e0983fac7b514d60339ebb538c5a85aae,No,1745539334,1.806
0x25124024390ac79659ed699b087a3e748686df7b,No,1745539334,1.806
0x6fdb1e4206d119555c3ac61ac20c76eb818fa567,No,1745539334,1.806
0xcba986c46f6908be6ee07bf868bb812978c32e08,No,1745539334,1.806
0x9e8b306eea4d50090ac0af1eeac79fcd531eb159,No,1745539334,1.806
0xf94bfbd175219331f9ff323ea703ebd2a05fd33a,No,1745539334,1.806
0x001fe2cdbeeb0743679e958c0861dd8788b28b19,No,1745539334,1.806
0xf035561dce033ded865e15e69db06cffc88d9213,No,1745539334,1.806
0x9d9e26932d012b2ab21b974fe1552f4025b1e1cc,No,1745539334,1.806
0xe5dd78c224f26e306c84a9b1aa2def30bdf15835,No,1745539334,1.806
0x6841ccc2fa23efe3bbe98492f026756479e4a4ec,No,1745539334,1.806
0xd2c04f656448e78b178d6cc3b2ccf91de6ae7f39,No,1745539334,1.806
0x9fbcbfdc3c66562113daba8b501d0d7d55e84688,No,1745539334,1.806
0xf8d97b0de945bb3ec6d634e0fdc48b6a3b9fcb1f,No,1745539334,1.806
0xa63cb29de16607dd5ac18b6cb65bead58d04ac25,No,1745539334,1.806
0x8f8be6f1eac8432e3f0e460402fcb358311a86d4,No,1745539334,1.806
0x68c0dd2b5a5df00bca4f7df8ca9b1425fe817728,No,1745539334,1.806
0x23d2874d56bba76af9866604c76fc5347058aad7,No,1745539334,1.806
0x29397b5b81579504c446e8e86c88196491be5ec5,No,1745539334,1.806
0x8d4d39d2e3104876a0c5fa11efe02597613d2a79,No,1745539334,1.806
0x0eb682c54bb74e0fb37894e4f0b02127e5fb865f,No,1745539334,1.806
0x9ac5f8c48ade024a006206ca5ebd06f275f243ec,No,1745539334,1.806
0x4ca2a670bd5505b870b21331a53d9bb4ae6e2084,No,1745539334,1.806
0x1520ab7dd2ca282fca2810cb7df071c9de3e2f5c,No,1745539334,1.806
0x31287a933b2e153654105013d595dcbd6664fcf9,No,1745539334,1.806
0x7cd192ff8e2e3e5bf8b5e85f858c0f83e22f771d,No,1745539334,1.806
0xd2946cb43fd692f8776be5c91dc523aa3fe69f1d,No,1745539334,1.806
0x56f446074d3dc521786ea456e725775819e260cb,No,1745539334,1.806
0xe6a46ea30a1ef48e8ab2179a203c137702147073,No,1745539334,1.806
0x84d766fb6c86dd8983e5cab3d17e6630c278277e,No,1745539334,1.806
0xe69d81fad86ac5295a1261930c19e7ad009aa52e,No,1745539334,1.806
0xc7b6717c5c30a5645ba308afd2b0df42b850d8e3,No,1745539334,1.806
0xc7baf12d871f26b09dfa61a6e9e3b2eaef7a159a,No,1745539334,1.806
0xe3cd70be09c3a45b73ff5d7cfe37f8b5309ebbdc,No,1745539334,1.806
0x09a2aa22db9f97aabd3da897b156d944c8c50e0f,No,1745539334,1.806
0x75f04fbf12ed979873db692eab1a904abe1e2f32,No,1745539334,1.806
0x409ad638c059375de57d455b78520470ed13f282,No,1745539334,1.806
0x8c0733ba6295af19ae294c19b34e7d163acc7197,No,1745539334,1.806
0x75202586d58c8d2ed726b4abdcda3ecdd91c1e34,No,1745539334,1.806
0x91dc3d24895bb29033cbbf48ed6b5f7b0510d83c,No,1745539334,1.806
0x1d6b8e5fa836c7d5846fb76f188b008c10b67ba5,No,1745539334,1.806
0x5bf79c7bf66a6aa75f4fef4004bc7d527fdf8250,No,1745539334,1.806
0x74aadf1281a7f5546e13f17de5101a310a33bf3f,No,1745539334,1.806
0x683132fe975fac296f21919d625a94a4a86f6fa6,No,1745539334,1.806
0xb7806b30034cc8d13390aa0b713dc0c326cd4358,No,1745539334,1.806
0x31a026bbd8ddc0f95ad827c17c37c0d8fc25d3ff,No,1745539334,1.806
0x4ddcdfbef53747089cab9d775aa461e7a088ff3c,No,1745539334,1.806
0xd50ea36556e1c9abece88a1d9ad5b38261ab515b,No,1745539334,1.806
0x79cda2b2fa8b3c080da06ddce3416b8e4b7c1b14,No,1745539334,1.806
0x0182518980f999ad0c9527d864c15492ab3beeae,No,1745539334,1.806
0x9ac0605353f447a49845365ded45fc57e609a319,No,1745539334,1.806
0xd51aea4a4ba241ded4112c017d73c976a967139f,No,1745539334,1.806
0x3975f79ce2cae19b8d4d5e1f4b134e241bf6f10a,No,1745539334,1.806
0x327c7b1e4bcaa69afa029f042dda3722e3ed74c1,No,1745539334,1.806
0x15923b51ecc5de696d67a85d2a493908c750b237,No,1745539334,1.806
0xaeeb3b86314009f5ee315c49414646a1f5709d1c,No,1745539334,1.806
0x441e1e47a6fa2dbfd3cd9b54291e9ab3a58d7975,No,1745539334,1.806
0x82b1c5ffa4fe976869b4156c90073a8b719d671a,No,1745539334,1.806
0xb9385eb2b944370adcdc22af45ace6140bda6225,No,1745539334,1.806
0x380e7360085407892f33da521dfb01da82b5f2be,No,1745539334,1.806
0x1ce34e220bd710d1a84a135f345b650cc7770e9f,No,1745539334,1.806
0xeaf1eb60c3359b12d501d23a372256846ddbff8d,No,1745539334,1.806
0x68bf9733a1b5688feb430b1d200b2299c74885b1,No,1745539334,1.806
0x9c1a52b599cf652701b41bf137ae022a894b5ea3,No,1745539334,1.806
0xc0dd5675528d8d9f05afe601df6ebda59e2a6733,No,1745539334,1.806
0x41aeb883a0073527e5f5653423cbd59339154a72,No,1745539334,1.806
0x431f2b6e43bed4d845ac5d9b5d030dfc8987691d,No,1745539334,1.806
0x6bc8679c27b49cc4be2c8faf9906bc0465727cf3,No,1745539334,1.806
0x5ac691d7b535cbb755de910123c656ac407f6f29,No,1745539334,1.806
0xf7d7d7dacb1215fba1f6cdd1361092796680cf4f,No,1745539334,1.806
0xa7e93f5a0e718bddc654e525ea668c64fd572882,No,1745539334,1.728
0x9f22ac105351964957b649f562c4a41268965382,No,1745539334,1.724
0xece039bd21e3910187af408909b6529c629ec8e5,No,1745539334,1.516
0x3cbbdc5e6b615eaf094d41fd0f4422c72bcbe8ff,Yes,1745539334,1.492
0x224623eeb6fadb6ff76f5be4b570ee06ee282868,No,1745539334,1.445
0x33a0b5d7da5314594d2c163d448030b9f1cadcb2,No,1745539334,1.122
0x90dafb210c44f4b72e591e7e2f583154290e5d83,No,1745539334,1.113
0xeb77a109a1adb1835f6f52a5da8055448e65b1e5,No,1745539334,1.041
0x51e14dcb7d6ed4d5fcb62143636df837a2437db3,No,1745539334,0.969
0x10c895bf7d9f895cd648448d35f89b23b15dd1a5,No,1745539334,0.941
0xc67cf4e525fffc95833ab315c24d6e00c46db6a1,No,1745539334,0.854
0xd2a6017179968d65ea6efaaea6f19d60e78314af,No,1745539334,0.832
0x04c1d8ca275434bdc1697eda44d1cade92459b34,No,1745539334,0.747
0x9e4439fcf15fae67bd01a590e468912cb70b9c91,No,1745539334,0.723
0x32aaba58de76bdba912fc14fcc11b8aa6227aee9,No,1745539334,0.65
0xb972788fd94972d673eb3af068df1dfe11a2ec37,No,1745539334,0.562
0x2933a9010fa10368113d9e4071ddf8c6adcd81d2,No,1745539334,0.56
0xa7cac6d048d42c48470cb93307e6898356a13320,No,1745539334,0.507
0xa1cb96b8eda740581fd74ca56eb23566738419fb,No,1745539334,0.454
0x85c6737ada32ed46066f45d28a612b7647c66410,Yes,1745539334,0.362
0x7ba8868efcc2f04bf9d1a9445d7843d7ae5dd1b4,No,1745539334,0.361
0x5700f03f87db485fdb90e18b3100f00b235886f1,No,1745539334,0.353
0xc7b072b4368e7a221a2de74dac549edcef34cfa3,No,1745539334,0.349
0xfd1af514b8b2bf00d1999497668bff26ccdf4c8a,Yes,1745539334,0.322
0x206c5915856ef684d9f816f3747224c853933115,No,1745539334,0.318
0x4bb51eb3588358ba59e005b4c5474a2cff7355b7,Yes,1745539334,0.303
0x478189dc3905a08e456c348905c1e5b03de8023d,No,1745539334,0.298
0x911d9369874711363dd5ea1aa7a4d1d089b595a4,No,1745539334,0.276
0x031778c7a1c08787aba7a2e0b5149feb5decabd7,No,1745539334,0.229
0x3666da333dadd05083fef9ff6ddee588d26e4307,No,1745539334,0.217
0xe7f13052fe2ba7d038dac18de5e730542e3979bc,Yes,1745539334,0.203
0x3b33e186573649c9a6c6380f45246c516c150ee1,No,1745539334,0.203
0xb1b5296bcc9f9de90a676d36485cb30ecc46f900,No,1745539334,0.203
0x1a15c730fe686ecf8ba44e3f9b21d5389b55bfbf,No,1745539334,0.203
0xd74f45334c0a754e8d834e1990dab588cdb39140,No,1745539334,0.203
0xcf3c78a77ff01b451a21301a522c48b92a029e70,Yes,1745539334,0.179
0x70b0e653e50eff0109ba6b3b3d4f15453e49d311,No,1745539334,0.174
0x6555032a163641b5f7c9ba32f9543acef7a1559c,No,1745539334,0.145
0x07dd329293000003a159153f6ed12ff7c3a23981,No,1745539334,0.108
0x3a42263bd22fa189072d06169a47ecfce955715f,No,1745539334,0.078
0x541ef672f9d8626090ec6699c2a35f29742152a5,No,1745539334,0.072
0x80ec851fc8fd5502ed4052f60fd9edb59240bc84,No,1745539334,0.066
0x6b5e43cccab7cb3f45200d2a38c47a269dd011a8,No,1745539334,0.058
0x3879e62972ec43713d296cfd5a9751b351269cf1,No,1745539334,0.057
0x409caec195e72ede0b27e4deb55524424c5d54a9,No,1745539334,0.034
0x892bef8fe252b1678cdb581822727c2d4537826b,No,1745539334,0.032
0x8b20880fbc214a5eb74ecee679c8971149a45415,No,1745539334,0.026
0x16e2e9b9e6c097be009c0b10f8e78f4de99461be,No,1745539334,0.024
0xe2a0c03b1e7a698b63c9f7cf7c37eff577e890a7,No,1745539334,0.012
0x1eb7458ae2d2509691de3514870c543bf1ba4813,No,1745539334,0.01
0xcc37ac58c61e76b941ae31beb93f819592139913,No,1745539334,0.01
0x64b1a10f3244a6803ee32902bb3f9d267b6577f7,No,1745539334,0.01
0x969c6ba66e832cdbb56f9bef7d8f4ca98be6c006,No,1745539334,0.01
0xf8fb9316fa63e6401311ad1c861a569087ba3f60,No,1745539334,0.01
0xa147ad7eec422919920835011d47b51088bc606b,No,1745539334,0.009
0x6e5191412f7d8fa741285a2f852aad0e00810140,No,1745539334,0.009
0x4e35004054b9195fab156c1b9307e9b569a5b930,No,1745539334,0.009
0x79889e8cf01f940ac0773acfd019770547e54e20,No,1745539334,0.009
0xe2515fa79dbab71d1b015dc5cea40a4d795be9cb,No,1745539334,0.009
0x8d85878ca04fe8eee31dcbf53a2aed86b379c93a,No,1745539334,0.008
0x4ef83cb2e76f460431921111a166a3acd8af8c06,No,1745539334,0.008
0xa53158c126a6734db171f965d9abf66ce37f02fa,No,1745539334,0.008
0x81399aa9bb16dd069a0ca9f9519d6bcf0ebc9150,No,1745539334,0.008
0xfc91d4275995db19d0bb9017ba667325ecdd8741,No,1745539334,0.007
0x26ad67c86e5693f8033766f589b868d2fe51496d,No,1745539334,0.007
0xb475f0220afbeb603b287867e4429abe81041472,No,1745539334,0.007
0x63e85080e96f90a7d5ed5666985f35b953fe9dcb,No,1745539334,0.006
0xf01afb9d83006ba5a12267ea8595836e086305e9,No,1745539334,0.006
0x4eb299568aefa4de18136f52ba1564a2ccf28158,No,1745539334,0.005
0x862a146180343638f12137084ac2fd7cc7a47224,No,1745539334,0.005
0x1f39522caa631768b73d1ed8c8ca0eca8f543e85,No,1745539334,0.005
0xb2a2ce3d9be9fc12c98fff2a1c358277be66aa66,No,1745539334,0.005
0x0e44ff4b3ddfaa45dba672cadd5db41d080d6c11,No,1745539334,0.005
0x1cca18430fa4ab078b8df5fd2e7a84ffd3858313,No,1745539334,0.005
0x55aa033bcbf561910503609f2a30f0cc6eba11ab,No,1745539334,0.004
0x134e71213b9d480c5df2b0a6916bec0eadcea8e6,No,1745539334,0.004
0x3ae4972c49f2634c3753c186a1b68ed72d404ddf,No,1745539334,0.004
0x217d57904fc911d97fec7d323820bc312fb135d0,No,1745539334,0.004
0xc9fdc4e87eff1a29bccbada939c6aca7590e1660,No,1745539334,0.004
0x9e042629bad86c08bd29b56a53917d1527bb63c9,No,1745539334,0.004
0x8e0b3c2d675013e7ca84dfc044678133a6b7a36c,No,1745539334,0.004
0x278371008525f4b50547166da389b5fdb8ebce8e,No,1745539334,0.004
0x7bc86a45410bd01a9c2c11c2b23b2afb2617f3ff,No,1745539334,0.004
0x83cccdd523e02d44d229b2b2ee59d69d3af03dd8,No,1745539334,0.003
0x2529c8a05fade7763639a46c27b2741ef48c0f6e,No,1745539334,0.003
0x9dadf18c8aec2a80be1473935b5b710b9ac6eaa2,No,1745539334,0.003
0xaa673648a822fcf4b143312b85f773f1d1b9f773,No,1745539334,0.002
0x1404ee36a48b524159412da85e7a7d2a7bcef935,No,1745539334,0.002
0x949fd3a64f44b80bb13db2b6af0fabfcf727d354,No,1745539334,0.002
0x956b2e01e38e6a8db2de1e475f55886d51dc4fdf,No,1745539334,0.001
0x369493e33459d16ed0119526d08152b684e03c63,No,1745539334,0.001
0xe24f35fcc986f94d4cd7c93920a62bafae497db1,No,1745539334,0.001
0x56cf0ff00fd6cfb23ce964c6338b228b0fa76640,No,1745637984,"755,714.564"
0x334f12afb7d8740868be04719639616533075234,No,1745637984,"103,754.996"
0x7b2e78d4dfaaba045a167a70da285e30e8fca196,No,1745637984,"96,728.877"
0xfe13988736d95d052c2e45e5b4e1ef2e2750b7f4,No,1745637984,"93,667.204"
0x874e2b0af4570baf5d116f95744e2d1e5fb7dbb3,No,1745637984,"85,262.048"
0xe1d14a9f4679465a765364ea2fe32f5c38d38f5b,No,1745637984,"59,497.399"
0x04a9edd12ed304efb5e5fe83109a65e8e84799c3,No,1745637984,"54,496.497"
0xe358a8b6c3babecb22919c863296401919e520be,No,1745637984,"53,819.625"
0x212cee1b89ad0ad359be0cc4d210948536af32cc,No,1745637984,"40,488.822"
0x2ff064d951996c9fe70d6ba22d8684f37b2e24ec,No,1745637984,"23,546.593"
0xaa36deb402ccf0fee2aa09974552154a9564ae20,No,1745637984,"19,346.064"
0x4a33863614b5c8f851917f3746ec2cc2a51ea46e,No,1745637984,"18,100.005"
0x8dff5ee9e094be20d2cd1bea46d6e1fe6c10c669,No,1745637984,"13,755.505"
0xa78677de2d0b9bf26488bb470ee3e8276b8ba509,No,1745637984,"13,736.512"
0x9afd4d90c7ba73aa68e24b14223c8c43c677505d,No,1745637984,"13,208.328"
0xb95d9b1bcb514cbb31fea317f472bf4858231f7e,No,1745637984,"10,945.141"
0x7571bb9487211f09624fbfa71134e255c1699b69,No,1745637984,"7,631.43"
0xb7f2947c23c18eb67141829014472df9244f6f9b,No,1745637984,"4,928.024"
0x165604b4240a6970acc4dfe314938e0361b0166d,No,1745637984,"4,716.966"
0x6464dd204ead251e0d767d60640cafc0c02a06de,No,1745637984,"4,587.64"
0x35a22f96e541f395a319a321f20d739021e7c8c8,No,1745637984,"4,571.482"
0x9eb6d10f75b364662313ee3099173dc3ac4048c9,No,1745637984,"3,490.789"
0x745c611731dabbf4db50707f95d9eb4eb3258877,No,1745637984,"2,559.929"
0x900f2feaf13d922c56fbf8895b510df027d0443a,No,1745637984,"1,912.799"
0x7adba6c27fa12ec222690405a421bca26165d6e3,No,1745637984,"1,884.837"
0xdfd13dcf4f90fa97057a34c512c9517de789c826,No,1745637984,"1,776.375"
0xe082bda07536420401187ba7225ff5f56c30998b,No,1745637984,"1,279.497"
0x95cde8b6ebddf03f5bd4ecc82a74664cd72cd87c,No,1745637984,"1,180.919"
0xbae77c8edbeac89eb1f546d559526716260bf967,No,1745637984,"1,178.926"
0x67ab5b66debc3217105ab356a219137a0bc07d3a,Yes,1745637984,"1,116.708"
0xb16a6a5c75df040bcbd460df835d703659ec1db8,No,1745637984,767.406
0x2a7fc2c27546deaf1723dbc4e30e162941932450,No,1745637984,669.712
0xb4b04564f56f4795ea4e14d566af78da54a99980,No,1745637984,660.187
0x5e7b645d5bf86750cb1913122ba8a8545e2a9fd1,No,1745637984,549.647
0xbac525271fcf4deed00380e70b0c20ff1121d755,No,1745637984,514.331
0xd8ad1fea3fb40671a2ed0fd17f4f196a4be75fb4,No,1745637984,505.829
0xd6a2a456b48836f38ace550c59c421ca24f1681a,No,1745637984,465.817
0x6687c671980e65ebd722b9146fc61e2471558dd6,Yes,1745637984,432.347
0xe1d93f9a4982cf170baddf711ac93a9e10b1ec1e,No,1745637984,424.792
0xfe3e4266c02fe56af770c080010a927da08bbcc2,No,1745637984,417.109
0xdc68e82bf690cc1471aab9c5ccc4726e55a0b554,No,1745637984,412.366
0xec9048b59b3467415b1a38f63416407ea0c70fb8,No,1745637984,369.695
0x45a22924a6353058d383583c940a16e75cda155a,No,1745637984,357.853
0xe18ff9d58b4deb8c17ccba79a87fbed548ab06b3,No,1745637984,348.252
0x16e7bb2706882836bf2da666363460e2a8627d13,No,1745637984,327.331
0x4008f34b31204155ac77fc97c3f458c052672531,No,1745637984,309.393
0xb93f148451568493f531ce4bfb63b222055fad31,No,1745637984,301.832
0x855bc1c5530dda7b2db605e1c5b74222bfaca94f,No,1745637984,244.127
0x983ced6e1d35718122f0b1f9b4eafc04185c1130,No,1745637984,242.695
0x20b69fda9379c8ae82cb78ea71d4d9e740e88196,No,1745637984,225.966
0xa50341f5e72ed061cd0adbd338cbf070dc45784c,No,1745637984,223.744
0x79ef6a46fb8ab365ae15613496ca3e5619edb5ad,No,1745637984,211.638
0x5c16873795d083fab71d4cbf5b073d22cf38f659,Yes,1745637984,208.264
0x95299a38c7ca21b70325979258bd7f40e27f1e2a,No,1745637984,203.405
0x923bfbcf199afcdf2071d60a811132ce4b747984,No,1745637984,199.819
0x439da609d21de59354d64c1cdba2b92812d419bc,No,1745637984,184.916
0x7db90e374edd104077abcbed45d7117f734777a3,No,1745637984,177.729
0x33d10de1e65e6193044e277a77c3fd02d59b1c3f,No,1745637984,161.264
0x42ceec7f37f20f40ef70004ab9699056360a10a9,No,1745637984,154.114
0x494c439ef103f87b4d8f6b475cdbb8d07f940ff0,No,1745637984,150.73
0xefb8e220f012241a00f5dae4a5b2c473a742a63a,No,1745637984,149.127
0xbc9e9f2a49ea0f0619f79c0a0d8b4a19ba79cba7,No,1745637984,149.076
0xd08c3627600c05e979ae936686736e602c8e6bb2,No,1745637984,139.979
0x30b3343638cfef3aea24298eaaef37a6b1656cae,No,1745637984,109.972
0x35d3cbcf2d75c82febfddf69b01d2dd78fd780eb,No,1745637984,107.481
0x9008d19f58aabd9ed0d60971565aa8510560ab41,No,1745637984,81.413
0x56e665674d26a3ec69ea0e27f001d42481f7ff53,No,1745637984,78.171
0x14df3d882312e184951479cf75343732e6dd6129,No,1745637984,65.464
0x447b68dc638a582612b3f1443538211665461949,No,1745637984,47.998
0x187e0966046da5b110fdc986c9b94bd8416837af,No,1745637984,45.254
0x0508ba969c1c58de7c08dc8d87f8dd7b7a89b8e3,No,1745637984,43.392
0x0a2a2e54997f5e32b70b3c294172bec86c747dd7,No,1745637984,41.991
0xafb1dd1b8a68a5b3ec13e88de07ffcf08fc3edc9,No,1745637984,37.4
0x3f5bd70412cccb1516c8970c3e5a5873a45b9934,No,1745637984,29.993
0x60abacfaa6f3bd4072707fce6f4eaaaae414847b,No,1745637984,23.222
0xc58598141a72db365e8ecd4d740a191913551d0f,No,1745637984,22.477
0xab06ff77044db8a5a48f1b49833d87abfaebad09,No,1745637984,21.741
0x97e55df556254ddb9298abb16307c5c378b74cca,No,1745637984,20.99
0x59512422af0709c7cab8285838975cd8d7c7ce7d,No,1745637984,18.359
0x159d726ab894970fb32387ae9cb072111fd4508e,No,1745637984,17.878
0x131cf758d9ef6bca88928442dc715c8fdc113952,No,1745637984,17.788
0x41cd6228341ea33e8d9659f09bf0e5aadc54c5e7,Yes,1745637984,16.954
0x1e3ec1e5cd9c91c32cd676b7026a327298d54d60,No,1745637984,15.645
0x6428178a1324896bd8ea897565d909945da33ee9,No,1745637984,14.254
0xd0363ccd573163df94b754ca00c0aca2bb66b748,No,1745637984,12.796
0xae25817e57d1be8c2c60ba911300f4fc45a9f8cb,No,1745637984,10.924
0x89c4acb8b5b5b8e5b2121934b9e143569a914c80,No,1745637984,10.875
0x5ed3339ab4e90855ddb7f9e2905253e9d2ab59ed,No,1745637984,9.421
0xef4d9e1f4e9e2dd9e747b53f4be3d04bfa935f2d,No,1745637984,8.862
0x59cb7f79e9454298e563bb77a63c3cc0a5f27407,No,1745637984,7.787
0xf28a1ff4cd9b579b55195cb9528ef8f7a8b10a33,No,1745637984,7.462
0x470ba0f3bc80d88d3cd9cfd28dd125da0e545993,No,1745637984,7.387
0x5ae31b437851b57a491603d6c7a845b61c88f1f5,Yes,1745637984,7.34
0x461cbd5765360733a02d4571591d54c8b8a517ea,No,1745637984,7.089
0xf9c729054ed9691884a19334098378b399b469ea,No,1745637984,7.019
0xdbd5e2bf0e87a6361bd0b587cc4c0b3fcf5dc259,No,1745637984,6.716
0xb1998487b4cd187b4c4d1ad81a957ccbc10a0f85,No,1745637984,6.168
0xa999ac5c4a1178b07adf249a7e48d2c7aec19d3d,No,1745637984,6.044
0xde2a93da4b0a34b878e00718f6e079e022f276f1,No,1745637984,6.04
0x29f3c8b6a90f10f96f269495f4af184c0988a594,No,1745637984,5.628
0x111f08c1e58ad604f6fdc5b1d0d3dd9a89d0dc2f,No,1745637984,5.609
0x0c4f8ccbb4cf9c2ee568e33f21c807b1931726e4,No,1745637984,5.224
0x23069f1978fe4d6ec88bf0b84bca2b39d3b285e1,No,1745637984,4.933
0xed6818c68496aff31f6064c880aa235ab99b3acb,No,1745637984,4.831
0x71044ae277bac65c4dfcd598d07a60fc6810fb8e,No,1745637984,4.638
0xca5c758a8b9892a3e1b745f2039efa9491c18f7a,No,1745637984,4.18
0x5bd07249115373c2f069da83592706fac4e70c66,No,1745637984,3.804
0x5d4adb6eca975bab50d2490ccdfe5d9cd1bf4882,No,1745637984,3.733
0x38ef098f74393d219d92c5112055e618c6bde2d7,No,1745637984,3.731
0x5ae5c4bc5033cd7782b061f652bae25b8d790f6c,No,1745637984,3.451
0x3d4cc1cd0db16b612932d23c450894313145d342,No,1745637984,3.182
0x55aae08c2913c4b582f860031e3afdc2ca0ba063,No,1745637984,3.161
0x801c4b062ccb8c7aee03fddfd14e3ff563e0e966,No,1745637984,2.719
0x245bd6b5d8f494df8256ae44737a1e5d59769ab4,No,1745637984,2.708
0x717f0a9ee93fde2ae196b61b51fda5b892c02b3d,No,1745637984,2.529
0x725bcf16bae966975170c4d98e646a518ae071d3,No,1745637984,2.493
0xc9534a59ef121516e5e1aead8d45d151e768e216,No,1745637984,2.444
0xba1333333333a1ba1108e8412f11850a5c319ba9,No,1745637984,2.348
0xd27cd4e2c3f168dbf9b4cfcd82664480973151e9,No,1745637984,2.255
0x6bb0bed604c3c43bb53b9fda53e431c982fc01be,No,1745637984,2.239
0xbd12aa424c207e90b66402c1f0aec357e8b1ded7,No,1745637984,2.228
0x8d831a71dd552ae2657d2c8ee4ceceb86a3dd779,No,1745637984,2.228
0xdfc2ad6492faa517b5572f9fa61716d4f9d121ed,No,1745637984,2.2
0x591f5162547dff90c185271726a5eb540d1395de,No,1745637984,2.11
0xe5c3aabac09838405b82b10b4ddae5a48ae57f9d,No,1745637984,2.101
0x9026a44fb446da394f5810fdb4708a7879cebe34,No,1745637984,2.083
0x96103652ef1d66d7a8f3b66060d126d82a456f47,No,1745637984,2.044
0x1afbcd54aff10fdf0c2e7de4cde86b3e75a3e4e7,No,1745637984,1.952
0x978a89b0178ea8054a99f5bddb0081ea6a3c27c3,No,1745637984,1.922
0xe5d067d8634e109c077192c34c972a10ee6fc731,No,1745637984,1.864
0x9e979ffff022bbbe891fb64c1cfc61e4447d049a,No,1745637984,1.806
0x4518cd6f9cd1085d0cc1eed7c8b3bcd98afafcd9,No,1745637984,1.806
0x28abd3190674dc57e4d3bebeec22f78d121810d5,No,1745637984,1.806
0x1f5fae0615ee87196f229ea19d726d58846bdc0e,No,1745637984,1.806
0x4d6caa3e0983fac7b514d60339ebb538c5a85aae,No,1745637984,1.806
0x25124024390ac79659ed699b087a3e748686df7b,No,1745637984,1.806
0x6fdb1e4206d119555c3ac61ac20c76eb818fa567,No,1745637984,1.806
0xcba986c46f6908be6ee07bf868bb812978c32e08,No,1745637984,1.806
0x9e8b306eea4d50090ac0af1eeac79fcd531eb159,No,1745637984,1.806
0xf94bfbd175219331f9ff323ea703ebd2a05fd33a,No,1745637984,1.806
0x001fe2cdbeeb0743679e958c0861dd8788b28b19,No,1745637984,1.806
0xf035561dce033ded865e15e69db06cffc88d9213,No,1745637984,1.806
0x9d9e26932d012b2ab21b974fe1552f4025b1e1cc,No,1745637984,1.806
0xe5dd78c224f26e306c84a9b1aa2def30bdf15835,No,1745637984,1.806
0x6841ccc2fa23efe3bbe98492f026756479e4a4ec,No,1745637984,1.806
0xd2c04f656448e78b178d6cc3b2ccf91de6ae7f39,No,1745637984,1.806
0x9fbcbfdc3c66562113daba8b501d0d7d55e84688,No,1745637984,1.806
0xf8d97b0de945bb3ec6d634e0fdc48b6a3b9fcb1f,No,1745637984,1.806
0xa63cb29de16607dd5ac18b6cb65bead58d04ac25,No,1745637984,1.806
0x8f8be6f1eac8432e3f0e460402fcb358311a86d4,No,1745637984,1.806
0x68c0dd2b5a5df00bca4f7df8ca9b1425fe817728,No,1745637984,1.806
0x23d2874d56bba76af9866604c76fc5347058aad7,No,1745637984,1.806
0x29397b5b81579504c446e8e86c88196491be5ec5,No,1745637984,1.806
0x8d4d39d2e3104876a0c5fa11efe02597613d2a79,No,1745637984,1.806
0x0eb682c54bb74e0fb37894e4f0b02127e5fb865f,No,1745637984,1.806
0x9ac5f8c48ade024a006206ca5ebd06f275f243ec,No,1745637984,1.806
0x4ca2a670bd5505b870b21331a53d9bb4ae6e2084,No,1745637984,1.806
0x1520ab7dd2ca282fca2810cb7df071c9de3e2f5c,No,1745637984,1.806
0x31287a933b2e153654105013d595dcbd6664fcf9,No,1745637984,1.806
0x7cd192ff8e2e3e5bf8b5e85f858c0f83e22f771d,No,1745637984,1.806
0xd2946cb43fd692f8776be5c91dc523aa3fe69f1d,No,1745637984,1.806
0x56f446074d3dc521786ea456e725775819e260cb,No,1745637984,1.806
0xe6a46ea30a1ef48e8ab2179a203c137702147073,No,1745637984,1.806
0x84d766fb6c86dd8983e5cab3d17e6630c278277e,No,1745637984,1.806
0xe69d81fad86ac5295a1261930c19e7ad009aa52e,No,1745637984,1.806
0xc7b6717c5c30a5645ba308afd2b0df42b850d8e3,No,1745637984,1.806
0xc7baf12d871f26b09dfa61a6e9e3b2eaef7a159a,No,1745637984,1.806
0xe3cd70be09c3a45b73ff5d7cfe37f8b5309ebbdc,No,1745637984,1.806
0x09a2aa22db9f97aabd3da897b156d944c8c50e0f,No,1745637984,1.806
0x75f04fbf12ed979873db692eab1a904abe1e2f32,No,1745637984,1.806
0x409ad638c059375de57d455b78520470ed13f282,No,1745637984,1.806
0x8c0733ba6295af19ae294c19b34e7d163acc7197,No,1745637984,1.806
0x75202586d58c8d2ed726b4abdcda3ecdd91c1e34,No,1745637984,1.806
0x91dc3d24895bb29033cbbf48ed6b5f7b0510d83c,No,1745637984,1.806
0x1d6b8e5fa836c7d5846fb76f188b008c10b67ba5,No,1745637984,1.806
0x5bf79c7bf66a6aa75f4fef4004bc7d527fdf8250,No,1745637984,1.806
0x74aadf1281a7f5546e13f17de5101a310a33bf3f,No,1745637984,1.806
0x683132fe975fac296f21919d625a94a4a86f6fa6,No,1745637984,1.806
0xb7806b30034cc8d13390aa0b713dc0c326cd4358,No,1745637984,1.806
0x31a026bbd8ddc0f95ad827c17c37c0d8fc25d3ff,No,1745637984,1.806
0x4ddcdfbef53747089cab9d775aa461e7a088ff3c,No,1745637984,1.806
0xd50ea36556e1c9abece88a1d9ad5b38261ab515b,No,1745637984,1.806
0x79cda2b2fa8b3c080da06ddce3416b8e4b7c1b14,No,1745637984,1.806
0x0182518980f999ad0c9527d864c15492ab3beeae,No,1745637984,1.806
0x9ac0605353f447a49845365ded45fc57e609a319,No,1745637984,1.806
0xd51aea4a4ba241ded4112c017d73c976a967139f,No,1745637984,1.806
0x3975f79ce2cae19b8d4d5e1f4b134e241bf6f10a,No,1745637984,1.806
0x327c7b1e4bcaa69afa029f042dda3722e3ed74c1,No,1745637984,1.806
0x15923b51ecc5de696d67a85d2a493908c750b237,No,1745637984,1.806
0xaeeb3b86314009f5ee315c49414646a1f5709d1c,No,1745637984,1.806
0x441e1e47a6fa2dbfd3cd9b54291e9ab3a58d7975,No,1745637984,1.806
0x82b1c5ffa4fe976869b4156c90073a8b719d671a,No,1745637984,1.806
0xb9385eb2b944370adcdc22af45ace6140bda6225,No,1745637984,1.806
0x380e7360085407892f33da521dfb01da82b5f2be,No,1745637984,1.806
0x1ce34e220bd710d1a84a135f345b650cc7770e9f,No,1745637984,1.806
0xeaf1eb60c3359b12d501d23a372256846ddbff8d,No,1745637984,1.806
0x68bf9733a1b5688feb430b1d200b2299c74885b1,No,1745637984,1.806
0x9c1a52b599cf652701b41bf137ae022a894b5ea3,No,1745637984,1.806
0xc0dd5675528d8d9f05afe601df6ebda59e2a6733,No,1745637984,1.806
0x41aeb883a0073527e5f5653423cbd59339154a72,No,1745637984,1.806
0x431f2b6e43bed4d845ac5d9b5d030dfc8987691d,No,1745637984,1.806
0x6bc8679c27b49cc4be2c8faf9906bc0465727cf3,No,1745637984,1.806
0x5ac691d7b535cbb755de910123c656ac407f6f29,No,1745637984,1.806
0xf7d7d7dacb1215fba1f6cdd1361092796680cf4f,No,1745637984,1.806
0xa7e93f5a0e718bddc654e525ea668c64fd572882,No,1745637984,1.728
0x9f22ac105351964957b649f562c4a41268965382,No,1745637984,1.724
0xece039bd21e3910187af408909b6529c629ec8e5,No,1745637984,1.516
0x3cbbdc5e6b615eaf094d41fd0f4422c72bcbe8ff,Yes,1745637984,1.492
0x224623eeb6fadb6ff76f5be4b570ee06ee282868,No,1745637984,1.445
0x33a0b5d7da5314594d2c163d448030b9f1cadcb2,No,1745637984,1.122
0x90dafb210c44f4b72e591e7e2f583154290e5d83,No,1745637984,1.113
0xeb77a109a1adb1835f6f52a5da8055448e65b1e5,No,1745637984,1.041
0x51e14dcb7d6ed4d5fcb62143636df837a2437db3,No,1745637984,0.969
0x10c895bf7d9f895cd648448d35f89b23b15dd1a5,No,1745637984,0.941
0xc67cf4e525fffc95833ab315c24d6e00c46db6a1,No,1745637984,0.854
0xd2a6017179968d65ea6efaaea6f19d60e78314af,No,1745637984,0.832
0x04c1d8ca275434bdc1697eda44d1cade92459b34,No,1745637984,0.747
0x9e4439fcf15fae67bd01a590e468912cb70b9c91,No,1745637984,0.723
0x32aaba58de76bdba912fc14fcc11b8aa6227aee9,No,1745637984,0.65
0xb972788fd94972d673eb3af068df1dfe11a2ec37,No,1745637984,0.562
0x2933a9010fa10368113d9e4071ddf8c6adcd81d2,No,1745637984,0.56
0xa7cac6d048d42c48470cb93307e6898356a13320,No,1745637984,0.507
0xa1cb96b8eda740581fd74ca56eb23566738419fb,No,1745637984,0.454
0x85c6737ada32ed46066f45d28a612b7647c66410,Yes,1745637984,0.362
0x7ba8868efcc2f04bf9d1a9445d7843d7ae5dd1b4,No,1745637984,0.361
0x5700f03f87db485fdb90e18b3100f00b235886f1,No,1745637984,0.353
0xc7b072b4368e7a221a2de74dac549edcef34cfa3,No,1745637984,0.349
0xfd1af514b8b2bf00d1999497668bff26ccdf4c8a,Yes,1745637984,0.322
0x206c5915856ef684d9f816f3747224c853933115,No,1745637984,0.318
0x4bb51eb3588358ba59e005b4c5474a2cff7355b7,Yes,1745637984,0.303
0x478189dc3905a08e456c348905c1e5b03de8023d,No,1745637984,0.298
0x911d9369874711363dd5ea1aa7a4d1d089b595a4,No,1745637984,0.276
0x031778c7a1c08787aba7a2e0b5149feb5decabd7,No,1745637984,0.229
0x3666da333dadd05083fef9ff6ddee588d26e4307,No,1745637984,0.217
0xe7f13052fe2ba7d038dac18de5e730542e3979bc,Yes,1745637984,0.203
0x3b33e186573649c9a6c6380f45246c516c150ee1,No,1745637984,0.203
0xb1b5296bcc9f9de90a676d36485cb30ecc46f900,No,1745637984,0.203
0x1a15c730fe686ecf8ba44e3f9b21d5389b55bfbf,No,1745637984,0.203
0xd74f45334c0a754e8d834e1990dab588cdb39140,No,1745637984,0.203
0xcf3c78a77ff01b451a21301a522c48b92a029e70,Yes,1745637984,0.179
0x70b0e653e50eff0109ba6b3b3d4f15453e49d311,No,1745637984,0.174
0x6555032a163641b5f7c9ba32f9543acef7a1559c,No,1745637984,0.145
0x07dd329293000003a159153f6ed12ff7c3a23981,No,1745637984,0.108
0x3a42263bd22fa189072d06169a47ecfce955715f,No,1745637984,0.078
0x541ef672f9d8626090ec6699c2a35f29742152a5,No,1745637984,0.072
0x80ec851fc8fd5502ed4052f60fd9edb59240bc84,No,1745637984,0.066
0x6b5e43cccab7cb3f45200d2a38c47a269dd011a8,No,1745637984,0.058
0x3879e62972ec43713d296cfd5a9751b351269cf1,No,1745637984,0.057
0x409caec195e72ede0b27e4deb55524424c5d54a9,No,1745637984,0.034
0x892bef8fe252b1678cdb581822727c2d4537826b,No,1745637984,0.032
0x8b20880fbc214a5eb74ecee679c8971149a45415,No,1745637984,0.026
0x16e2e9b9e6c097be009c0b10f8e78f4de99461be,No,1745637984,0.024
0xe2a0c03b1e7a698b63c9f7cf7c37eff577e890a7,No,1745637984,0.012
0x1eb7458ae2d2509691de3514870c543bf1ba4813,No,1745637984,0.01
0xcc37ac58c61e76b941ae31beb93f819592139913,No,1745637984,0.01
0x64b1a10f3244a6803ee32902bb3f9d267b6577f7,No,1745637984,0.01
0x969c6ba66e832cdbb56f9bef7d8f4ca98be6c006,No,1745637984,0.01
0xf8fb9316fa63e6401311ad1c861a569087ba3f60,No,1745637984,0.01
0xa147ad7eec422919920835011d47b51088bc606b,No,1745637984,0.009
0x6e5191412f7d8fa741285a2f852aad0e00810140,No,1745637984,0.009
0x4e35004054b9195fab156c1b9307e9b569a5b930,No,1745637984,0.009
0x79889e8cf01f940ac0773acfd019770547e54e20,No,1745637984,0.009
0xe2515fa79dbab71d1b015dc5cea40a4d795be9cb,No,1745637984,0.009
0x8d85878ca04fe8eee31dcbf53a2aed86b379c93a,No,1745637984,0.008
0x4ef83cb2e76f460431921111a166a3acd8af8c06,No,1745637984,0.008
0xa53158c126a6734db171f965d9abf66ce37f02fa,No,1745637984,0.008
0x81399aa9bb16dd069a0ca9f9519d6bcf0ebc9150,No,1745637984,0.008
0xfc91d4275995db19d0bb9017ba667325ecdd8741,No,1745637984,0.007
0x26ad67c86e5693f8033766f589b868d2fe51496d,No,1745637984,0.007
0xb475f0220afbeb603b287867e4429abe81041472,No,1745637984,0.007
0x63e85080e96f90a7d5ed5666985f35b953fe9dcb,No,1745637984,0.006
0xf01afb9d83006ba5a12267ea8595836e086305e9,No,1745637984,0.006
0x4eb299568aefa4de18136f52ba1564a2ccf28158,No,1745637984,0.005
0x862a146180343638f12137084ac2fd7cc7a47224,No,1745637984,0.005
0x1f39522caa631768b73d1ed8c8ca0eca8f543e85,No,1745637984,0.005
0xb2a2ce3d9be9fc12c98fff2a1c358277be66aa66,No,1745637984,0.005
0x0e44ff4b3ddfaa45dba672cadd5db41d080d6c11,No,1745637984,0.005
0x1cca18430fa4ab078b8df5fd2e7a84ffd3858313,No,1745637984,0.005
0x55aa033bcbf561910503609f2a30f0cc6eba11ab,No,1745637984,0.004
0x134e71213b9d480c5df2b0a6916bec0eadcea8e6,No,1745637984,0.004
0x3ae4972c49f2634c3753c186a1b68ed72d404ddf,No,1745637984,0.004
0x217d57904fc911d97fec7d323820bc312fb135d0,No,1745637984,0.004
0xc9fdc4e87eff1a29bccbada939c6aca7590e1660,No,1745637984,0.004
0x9e042629bad86c08bd29b56a53917d1527bb63c9,No,1745637984,0.004
0x8e0b3c2d675013e7ca84dfc044678133a6b7a36c,No,1745637984,0.004
0x278371008525f4b50547166da389b5fdb8ebce8e,No,1745637984,0.004
0x7bc86a45410bd01a9c2c11c2b23b2afb2617f3ff,No,1745637984,0.004
0x83cccdd523e02d44d229b2b2ee59d69d3af03dd8,No,1745637984,0.003
0x2529c8a05fade7763639a46c27b2741ef48c0f6e,No,1745637984,0.003
0x9dadf18c8aec2a80be1473935b5b710b9ac6eaa2,No,1745637984,0.003
0xaa673648a822fcf4b143312b85f773f1d1b9f773,No,1745637984,0.002
0x1404ee36a48b524159412da85e7a7d2a7bcef935,No,1745637984,0.002
0x949fd3a64f44b80bb13db2b6af0fabfcf727d354,No,1745637984,0.002
0x956b2e01e38e6a8db2de1e475f55886d51dc4fdf,No,1745637984,0.001
0x369493e33459d16ed0119526d08152b684e03c63,No,1745637984,0.001
0xe24f35fcc986f94d4cd7c93920a62bafae497db1,No,1745637984,0.001